key	parent_key	code	titulo
100		A	Raw Materials, Chemicals, Paper, Fuel
101		B	Herramientas y equipos industriales
102		C	Suministros y componentes
103		D	Suministros y equipos de construcción, edificaciones y transportes
104		E	Productos farmacéuticos, y suministros y equipos de ensayo, de laboratorio y médicos
105		F	Suministros y equipos de servicios, limpieza y comida
106		G	Suministros y equipos tecnológicos, de comunicaciones y de negocios
107		H	Suministros y equipos de defensa y seguridad
108		I	Suministros y equipos de consumo, domésticos y personales
109		J	Servicios
100001	100	10000000	Material
100002	100001	10100000	Animales vivos
100003	100002	10101500	Ganado vacuno
100004	100003	10101501	Cats
100005	100003	10101502	Dogs
100008	100003	10101506	Horses
100009	100003	10101507	Sheep
100010	100003	10101508	Goats
100011	100003	10101509	Asses
100013	100003	10101511	Swine
100014	100003	10101512	Rabbits
100015	100003	10101513	Guinea pigs
100018	100003	10101516	Cattle
100019	100002	10101600	Pájaros y aves de corral
100020	100019	10101601	Live chickens
100021	100019	10101602	Live ducks
100022	100019	10101603	Live turkeys
100023	100019	10101604	Live geese
100024	100019	10101605	Live pheasants
100025	100002	10101700	Peces
100026	100025	10101701	Live salmon
100029	100002	10101800	Marisco e invertebrados acuáticos
100030	100029	10101801	Live shrimp
100038	100002	10101900	Insectos
100041	100038	10101903	Bees
100042	100038	10101904	Silkworms
100043	100001	10120000	Pienso para animales
100044	100043	10121500	Livestock feed
100045	100044	10121501	Pure wheat bran
100050	100043	10121600	Bird and fowl food
100051	100050	10121601	Live food for birds
100053	100043	10121700	Alimento para peces
100054	100053	10121701	Fresh or frozen brine
100057	100043	10121800	Dog and cat food
100058	100057	10121801	Dry food for dogs
100066	117163	10131600	Animal containment
100067	117163	10131500	Animal shelters
100068	100066	10131601	Cages or its accessories
100069	107461	10131701	Terrariums
100071	100066	10131602	Kennels
100073	100001	10140000	Artículos de talabartería y arreos
100074	100073	10141500	Saddlery
100075	100074	10141501	Saddles
100084	100001	10150000	Semillas
100085	100084	10151500	Semillas y plántulas vegetales
100086	184322	10152301	Semillas o plántulas de judía
100087	184323	10152404	Semillas o plántulas de zanahoria
100088	100085	10151503	Semillas o plántulas de apio
100089	100085	10151504	Semillas o plántulas de chile
100090	100085	10151505	Semillas o plántulas de calabacín
100091	100085	10151506	Semillas o plántulas de guisante
100092	100085	10151507	Semillas o plántulas de pepino
100093	100085	10151508	Semillas o plántulas de berenjena
100094	100085	10151509	Semillas o plántulas de endibia
100095	100085	10151510	Semillas o plántulas de ajo
100096	100085	10151511	Semillas o plántulas de puerro
100097	100085	10151512	Semillas o plántulas de lechuga
100098	100085	10151513	Semillas o plántulas de maíz
100099	100085	10151514	Semillas o plántulas de melón
100100	100085	10151515	Semillas o plántulas de cebolla
100101	184322	10152302	Semillas o plántulas de soja
100102	100085	10151517	Semillas o plántulas de espinaca
100103	100085	10151518	Semillas o plántulas de tomate
100104	184323	10152402	Semillas o plántulas de nabo
100105	100085	10151520	Semillas o plántulas de acelga
100106	100084	10151600	Semillas de cereales
100107	100106	10151601	Semillas de trigo
100108	100106	10151602	Semillas de colza
100109	100106	10151603	Semillas de cebada
100110	100106	10151604	Semillas de mijo
100111	100106	10151605	Semillas de avena
100112	100106	10151606	Semillas de sésamo
100113	100106	10151607	Semillas de lino
100114	100106	10151608	Semillas de aceite de ricino
100115	100106	10151609	Semillas de maíz
100116	100106	10151610	Semillas de centeno
100117	100106	10151611	Semillas de sorgo
100118	100084	10151700	Semillas y plántulas de hierba y forraje
100119	100106	10151614	Semillas o plántulas de arroz
100123	100084	10151800	Semillas y plántulas de especias
100134	100084	10151900	Semillas
100138	100084	10152000	Semillas y esquejes de árboles y arbustos
100139	100138	10152001	Fruit tree seeds or cuttings
100141	100138	10152003	Nut tree seeds or cuttings
100142	100001	10160000	Productos de floricultura y silvicultura
100143	100142	10161500	Árboles y arbustos
100168	100001	10170000	Abonos
100169	100168	10171500	Abonos orgánicos y nutrientes para plantas
100170	100169	10171501	Manure or guano
100171	100169	10171502	Plant hormones
100173	100168	10171600	Abonos químicos y nutrientes para plantas
100174	100173	10171601	Ammonium nitrate fertilizer
100175	100173	10171602	Potassic fertilizer
100176	100173	10171603	Phosphatic fertilizer
100177	100173	10171604	Sulphuric fertilizer
100178	100173	10171605	Nitrogen Phosphorous Potassium Mixtures NPK
100179	100001	10190000	Productos para el control de plagas y malas hierbas
100180	100179	10191500	Pesticidas o repelentes de plagas
100181	100180	10191509	Insecticidas
100183	100180	10191506	Roedoricidas
100188	100179	10191700	Dispositivos para control de plagas
100189	100	11000000	Materiales de Minerales y Tejidos y de Plantas y Animales no Comestibles
100190	100189	11100000	Minerales
100191	100190	11101500	Minerales
100192	100191	11101501	Mica
100197	100191	11101506	Chalk
100212	100190	11101600	Minerales metálicos
100231	100190	11101700	Metales de Base
100247	100190	11101800	Metales preciosos
100251	100189	11110000	Tierra y piedra
100252	100251	11111500	Barro y Tierra
100253	100252	11111501	Soil
100256	100251	11111600	Piedra
100257	100256	11111601	Gypsum
100258	100256	11111602	Travertine
100259	100256	11111603	Ecaussine or alabaster
100260	100256	11111604	Granite
100261	100256	11111605	Marble
100262	100256	11111606	Slate
100263	100256	11111607	Sandstone
100264	100256	11111608	Limestone
100265	100251	11111700	Arena
100266	100265	11111701	Arena silícea
100267	100251	11111800	Arcillas
100268	100267	11111801	Terra cotta
100269	100267	11111802	Fireclay
100270	100267	11111803	Kaolin or other kaolinic clays
100271	100267	11111804	Bentonite
100272	100267	11111805	Andalusite
100273	100267	11111806	Mullite
100274	100267	11111807	Chamotte
100275	100267	11111808	Common clay
100276	100267	11111809	Ball clay
100277	100267	11111810	Fullers earth
100278	100189	11120000	Productos no comestibles de planta y silvicultura
100279	100278	11121500	Savia
100281	100279	11121502	Rosin
100282	100278	11121600	Madera
100283	100282	11121603	Troncos
100284	100282	11121604	Madera de coníferas
100285	100282	11121605	Junco de Indias
100286	100282	11121606	Corcho
100287	100282	11121607	Pulpa de madera
100288	100282	11121608	Bambú
100289	100278	11121700	Productos secundarios de la explotación forestal
100298	100278	11121800	Fibras de plantas
100307	100189	11130000	Productos animales no comestibles
100308	100307	11131500	Cuero
100309	100308	11131501	Feathers
100316	100307	11131600	Otros productos de animales
100318	100316	11131602	Semen
100323	100316	11131607	Embryos
100324	100189	11140000	Chatarra y materiales de desecho
100329	100324	11141600	Desechos no metálicos y chatarra
100338	100324	11141700	Desperdicios o restos de alimentos y tabaco
100341	100189	11150000	Fibra
100342	100341	11151500	Fibras
100353	100341	11151600	Hebras
100363	100341	11151700	Hilos
100370	100189	11160000	Tejidos y materiales de cuero
100371	100370	11161500	Tejidos de seda
100376	100370	11161600	Tejidos de lana
100380	100370	11161700	Tejidos de algodón
100386	100370	11161800	Tejidos sintéticos
100398	100370	11162000	Tejidos de materiales vegetales no de algodón
100401	100370	11162100	Tejidos o telas especiales
100402	100401	11162101	Tela o tejido de estopilla
100403	100401	11162102	Tejido o tela de bízmale mida
100405	100401	11162104	Tejido o tela de grafito
100406	100401	11162105	Tejido o tela de vidrio
100408	100401	11162107	Tejido o tela impregnado de resina
100409	100401	11162108	Tejido o tela de malla metálica
100410	100401	11162109	Encaje
100411	100401	11162110	Tul
100412	100401	11162111	Malla
100413	100401	11162112	Tejidos revestidos
100414	100401	11162113	Tejidos para tapicerías
100415	100	12000000	Productos químicos incluyendo los bio-químicos y gases industriales
100514	110290	12141800	Metales álcalis
100588	110619	12142201	Solventes deuteratados
100589	110619	12142202	Agua pesada
100590	110619	12142203	Fuentes alfa
100591	110619	12142204	Fuentes beta
100592	110619	12142205	Fuentes de cobalto
100593	110619	12142206	Fuentes de gama
100595	110619	12142207	Fuentes de radioisótopos
100596	110619	12142208	Fuentes de calibración
100621	100415	12130000	Materiales explosivos
100622	100621	12131500	Explosivos
100623	100622	12131501	Dinamita
100624	100622	12131502	Cartuchos explosivos
100625	100622	12131503	Explosivos propulsores
100626	100622	12131504	Cargas explosivas
100627	100622	12131505	Explosivos plásticos
100628	100622	12131506	Explosivos aluminados
100629	100622	12131507	Explosivos de nitrato de amonio
100630	100622	12131508	Explosivos en polvo de nitroglicerina
100631	100621	12131600	Pirotecnia
100637	100621	12131700	Encendedores
100639	100637	12131702	Detonadores
100640	100637	12131703	Fusibles para explosivos
100641	100637	12131704	Explosive initiators
100642	100637	12131705	Explosive primers
100643	100621	12131800	Propulsores
100650	100	13000000	Resina y Colofonia y Caucho y Espuma y Película y Materiales Elastoméricos
100651	100650	13100000	Caucho y elastómeros
100652	100651	13101500	Caucho natural
100657	100651	13101600	Caucho procesado y sintético
100664	100651	13101700	Elastómeros
100690	100651	13101900	Plásticos termo estables
100697	100651	13102000	Plásticos termoplásticos
100729	117189	13111000	Resinas
100747	117188	13111202	Películas de poliuretano
100748	100	14000000	Materiales y Productos de Papel
100749	100748	14100000	Materiales de papel
100750	100749	14101500	Raw materials
100751	100750	14101501	Paper pulp
100752	100748	14120000	Papel para uso industrial
100754	100752	14121500	Cartón y papel para embalaje
100755	107497	14121901	Standard newsprint
100756	107492	14121807	Butcher papers
100757	100748	14110000	Productos de papel
100758	100757	14111500	Papel de imprenta y papel de escribir
100759	100758	14111501	Onion skin paper
100760	100758	14111502	Papel vitela
100761	100758	14111503	Papel pergamino
100762	100758	14111504	Papel para alimentar el tractor
100763	100758	14111505	Mimeograph paper
100764	100758	14111506	Computer printout paper
100765	100758	14111507	Papel para fotocopiadora o impresora
100766	100758	14111508	Facsimile paper
100767	100758	14111509	Artículos de papelería
100768	100758	14111510	Plotter paper
100769	100758	14111511	Papel de escribir
100770	100758	14111512	Papel cuadriculado
100771	100758	14111513	Papel de cuentas
100772	100758	14111514	Bloques para mensajes
100773	100758	14111515	Papel para calculadoras o cajas registradoras
100774	100758	14111516	Papel de recambio para cuadernos
100775	133347	14111806	Business forms or questionnaires
100776	100757	14111600	Papel fantasía
100777	100776	14111601	Gift wrapping paper or bags or boxes
100780	100776	14111604	Business cards
100781	100776	14111605	Greeting or note or post cards
100782	100757	14111700	Productos de papel para uso personal
100783	100782	14111701	Papel facial
100784	100782	14111702	Cubiertas para asientos de inodoro
100785	100782	14111703	Toallas de papel
100786	100782	14111704	Papel higiénico
100787	100	15000000	Combustibles
100788	100787	15100000	Combustibles
100789	100788	15101500	Petróleo y Destilados
100790	100788	15101700	Gasoil
100791	100789	15101502	Queroseno
100792	100789	15101503	Nafta
100793	100789	15101504	Combustible de aviación
100794	100789	15101505	Diesel
100795	100789	15101506	Gasolina
100796	100789	15101507	Benceno
100797	100789	15101508	Petróleo crudo
100798	100789	15101509	Combustible para barcos
100799	100788	15101600	Combustibles sólidos o gelificados
100803	100787	15110000	Combustibles gaseosos y aditivos
100804	100803	15111500	Combustibles gaseosos
100805	100804	15111501	Propano
100806	100804	15111502	Metano
100807	100804	15111503	Propileno
100808	100804	15111504	Etileno
100809	100804	15111505	Butano
100814	100787	15120000	Lubricantes
100815	100814	15121500	Preparados lubricantes
100816	100815	15121501	Engine oil
100819	100815	15121504	Hydraulic oil
100823	100815	15121508	Transmission oil
100825	110513	12181500	Ceras
100831	100814	15121800	Anticorrosivos
100836	100787	15130000	Combustible para reactores nucleares
100837	100836	15131500	Combustible nuclear
100838	107504	15131601	Inyector unitario de alimentación nuclear
100839	100837	15131502	Uranio empobrecido
100840	100837	15131503	Uranio enriquecido
100841	100837	15131504	Iridio
100842	100837	15131505	Plutonio enriquecido
100843	100837	15131506	Plutonio empobrecido
100844	101	20000000	Maquinaria de minería y perforación de pozos y accesorios
100845	100844	20100000	Maquinaria y equipo de minería y explotación de canteras
100846	100845	20101500	Equipo de corte
100847	100846	20101501	Continuous mining equipment
100848	100846	20101502	Longwall shears
100851	100845	20101600	Cribas y equipos de alimentación
100854	100845	20101700	Trituradoras
100863	100854	20101709	Ball mills
100867	100844	20110000	Equipo de perforación y explotación de pozos
100868	100867	20111500	Equipo de prospección y perforación
100872	100868	20111504	Equipo de perforación de pozos de agua
100873	100868	20111505	Equipo de prospección de uranio
100877	100867	20111600	Maquinaria de perforación y explotación
100882	100845	20102100	Barrenas de rocas
100896	100867	20111700	Accesorios de perforación y explotación
100901	101	21000000	Maquinaria y Accesorios para Agricultura
100902	100901	21100000	Maquinaria y equipo para agricultura
100903	100902	21101500	Maquinaria agrícola para preparación del suelo
100904	100903	21101501	Ploughs
100905	100903	21101502	Harrows
100906	100903	21101503	Cultivators
100907	100903	21101504	Weeders
100908	100903	21101505	Hoeing machines
100909	100903	21101506	Graders or land levelers
100910	100903	21101507	Agricultural rollers
100911	100903	21101508	Rollers for lawn or sports grounds
100912	100903	21101509	Trencher drainage machine
100914	184366	21102501	Irrigation trickles
100915	184366	21102502	Irrigation overheads
100918	100902	21101600	Maquinaria agrícola para siembra y semillación
100919	100918	21101601	Planters
100925	100902	21101700	Maquinaria agrícola para cosechar
100926	100925	21101701	Mowers
100928	100925	21101703	Harvesters
100930	100925	21101705	Threshing machines
100931	100902	21101800	Aparatos esparcidores o aspersores para agricultura
100932	100931	21101801	Aspersores
100933	100931	21101802	Dusters
100934	100931	21101803	Aspersores de agua
100935	100931	21101804	Difusores o distribuidores de abono
100936	100931	21101805	Generadores de niebla o neblina
100937	100931	21101806	Compostadores
100938	100931	21101807	Equipo y suministros para polinización
100939	100931	21101808	Equipo para protección contra escarcha
100940	100902	21101900	Equipo para aves de corral y ganado
100941	100940	21101901	Milking machines
100943	100940	21101903	Incubators or brooders for poultry
100945	100940	21101905	Livestock identification equipment
100946	100940	21101906	Egg inspection or collecting equipment
100949	100902	21102000	Maquinaria agrícola para limpieza
100950	100949	21102001	Cleaning machines for seed or grain or dried leguminous vegetables
100951	100949	21102002	Sorting machines for seed or grain or dried leguminous vegetables
100956	100902	21102100	Maquinaria y equipo para transformación agrícola
100958	100902	21102200	Maquinaria y equipo para silvicultura
100966	100902	21102300	Equipo para invernadero
100971	100902	21102400	Equipo para insectos
100972	100971	21102401	Beekeeping equipment
100976	100901	21110000	Equipo de pesca y acuicultura
100977	100976	21111500	Equipo de pesca comercial
100978	100977	21111501	Commercial fish hooks
100981	100977	21111504	Commercial fishing nets
100985	100976	21111600	Equipo para acuicultura
100988	103	22000000	Maquinaria y Accesorios para Construcción y Edificación
100989	100988	22100000	Maquinaria y equipo pesado de construcción
100990	100989	22101500	Maquinaria para trabajo de desmonte
100991	100990	22101501	Cargadoras de entrada
100992	100990	22101502	Niveladoras
100994	100990	22101504	Martinetes
100995	100990	22101505	Apisonadoras
100997	100990	22101507	Apisonadoras
100998	100990	22101508	Máquinas abrezanjas
100999	100990	22101509	Retroexcavadoras
101001	100990	22101511	Apisonadoras
101003	100990	22101513	Excavadoras de cuchara de arrastre
101004	100990	22101514	Dragas
101006	100990	22101516	Excavadoras para fosos
101008	100989	22101600	Equipo de pavimentación
101015	100989	22101700	Componentes de equipo pesado
101020	101	23000000	Maquinaria y Accesorios de Fabricación y Transformación Industrial
101021	101020	23100000	Maquinaria para la transformación de materias primas
101022	101021	23101500	Maquinaria para trabajar madera
101023	101022	23101501	Coping machines
101035	101022	23101513	Milling machines
101038	101020	23110000	Maquinaria para transformación de petróleo
101054	101020	23120000	Maquinaria y accesorios de textiles y tejidos
101055	101054	23121500	Maquinaria y accesorios para transformados textiles
101056	101055	23121501	Embroidery making machines
101066	101054	23121600	Maquinaria
101080	101066	23121614	Sewing machines
101082	101020	23130000	Maquinaria y equipos lapidarios
101083	101082	23131500	Equipo y suministros de trituración
101084	101083	23131501	Abrasive compounds
101086	101083	23131503	Grinding wheels
101096	101082	23131600	Equipo y accesorios de facetaje
101101	101082	23131700	Equipo del cabbing
101106	101020	23140000	Maquinaria de reparación y accesorios para trabajar cuero
101109	101106	23141600	Maquinaria y accesorios para el preparado del cuero
101110	101109	23141601	Leather fleshing machines
101115	101106	23141700	Maquinaria y accesorios para trabajar y reparar cuero
101120	101020	23150000	Maquinaria
101121	101120	23151500	Maquinaria
101131	101120	23151600	Maquinaria
101140	101120	23151700	Maquinaria
101146	101120	23151800	Maquinaria
101162	101120	23151900	Paper making and paper processing machinery and equipment and supplies
101169	101020	23160000	Máquinas
101170	101169	23161500	Máquinas y equipo de fundición
101171	101170	23161501	Foundry blowers
101186	101169	23161600	Suministros de fundición
101208	144683	23271812	Welding rod
101238	101020	23180000	Equipo industrial para alimentos y bebidas
101239	101238	23181500	Maquinaria para la elaboración de alimentos
101240	101239	23181501	Filling machinery
101241	101239	23181502	Milling machinery
101246	101239	23181507	Crushing machinery
101249	101238	23181600	Maquinaria para corte de alimentos
101250	101249	23181601	Dicing machinery
101256	101238	23181700	Maquinaria para cocinar o ahumar alimentos
101261	101238	23181800	Maquinaria industrial para elaboración de bebidas
101264	101	24000000	Maquinaria
101265	101264	24100000	Maquinaria y equipo para manejo de materiales
101266	101265	24101500	Camiones industriales
101267	101266	24101501	Carretillas
101268	101266	24101502	Vehículos de transporte a granel
101269	101266	24101503	Carretillas
101270	101266	24101504	Carretones de mano
101271	101266	24101505	Carretilla hidráulica
101272	101266	24101506	Carretillas de mano
101273	101266	24101507	Carretillas
101274	101265	24101600	Equipo de elevación y accesorios
101275	101274	24101601	Ascensores
101276	101274	24101602	Montacargas
101277	101274	24101603	Horquillas elevadoras
101278	101274	24101604	Elevadores
101279	101274	24101605	Equipo de carga
101280	101274	24101606	Apiladoras
101282	101274	24101608	Guinches
101283	101265	24101700	Transportadores y accesorios
101289	101283	24101706	Trolleys or accessories
101296	101265	24101800	Equipo para muelles
101305	101265	24101900	Equipo para manejo de bidones
101310	101265	24102000	Disposición en estantes y almacenamiento
101313	101323	24112700	Pallets
101316	101265	24102100	Equipo y suministros para almacenaje
101317	101316	24102101	Equipo para manejo de carga
101318	101316	24102102	Carrusel para almacenaje
101319	101316	24102103	Máquinas de hacer envases para almacenes
101320	101316	24102104	Desembandejadoras
101321	101316	24102105	Embandejadoras
101322	101316	24102106	Equipo para envasado con película retráctil industrial
101323	101264	24110000	Recipientes y almacenamiento
101324	101323	24111500	Bolsas
101325	101324	24111501	Canvas bags
101326	101324	24111502	Paper bags
101327	101324	24111503	Plastic bags
101334	101323	24112500	Cartón ondulado y otros materiales para distribución
101342	101323	24111800	Tanques y cilindros y sus accesorios
101343	101342	24111801	Depósitos
101344	101342	24111802	Tanques o botellas de aire o gas
101345	101342	24111803	Tanques de almacenamiento
101346	101342	24111804	Tanques de calibración
101347	101342	24111805	Depósitos de productos químicos
101348	101342	24111806	Tanques de inmersión
101349	101342	24111807	Tanques de expansión
101350	101342	24111808	Tanques de almacenaje de combustible
101351	101342	24111809	Tanques de transformación
101352	101342	24111810	Tanques de almacenamiento de agua
101355	101323	24112000	Arcones y cestas
101358	101323	24112100	Toneles
101359	101358	24112101	Casks
101366	101323	24112200	Latas y cubos
101370	101377	24122000	Botellas
101372	101370	24122002	Plastic bottles
101373	101370	24122003	Glass bottles
101374	101323	24112400	Cofres
101375	101374	24112401	Tool chest or cabinet
101376	101374	24112402	Armarios para materiales peligrosos
101377	101264	24120000	Materiales de envasado
101378	101377	24121500	Cajas
101380	101378	24121502	Packaging pouches or bags
101383	107523	24141501	Stretch wrap films
101386	107522	24141600	Suministros de acolchados
101394	101377	24121800	Latas para envasado
101404	101264	24130000	Refrigeración industrial
101405	101404	24131500	Refrigeradores industriales
101406	101405	24131501	Combined refrigerator freezers
101407	101405	24131502	Liquid nitrogen refrigerators
101408	101405	24131503	Walk in refrigerators
101409	101405	24131504	Refrigerated containers
101410	101405	24131505	Refrigerated vessels
101411	101405	24131506	Refrigerated tanks
101412	101404	24131600	Congeladores industriales
101413	101412	24131601	Chest freezers
101414	101412	24131602	Upright cabinet freezer
101415	101412	24131603	Low temperature freezers
101416	101412	24131604	Freeze drying equipment
101417	101412	24131605	Walk in freezers
101425	101404	24131900	Máquinas de hacer el hielo
101428	103	25000000	Vehículos Comerciales
101429	101428	25100000	Vehículos de motor
101430	101429	25101500	Turismos
101431	101430	25101501	Minibuses
101432	101430	25101502	Autobuses
101433	101430	25101503	Automóviles
101434	101430	25101504	Rancheras
101435	101430	25101505	Mini-furgonetas o furgonetas
101436	101430	25101506	Limosinas
101437	101430	25101507	Camiones ligeros o vehículos de deporte de utilidad
101438	101429	25101600	Vehículos de transporte de productos y materiales
101439	101438	25101601	Camiones volquete
101440	101438	25101602	Camiones de remolque
101442	101438	25101604	Camiones de reparto
101447	101438	25101609	Camiones de manipulación de cieno y aguas residuales
101448	101429	25101700	Vehículos de protección y salvamento
101450	101448	25101702	Vehículos de policía
101451	101448	25101703	Ambulancias
101452	101429	25101800	Bicicletas de motor
101453	101452	25101801	Motocicletas
101454	101452	25101802	Escuters o motos pequeñas
101455	101452	25101803	Velomotores
101456	101429	25101900	Vehículos especializados o de recreo
101457	101456	25101901	Tractores agrícolas
101458	101456	25101902	Casas motorizadas
101459	101456	25101903	Trineos motorizados o motos de nieve
101460	101456	25101904	Coches de golf
101461	101429	25102000	Vehículos de guerra
101462	101461	25102001	Tanques
101463	101461	25102002	Carros de combate acorazados
101464	101461	25102003	Artillería motorizada
101465	101428	25110000	Transporte marítimo
101466	101465	25111500	Embarcaciones marítimas comerciales
101467	101466	25111501	Trawlers
101468	101466	25111502	Pesqueros
101469	101466	25111503	Buques de carga o de contenedores
101470	101466	25111504	Dredging craft
101471	101466	25111505	Tankers
101472	101466	25111506	Tug boats
101473	101466	25111507	Lanchas
101474	101466	25111508	Transbordadores de pasajeros o vehículos
101475	101466	25111509	Cruise ships
101476	101466	25111510	Buques de salvamento
101477	101465	25111600	Embarcaciones de seguridad y salvamento
101478	101477	25111601	Botes y balsas salvavidas
101479	101477	25111602	Embarcaciones para extinción de incendios
101480	101477	25111603	Buques y embarcaciones de salvamento
101481	101465	25111700	Embarcaciones militares
101503	101465	25111800	Embarcaciones de recreo
101504	101503	25111801	Recreational sailboats
101505	101503	25111802	Recreational motorboats
101506	101503	25111803	Recreational rowboats
101507	101503	25111804	Canoes or kayaks
101508	101503	25111805	Personal motorized watercraft
101509	101503	25111806	Rafts
101510	101428	25120000	Maquinaria y equipo para ferrocarril y tranvías
101511	101510	25121500	Locomotives and electric trolleys
101512	101511	25121501	Diesel freight locomotives
101525	101428	25130000	Aeronaves
101526	101525	25131500	Aeronave de alas fijas motorizada
101530	101526	25131504	Avión de hélices de viajeros comercial
101531	101526	25131505	Aeronave a reacción de carga
101532	101526	25131506	Aviones comerciales a reacción de viajeros
101533	101526	25131507	Avión de hélices privado o de negocios
101534	101526	25131508	Avión a reacción privado o de negocios
101535	101525	25131600	Aeronave de alas giratorias civil y comercial
101536	101535	25131601	Helicópteros para el transporte de viajeros
101537	101535	25131602	Helicópteros para el transporte de cargo
101539	101535	25131604	Helicópteros médicos o de rescate
101540	101525	25131700	Aeronave de ala fija militar
101545	101540	25131705	Target or reconnaissance drones
101547	101540	25131707	Reconnaissance or surveillance aircraft
101549	101540	25131709	Avión de transporte militar
101550	101525	25131800	Specialty aircraft
101552	101525	25131900	Military rotary wing aircraft
101553	101552	25131902	Military transport helicopters
101600	110726	25201702	Flight data recorders
101606	110726	25201701	Aircraft communication systems
101611	110734	25201901	Aircraft fire control or extinguishing systems
101616	110733	25201801	Flight computer systems
101617	107553	25191500	Sistemas y equipo de apoyo para transporte aéreo
101618	101617	25191501	Ground support training systems
101619	101617	25191502	Ground support test or maintenance systems
101620	101617	25191503	Integrated maintenance information systems
101622	101617	25191504	Aircraft flight simulators or trainers
101623	101617	25191505	Aircraft cargo handling equipment
101624	101617	25191506	Aircraft refueling equipment
101625	101617	25191507	Aircraft deicing equipment
101626	101617	25191508	Jetways
101627	101617	25191509	Aircraft pushback or tow tractors
101628	101617	25191510	Ground power units for aircraft
101629	101617	25191511	Lavatory service equipment for aircraft
101630	101617	25191512	Airstairs or stair trucks
101631	101428	25150000	Cosmonaves
101645	101631	25151700	Satellites
101646	101645	25151701	Communication satellites
101655	101428	25160000	Bicicletas no motorizadas
101656	101655	25161500	Vehículos a pedal
101661	101656	25161505	Bicicletas de montaña
101662	101656	25161506	Bicicletas de carreras
101663	101656	25161507	Bicicletas
101666	101428	25170000	Componentes y sistemas de transporte
101667	101666	25171500	Limpiaparabrisas
101672	101666	25171600	Sistemas de descarchado y antiniebla
101676	101666	25171700	Sistemas de frenado y componentes
101678	101676	25171702	Automotive braking systems
101680	107544	25181600	Chasis para automoción
101681	101680	25181601	Automobile chassis
101684	101666	25171900	Ruedas y acabados
101685	101684	25171901	Automobile rims or wheels
101689	101666	25172000	Componentes de sistema de suspensión
101695	101666	25172100	Componentes y sistemas de seguridad de vehículo
101697	110747	25202301	Aircraft lapbelts
101700	101666	25172200	Puertas para vehículos
101705	101666	25172300	Ventanas y parabrisas para vehículos
101710	101666	25172400	Depósitos y sistemas de combustible
101714	101666	25172500	Neumáticos y cámaras de neumáticos
101716	101714	25172502	Automobile tire tubes
101717	101714	25172503	Heavy truck tires
101718	101714	25172504	Automobile or light truck tires
101719	101666	25172600	Acabados y revestimientos exterior para vehículos
101722	101666	25172700	Sistemas de control medioambiental
101726	101666	25172800	Sistemas y componentes hidráulicos
101730	101666	25172900	Iluminación exterior para vehículos
101735	101666	25173000	Iluminación interior para vehículos
101741	101	26000000	Maquinaria y Accesorios para Generación y Distribución de Energía
101742	101741	26100000	Fuentes de energía
101743	101742	26101500	Motores
101744	101743	26101501	Motores hidráulicos
101745	101743	26101502	Motores neumáticos
101746	101743	26101503	Motores de gas
101747	101743	26101504	Motores diesel
101748	101743	26101505	Máquinas de vapor de agua
101749	101743	26101506	Motores de turbina
101750	101743	26101507	Motores de turbina de combustión con hélice entubada
101751	101743	26101508	Motores térmicos
101752	101743	26101509	Motores hidroeléctricos
101754	101743	26101511	Motores de turbina hidráulica
101755	101742	26101300	Non electric motors
101757	101742	26101100	Electric alternating current AC motors
101758	101742	26101200	Electric direct current DC motors
101768	101741	26110000	Transmisión de baterías
101769	101768	26111500	Transmisión de energía cinética
101776	101768	26111900	Embragues
101783	101768	26111600	Grupos electrógenos
101784	101783	26111601	Generadores diesel
101785	101783	26111602	Generadores hidroeléctricos
101786	101783	26111603	Aerogeneradores
101787	101783	26111604	Generadores de gas
101788	101783	26111605	Generadores térmicos
101789	101783	26111606	Generadores hidráulicos
101790	101783	26111607	Generadores solares
101791	101768	26111700	Baterías
101792	101791	26111701	Baterías recargables
101793	101791	26111702	Pilas alcalinas
101794	101791	26111703	Baterías para vehículos
101795	101791	26111704	Cargadores de baterías
101796	101791	26111705	Pilas secas
101797	101791	26111706	Pilas electrónicas
101798	101791	26111707	Baterías de plomo-ácido
101799	101791	26111708	Baterías de ferroníquel
101800	101791	26111709	Nickel cadmium batteries
101801	101791	26111710	Product specific battery packs
101802	101791	26111711	Lithium batteries
101803	101741	26120000	Alambres
101804	101803	26121500	Alambre eléctrico
101820	101842	26121609	Network cable
101842	101803	26121600	Cables eléctricos y accesorios
101843	101803	26121700	Cableado preformado
101844	101741	26130000	Generación de energía
101845	101844	26131500	Centrales eléctricas
101846	101845	26131501	Centrales eléctricas de diesel
101847	101845	26131502	Centrales eléctricas geotérmicas
101848	101845	26131503	Centrales hidroeléctricas
101849	101845	26131504	Centrales de gas
101850	101845	26131505	Centrales propulsora marina
101851	101845	26131506	Centrales de energía petrolífera
101852	101845	26131507	Centrales elioeléctricas
101853	101845	26131508	Centrales termoeléctricas
101854	101845	26131509	Central energética eólica
101855	101845	26131510	Central térmica
101856	101741	26140000	Maquinaria y equipo para energía atómica o nuclear
101883	101856	26141600	Equipo para conjunto subcrítico
101887	101856	26141700	Equipo para dosimetría
101892	101856	26141800	Aparatos para recintos radiactivos
101903	101856	26141900	Instrumentos nucleónicos industriales
101914	101856	26142000	Equipo de irradiación
101922	101856	26142100	Equipos para reactores nucleares
101944	101856	26142200	Equipo para combustible nuclear
101947	101856	26142300	Equipos protectores contra la radiación
101949	101947	26142302	Lead screens
101960	101856	26142400	Equipo para residuos radiactivos
101967	101960	26142407	Radioactive waste disposal systems
101969	101	27000000	Herramientas y Maquinaria en General
101971	101969	27110000	Herramientas de mano
101983	107569	27111701	Screwdrivers
101985	107575	27111801	Tape measures
101990	107569	27111704	Sockets
102004	107562	27111509	Augers
102012	107562	27111504	Pocket knives
102015	107585	27112004	Shovels
102028	101971	27112700	Herramientas mecánicas
102040	102028	27112712	Power trimmers
102043	101971	27112800	Conexiones de herramientas
102047	102	30000000	Componentes y Suministros de Fabricación
102048	102047	30100000	Materiales estructurales: formas básicas
102049	102048	30101500	Ángulos
102084	102048	30101700	Vigas
102103	102048	30101800	Conductos
102139	102048	30102000	Hoja
102155	103484	40170000	Pipe piping and pipe fittings
102173	102048	30102200	Plancha
102193	102048	30102300	Perfiles
102199	102193	30102306	Aluminum profiles
102210	102048	30102400	Varillas
102286	102048	30102800	Pilotaje
102290	102048	30102900	Pilares
102297	102048	30103100	Carriles
102301	102048	30103200	Enrejado
102335	102048	30103500	Alma de panal
102351	102048	30103600	Productos estructurales
102359	102047	30110000	Hormigón
102360	102359	30111500	Hormigón y morteros
102361	102360	30111501	Foamed concrete
102362	102360	30111502	Conductive concrete
102363	102360	30111503	Insulating concrete
102364	102360	30111504	Mortars
102365	102359	30111600	Cemento y cal
102366	102365	30111601	Cement
102367	102365	30111602	Chlorinated lime
102368	102365	30111603	Hydraulic lime
102369	102365	30111604	Hydrated lime
102370	102365	30111605	Lean lime
102371	102359	30111700	Yesos
102372	102371	30111701	Gypsum plaster
102373	102047	30120000	Carreteras y paisaje
102374	102373	30121500	Derivados bituminosos
102378	102373	30121600	Asfaltos
102379	102378	30121601	Asphalt
102380	102378	30121602	Pitch
102381	102378	30121603	Gilsonite
102382	102378	30121604	Cutback products
102383	102047	30130000	Productos de construcción estructurales
102384	102383	30131500	Bloques
102386	102384	30131502	Concrete blocks
102387	102384	30131503	Stone blocks
102388	102384	30131504	Ceramic blocks
102389	102383	30131600	Ladrillos
102391	102389	30131602	Ceramic bricks
102392	102389	30131603	Concrete bricks
102393	102389	30131604	Stone bricks
102394	102383	30131700	Azulejos y baldosas
102397	102394	30131703	Concrete tiles or flagstones
102399	102047	30140000	Aislamiento
102412	102047	30150000	Materiales para acabado de exteriores
102413	102412	30151500	Material para tejados y techos
102414	102413	30151501	Roll roofing
102415	102413	30151502	Roof valleys
102416	102413	30151503	Roofing fabrics
102418	102413	30151505	Roofing membranes
102420	102413	30151507	Shakes
102421	102413	30151508	Shingles
102423	102413	30151510	Slate roofing
102424	102412	30151600	Accesorios para tejados
102433	102412	30151700	Canalones de tejado y accesorios
102438	102412	30151800	Materiales para revestimiento de paredes y exterior
102444	102412	30151900	Materiales y productos para acabados
102447	102047	30160000	Materiales de acabado de interiores
102448	102447	30161500	Materiales para acabados de paredes
102455	102447	30161600	Materiales para techos
102460	102447	30161700	Suelos
102462	102460	30161702	Wood flooring
102474	102447	30161800	Chapistería
102476	102447	30162200	Countertops 
102477	102447	30161900	Moldeado y carpintería mecánica
102486	102047	30170000	Puertas y ventanas y vidrio
102487	102486	30171500	Puertas
102488	102487	30171501	Glass doors
102489	102487	30171502	Screen doors
102490	102487	30171503	Rolling doors
102491	102487	30171504	Wooden doors
102492	102487	30171505	Metal doors
102493	102487	30171506	Storm doors
102494	102487	30171507	Door frames
102495	102487	30171508	Pocket doors
102496	102486	30171600	Ventanas
102497	102486	30171900	Marcos de ventanas
102499	102486	30171800	Claraboyas
102500	102486	30171700	Productos de cristal
102501	102500	30171701	Paving blocks
102503	102500	30171703	Beveled glass
102504	102500	30171704	Leaded glass
102505	102500	30171705	Laminated glass
102506	102500	30171706	Tempered glass
102507	102500	30171707	Safety glass
102508	102500	30171708	Float glass
102509	102500	30171709	Wired glass
102510	102047	30180000	Instalaciones de baño
102511	102510	30181500	Loza sanitaria
102512	102511	30181501	Bathtubs
102513	102511	30181502	Bidets
102514	102511	30181503	Showers
102515	102511	30181504	Sinks
102516	102511	30181505	Toilets
102517	102511	30181506	Urinals
102518	102511	30181507	Bathtub or shower enclosures
102519	102047	30190000	Equipo de apoyo para Construcción y Mantenimiento
102520	102519	30191500	Escaleras y andamios
102523	101274	24101609	Inclinaciones
102525	174112	95140000	Prefabricated buildings and structures
102526	102525	95141500	Prefabricated farm buildings and structures
102527	102526	95141501	Silo
102528	102526	95141502	Greenhouse
102529	102525	95141600	Prefabricated residential buildings and structures
102530	102529	95141601	House
102531	102529	95141602	Mobile home
102532	102529	95141603	Cabin
102533	102525	95141700	Prefabricated commercial and industrial buildings and structures
102534	102533	95141701	In plant office
102535	102533	95141702	Spray booth
102536	102533	95141703	Storage shed
102537	102533	95141704	Clean room
102538	102533	95141705	Guardhouse
102539	144839	95131602	Portable toilet
102540	102533	95141706	Warehouse
102541	102525	95141800	Prefabricated emergency relief buildings and structures
102542	102541	95141801	Shelter
102543	102541	95141802	Emergency tent or hall
102544	102541	95141803	Container unit
102545	102525	95141900	Prefabricated medical buildings and structures
102546	102545	95141901	Medical unit
102547	102545	95141902	Laboratory unit
102548	102545	95141903	Dental unit
102549	102545	95141904	Surgical units
102550	103416	39120000	Equipos
102553	135572	39121004	Unidades de suministro de energía
102554	135572	39121017	Unidades de distribución de alimentación (PDUs)
102555	135572	39121006	Power adapters or inverters
102558	103902	41112100	Transductores
102568	102550	39121300	Cuadros
102579	102550	39121400	Lengüetas de conexión
102581	102579	39121402	Electrical plugs
102585	102579	39121406	Electrical receptacles
102603	102550	39121500	Conmutadores
102616	176220	39122216	Push button switch
102631	102550	39121600	Dispositivos y accesorios para la protección de circuitos
102641	102550	39121700	Ferretería eléctrica y suministros
102642	102641	39121701	Electrical hangers
102648	102	31000000	Componentes y Suministros de Fabricación
102649	102648	31100000	Piezas de fundición
102816	102648	31110000	Extrusiones
102871	102648	31130000	Forjaduras
102957	102648	31140000	Molduras
102966	102648	31150000	Cuerda y cadena y cable y alambre y correa
102967	102966	31151500	Cuerdas
102974	102966	31151600	Cadenas
102979	102966	31151700	Cable mecánico
102987	102966	31151800	Alambre mecánico
102991	102966	31151900	Correas
102993	102991	31151902	Leather straps
102995	102648	31160000	Ferretería
102996	102995	31161500	Tornillos
103011	102995	31161600	Pernos
103029	102995	31161700	Tuercas
103056	102995	31161800	Arandelas
103072	102995	31161900	Muelles
103081	102995	31162000	Clavos
103089	102995	31162100	Anclas
103097	102995	31162200	Remaches
103106	102995	31162300	Ferretería de montaje
103117	102995	31162400	Fijadores varios
103122	102995	31162500	Soportes y puntales
103126	102995	31162600	Ganchos
103135	102995	31162700	Roldanas pivotantes y Ruedas
103138	102995	31162800	Ferretería en general
103141	102995	31162900	Mordazas
103145	102995	31163000	Embragues
103150	102648	31170000	Cojinetes
103151	103150	31171500	Cojinetes
103155	103151	31171504	Ball bearings
103162	103150	31171600	Cojinetes
103166	103150	31171700	Engranajes
103175	103150	31171800	Ruedas industriales
103179	103150	31171900	Ruedas dentadas
103182	102648	31180000	Juntas obturadoras y sellos
103195	102648	31190000	Materiales de molduración
103196	103195	31191500	Abrasivos y medios de abrasivo
103199	103195	31191600	Ruedas abrasivas
103202	103196	31191506	Abrasive discs
103207	102648	31200000	Adhesivos y selladores
103208	103207	31201500	Cinta adhesiva
103213	103208	31201505	Double sided tape
103220	103207	31201600	Otros adhesivos y selladores
103232	102648	31210000	Pinturas y tapa poros y acabados
103233	103232	31211500	Pinturas y tapa poros
103240	103233	31211507	Spray paints
103246	103232	31211600	Aditivos para pinturas
103254	103232	31211700	Acabados en general
103262	103232	31211800	Disolventes y diluyentes para pinturas
103266	103232	31211900	Aplicadores de pintura y accesorios para pintar
103278	102648	31220000	Extractos de teñir y de curtir
103287	102648	31240000	Óptica industrial
103291	102648	31250000	Sistemas de control neumático
103302	102648	31260000	Cubiertas
103311	102	32000000	Componentes y Suministros Electrónicos
103312	103311	32100000	Circuitos impresos
103313	103312	32101500	Conjuntos de circuitos y componentes de radiofrecuencia (RF)
103323	103312	32101600	Circuitos integrados
103324	103323	32101601	Random access memory RAM
103351	103311	32110000	Dispositivo semiconductor discreto
103395	103311	32120000	Componentes pasivos discretos
103409	103395	32121700	Discrete components
103410	103409	32121701	Rectifiers
103411	103409	32121702	Inductors
103412	103409	32121703	Ferrites
103413	103409	32121704	Static converters
103414	103409	32121705	Inverters
103416	102	39000000	Suministros
103417	103416	39100000	Lámparas y bombillas y componentes para lámparas
103422	103430	39101612	Incandescent lamps
103426	103430	39101616	Lámparas de rayos ultravioleta (UV)
103430	103417	39101600	Lámparas
103431	103430	39101601	Lámparas halógenas
103432	103430	39101602	Lámparas médicas
103433	103430	39101603	Lámparas solares
103435	103430	39101605	Lámparas fluorescentes
103441	103416	39110000	Iluminación
103442	103441	39111500	Iluminación de interiores y artefactos
103459	103441	39111600	Iluminación exterior y artefactos
103467	103459	39111608	Alumbrado de zonas residenciales
103469	103441	39111700	Alumbrado de emergencia
103471	103459	39111610	Flashlight
103475	103441	39111800	Accesorios de iluminación
103484	103	40000000	Sistemas
103485	103484	40100000	Calefacción
103486	103485	40101500	Ventilación
103489	103486	40101503	Vents
103492	103485	40101600	Circulación del aire y piezas y accesorios
103493	103492	40101601	Blowers
103494	103492	40101602	Air circulators
103496	103492	40101604	Fans
103497	103485	40101700	Enfriamiento
103499	103497	40101701	Aires acondicionados
103500	103497	40101702	Cooling exchangers
103503	103497	40101703	Evaporative coolers
103504	103497	40101704	Condensing units
103505	103485	40101800	Equipo de calefacción y piezas y accesorios
103507	103505	40101801	Radiadores
103508	103505	40101802	Termo-permutadores
103511	103505	40101805	Hornillos
103512	103505	40101806	Bombas de calor
103513	103505	40101807	Unidades de calentamiento solar
103514	103505	40101808	Heating stoves
103516	103485	40101900	Control de humedad
103517	103516	40101901	Vaporizers
103518	103516	40101902	Deshumidificadores
103519	103516	40101903	Humidificadores
103520	103484	40140000	Distribución de fluidos y gas
103523	103520	40141900	Conductos
103525	103520	40142000	Manguitos
103526	103520	40141600	Válvulas
103541	103520	40141700	Material de ferretería y accesorios
103542	165678	30181605	Drain
103543	102510	30181700	Faucets or taps
103544	165681	30181801	Shower head
103545	103543	30181701	Spigot
103546	165681	30181807	Spout
103570	103484	40150000	Bombas y compresores industriales
103571	103570	40151500	Bombas
103574	116782	41105103	Laboratory centrifugal pumps
103577	103571	40151506	Hand pumps
103578	103571	40151507	Irrigation pumps
103581	103571	40151510	Water pumps
103605	103570	40151600	Compresores
103606	103605	40151601	Air compressors
103612	103605	40151607	Refrigerant compressors
103615	103484	40160000	Filtrado y purificación industrial
103616	103615	40161500	Filtros
103620	103616	40161504	Oil filters
103621	103616	40161505	Air filters
103624	103615	40161600	Purificación
103626	103624	40161602	Purificadores del aire
103627	103615	40161700	Separadores
103631	104	41000000	Equipo de Laboratorio
103632	103631	41100000	Equipo de laboratorio y científico
103633	103632	41101500	Equipo y suministros para la mezcla
103635	103633	41101502	Stomachers
103636	103633	41101503	Laboratory sprayers
103637	103633	41101504	Homogenizers
103639	116647	41103802	Roller mixers
103641	116647	41103805	Laboratory vibrators
103642	117023	41121802	Laboratory stirring rods
103643	117067	41122402	Magnetic spin bar retrievers or stir bar retrievers
103644	116647	41103803	Stirring tables
103645	116647	41103804	Multi bank or flocculation equipment
103647	103632	41103900	Centrifugadoras de laboratorio y accesorios
103649	103631	41120000	Suministros y accesorios de laboratorio
103656	116788	41105205	Microslide making equipment
103658	103856	41103512	Static eliminators
103659	116675	41104017	Sample holders
103660	103632	41101700	Equipo de perforación
103661	103660	41101701	Laboratory mills
103663	103660	41101703	Tissue grinders
103664	103801	41102916	Microtomes
103665	103660	41101705	Laboratory crushers or pulverizers
103666	103660	41101706	Laboratory disintegrators
103667	103660	41101707	Laboratory presses
103668	103632	41101800	Equipo de física de electrones y de estado sólido para laboratorio
103669	103668	41101801	Disparadores de electrones
103670	103668	41101802	Generadores de rayos X
103671	103668	41101803	Coulometros
103672	103668	41101804	Electroscopios
103673	103668	41101805	Medidores de flujo
103674	103668	41101806	Magnetómetros
103675	103668	41101807	Aparatos de difracción de electrones
103676	103668	41101808	Aparatos de difracción de neutrones
103677	103668	41101809	Aparatos de difracción óptica
103678	103668	41101810	Difractómetros
103679	103632	41101900	Equipo iónico de laboratorio
103680	103679	41101901	Ion sources
103681	103679	41101902	Ion exchange apparatus
103682	103679	41101903	Ion implantation equipment
103684	116675	41104001	Sample changers
103685	116675	41104002	Sample oxidizer
103686	116675	41104003	Sample preparation line
103687	116675	41104004	Sample preparation bombs
103688	116675	41104007	Water samplers
103689	116675	41104008	Air samplers or collectors
103690	116675	41104010	Reagent kits for use with air samplers
103691	116675	41104011	Filters or other spare parts for samplers
103692	116675	41104012	Dust fall holders or jars
103694	116675	41104013	Sulphur dioxide or smoke samplers
103695	116675	41104014	Sample applicators
103696	116675	41104015	Plant samples analysis equipment
103698	116702	41104201	Reactivos para depuración del agua
103699	116702	41104202	Deionization or demineralization equipment
103700	116702	41104203	Base exchange equipment
103701	116702	41104204	Reverse osmosis equipment
103702	116702	41104205	Unidades de depuración de agua por ultravioletas
103703	116702	41104206	Ultra pure water systems
103704	116702	41104207	Water analysis systems
103705	116702	41104208	Dehydrators
103706	116702	41104209	Deoxiders
103707	116702	41104210	Dissolvers
103710	103996	41112210	Remote reading thermometers
103712	103996	41112211	Resistance thermometers
103714	103996	41112212	Surface thermometers
103732	116706	41104301	Standard fermentation units
103733	116706	41104302	Continuous culture apparatus
103734	116706	41104303	Anaerobic jars or accessories
103735	116706	41104304	Digestion systems
103738	116709	41104403	Tissue culture incubators
103741	116709	41104405	Shaking incubators
103742	116706	41104305	Inspissators
103743	116709	41104406	Plate incubators
103744	116706	41104306	In vitro culture equipment
103746	103632	41102400	Equipo de calefacción y secadores para laboratorio
103747	103746	41102401	Gas burners
103748	103746	41102402	Spirit burners
103749	103746	41102403	Laboratory incinerators
103750	103746	41102404	Laboratory heaters
103751	103746	41102405	Heating mantles or tapes
103752	103746	41102406	Laboratory hotplates
103753	103746	41102407	Warming cabinets
103755	116731	41104508	Induction dryers
103756	103746	41102410	Infrared dryers
103757	134850	23201201	Spray dryers
103758	103746	41102412	Hot air blowers
103761	103632	41104600	Hornos de laboratorio y accesorios
103762	116731	41104503	Ageing ovens
103764	116731	41104505	Laboratory quartz oven pots
103766	103632	41102500	Equipo entomológico para laboratorio y accesorios
103767	103766	41102501	Laboratory insect containers
103768	103766	41102502	Rearing facilities for entomology
103769	103766	41102503	Fabric or netting for entomology
103770	103766	41102504	Entomological pinning equipment
103771	103766	41102505	Entomological mounting materials
103772	103766	41102506	Entomological trays
103773	103766	41102507	Entomological catching equipment
103774	103766	41102508	Entomological aspirators
103775	103766	41102509	Entomological dippers
103776	103766	41102510	Entomological monocups
103777	103766	41102511	Entomological sticky traps
103778	103766	41102512	Insect test kits
103779	103766	41102513	Entomological display units
103781	103632	41102600	Equipo y accesorios para laboratorio animal
103782	103781	41102601	Laboratory cages for small animals
103783	103781	41102602	Aquaria equipment
103784	103781	41102603	Animal identification supplies
103785	103781	41102604	Animal catching devices
103786	103781	41102605	Fish aeration systems
103787	103632	41102700	Equipo de cristalografía
103788	103787	41102701	Crystal lattice models
103789	103787	41102702	Scintillation crystal assemblies
103790	103787	41102703	Light scattering equipment
103791	103787	41102704	X ray diffraction equipment
103792	103787	41102705	Crystallizers
103801	103632	41102900	Equipo de histología
103802	103801	41102901	Tissue embedding stations
103806	103801	41102905	Histological staining apparatus
103807	116680	41104117	Specimen holders
103808	116680	41104118	Specimen collection container
103809	103746	41102424	Slide warmers
103810	103801	41102909	Tissue processors
103811	103801	41102910	Tissue culture apparatus
103812	103801	41102911	Histological knives or knife holders or blades
103813	103801	41102912	Histological glass knife makers
103814	103801	41102913	Histological hones or straps or compounds
103815	103801	41102914	Ultrasonic disintegrators
103816	103632	41103000	Equipo de enfriamiento para laboratorio
103817	103816	41103001	Refrigerated cooling plate probes
103819	103816	41103003	Cryostats
103820	103816	41103004	Fan circulated ovens
103821	103816	41103005	Ultra cold or ultralow upright cabinets or freezers
103822	103816	41103006	Cryogenic or liquid nitrogen freezers
103823	103816	41103007	Chilling units or cold water circulators
103824	103816	41103008	Refrigerated cooling modules
103826	103649	41121700	Tubos de ensayo
103828	103632	41103200	Equipo de lavado de laboratorio
103829	103828	41103201	Chemical engineering washers
103830	103828	41103202	Laboratory washing machines
103831	103828	41103203	Pipette washers
103833	103632	41103300	Equipo de mecánica de fluidos
103834	103833	41103301	Liquid scintillation counters
103835	103833	41103302	Battery acid hydrometers
103836	103833	41103303	Densitometers
103837	116731	41104509	Vacuum ovens
103838	103833	41103305	High vacuum equipment
103839	103833	41103306	Pneumatic vacuum equipment
103840	103833	41103307	Vacuum or mercury vapour equipment
103841	103833	41103308	High vacuum combustion apparatus
103842	103833	41103309	Flow injection analysis equipment
103843	103833	41103310	Gas or vapour concentration measuring instruments
103844	103833	41103311	Manometers
103845	103833	41103312	Viscosimeters
103846	103833	41103313	Depth indicators
103847	103833	41103314	Microscopic structure estimation apparatus
103848	103833	41103315	Solution strength estimation apparatus
103849	103632	41103400	Equipo de acondicionamiento ambiental para laboratorio
103850	103849	41103401	Contamination control screens
103852	103849	41103403	Microbiological aircontrol equipment
103855	103849	41103406	Isolation glove boxes
103856	103632	41103500	Recintos cerrados de laboratorio y accesorios
103857	103856	41103501	Ebuliometer
103858	103856	41103502	Fume hoods or cupboards
103860	103856	41103504	Laminar flow cabinets or stations
103863	116758	41104801	Flask or retort units
103864	116758	41104802	Bi distillation units
103865	116758	41104803	Laboratory evaporators
103867	116758	41104806	Extracting equipment for laboratories
103868	116767	41104901	Laboratory line filters
103869	116767	41104902	Gel filtration equipment
103870	116767	41104903	Ultra filtration equipment
103871	116767	41104904	Sintered cell filters
103872	116767	41104905	Thin channel filtration equipment
103874	116767	41104907	Molecular filtration equipment
103875	116767	41104908	Laboratory cartridge element filters
103876	116767	41104909	Laboratory filter holders or cyclones
103878	116767	41104911	Laboratory air filtration systems
103879	116767	41104919	Laboratory HEPA filters
103880	116767	41104912	Fluid presses filter
103882	116781	41105001	Laboratory separators
103883	116781	41105002	Laboratory sifting equipment
103884	116781	41105003	Test sieves
103885	103856	41103509	Laboratory scrubbers
103886	116866	41115602	Titration equipment
103887	107672	41121502	Laboratory diluters
103888	116758	41104810	Fractionation apparatus
103889	116758	41104812	Distillation pipings or columns or fittings
103890	116758	41104813	Reflux components
103891	116758	41104814	Laboratory heat exchange condensers
103892	103632	41103700	Cubetas de laboratorio
103893	103892	41103701	Circulating baths
103894	103892	41103702	Thermostatic baths
103895	103892	41103703	Multiple baths
103896	103892	41103704	Biological baths
103897	103892	41103705	Organ baths
103898	103892	41103706	Water baths
103899	103892	41103707	Oil baths
103900	103892	41103708	Sand baths
103901	103892	41103709	Refrigerated baths
103902	103631	41110000	Instrumentos de medida
103903	103902	41111500	Instrumentos de medición del peso
103904	103903	41111501	Electronic toploading balances
103905	103903	41111502	Básculas de laboratorio
103906	103903	41111503	Básculas mecánicas
103907	103903	41111504	Pull spring balances
103908	103903	41111505	Calibration weights or weight sets
103909	103903	41111506	Animal weighing scales
103910	103903	41111507	Bench scales
103911	103903	41111508	Bodyweight measuring scales
103912	103903	41111509	Floor or platform scales
103913	103903	41111510	Postal scales
103914	103903	41111511	Truck or rail scales
103915	103919	41111613	Distance meters
103916	103919	41111614	Height gauges
103917	103919	41111615	Laser measuring systems
103918	103919	41111616	Measuring wheels for distance
103919	103902	41111600	Instrumentos de medida de longitud
103920	103919	41111601	Micrometers
103921	103919	41111602	Pedometers
103922	103919	41111603	Rangefinders
103923	103919	41111604	Rulers
103924	103919	41111605	Strain gauges
103925	103919	41111606	Tellurometers
103926	103919	41111607	Thread counters or gauges
103927	103919	41111621	Calipers
103928	103932	41111709	Binocular light compound microscopes
103929	103932	41111710	Combination electron and light microscopes
103930	103932	41111720	Scanning electron microscopes
103931	103932	41111712	Inverted microscopes
103932	103902	41111700	Instrumentos y accesorios de visión y observación
103933	103932	41111701	Ion microscopes
103934	103932	41111702	Microscopios monoculares
103935	103932	41111703	Stereo or dissecting light microscopes
103936	103932	41111704	Illuminators for microscopes
103937	103932	41111705	Microscope objectives
103938	103932	41111706	Photo attachments for microscopes
103939	103932	41111707	Profile projectors
103940	103932	41111708	Video attachments for microscopes
103941	103902	41111800	Equipo de examen no destructivo
103949	103941	41111808	Equipo de examen por rayos X
103950	103902	41111900	Indicating and recording instruments
103951	103950	41111901	Counters
103952	103950	41111902	Electronic counters
103953	103950	41111903	Detectores de metales
103954	103950	41111904	Electronic columns
103955	103950	41111905	Electronic measuring probes
103956	103950	41111906	Chart recorders
103957	103950	41111907	Digital readout recorders
103958	103950	41111908	Graphic recorders
103959	103950	41111909	Magnetic tape recorders
103960	103950	41111910	Multipen recorders
103961	103950	41111911	Oscillographic recorders
103962	103950	41111912	Physiological recorders
103963	103950	41111913	Point plotting recorders
103964	103950	41111914	Servo recorders
103965	103950	41111915	Bi metallic sensors
103966	103950	41111916	Non contact sensors
103967	103950	41111917	Digital testers
103968	103950	41111918	Gyroscopic instruments
103970	116853	41115301	Light absorption meters
103972	116853	41115302	Anechoic chambers
103973	116853	41115303	Frequency analyzers
103974	116853	41115304	Frequency counters or timer or dividers
103977	116853	41115307	Lasers
103978	116853	41115308	Lightmeters
103980	116853	41115310	Optical calibration sets
103981	116853	41115311	Photometers
103982	116853	41115314	Polarimeters
103983	116853	41115315	Polariscopes
103984	116853	41115316	Reflectometers
103989	116858	41115402	Spectrographs
103990	116858	41115403	Spectrometers
103991	116858	41115404	Mass spectrometers
103992	116858	41115405	Proton spectrometers
103993	116858	41115406	Spectrophotometers
103994	116853	41115317	Stroboscopes
103996	103902	41112200	Instrumentos de medida de temperatura y calor
103997	103996	41112201	Calorimeters
103998	103996	41112202	Heat tracing equipment
103999	103996	41112203	Melting point recorders
104000	103996	41112204	Pyrometers
104001	103996	41112205	Temperature regulators
104002	103996	41112206	Thermocouples
104003	103996	41112207	Thermographs
104005	103996	41112209	Thermostats
104006	103902	41112300	Instrumentos de medición de la humedad
104007	104006	41112301	Hygrometers
104008	104006	41112302	Psychrometers
104009	104006	41112303	Temperature humidity testers
104010	103902	41112400	Instrumentos de medida y control de la presión
104011	104010	41112401	Depth gauges
104012	104010	41112402	Manostats
104013	104010	41112403	Pressure indicators
104014	104010	41112404	Pressure regulator
104015	104010	41112405	Pressure or vacuum recorders
104016	104010	41112406	Vacuum gauges
104017	103902	41112500	Instrumentos de medición y observación del caudal de fluidos
104018	104017	41112501	Flowmeters
104019	104017	41112502	Rheometers
104020	104017	41112503	Rotameters
104021	103902	41112700	Equipo para semillas y piensos
104022	104021	41112701	Analizadores de grano
104023	104021	41112702	Contadores de semillas
104025	103902	41112800	Equipo e instrumentos relacionados con el transporte
104026	104025	41112801	Speedometers
104027	104025	41112802	Tachometers
104028	103902	41112900	Equipo e instrumentos de navegación
104029	104028	41112901	Direction finding compasses
104030	104028	41112902	Radio navigation instruments
104031	104028	41112903	Sextants
104032	103902	41113000	Instrumentos de suministros evaluación química
104033	104032	41113001	Digital Analyzer controllers
104034	104032	41113002	Chemiluminescence or bioluminescence analyzers
104035	104032	41113003	Electrogravimetry analyzers
104036	104032	41113004	Flame ionization analyzers
104037	104032	41113005	Ion analyzers
104038	104032	41113006	Radiometry analyzers
104039	104032	41113007	Random access analyzers
104040	104032	41113008	Cintigraphic analyzers
104041	104032	41113009	Thermal differential analyzers
104042	104032	41113010	Thermo gravimetry analyzers
104045	116875	41115703	Gas chromatographs
104046	116875	41115704	Ion chromatographs
104047	116875	41115705	Liquid chromatographs
104050	116875	41115707	High pressure liquid chromatograph chromatography
104051	116875	41115708	High pressure thin layer chromatograph TLC
104052	116853	41115318	Colorimeters
104055	104032	41113023	Gel partition equipment
104056	104032	41113024	Hydrometers
104057	104032	41113025	Monochromators
104058	104032	41113026	Nephelometers
104059	104032	41113027	Osmometers
104060	116866	41115603	pH meters
104061	104032	41113029	Polarographs
104062	104032	41113030	Radiochromatographic scanner
104063	104032	41113031	Saccharometers
104065	104032	41113033	Volumeters
104066	103902	41113100	Analizadores y monitores de gas
104073	104066	41113107	Nitrogen gas analyzers
104074	104066	41113108	Nitrogen oxide analyzers
104075	104066	41113109	ORSAT equipment
104076	104066	41113110	Oxygen gas analyzers
104081	103902	41113300	Analizadores de líquidos
104082	104081	41113301	Acid or base analyzers
104084	116889	41115801	Amino acid analyzers
104090	104081	41113309	Enzyme analyzers
104091	104081	41113310	Fatty acid analyzers
104092	104081	41113311	Halide detector lamp
104093	104081	41113312	Lactate analyzers
104094	104081	41113313	Mineral oil testing instruments
104098	116889	41115823	Protein analyzers
104099	104081	41113318	Uranium analyzers
104100	104081	41113319	Water analyzers
104101	103902	41113400	Instrumentos de evaluación nuclear
104109	103902	41113600	Equipo de medición y comprobación eléctrica
104110	104109	41113601	Ammeters
104111	104109	41113602	Phasemeters
104112	104109	41113603	Laboratory bridges
104113	104109	41113604	Capacitance meters
104114	104109	41113605	Thermoanalysis derivatographs
104115	104109	41113606	Freeze watch indicators
104116	104109	41113607	Heat stress monitors
104117	104109	41113608	Coincidence or anticoincidence counters
104119	116866	41115609	Conductivity meters
104120	104109	41113611	Cross talk meters
104121	104109	41113612	Earth resistance testers
104122	104109	41113613	Electrical value recorders
104123	104109	41113614	Electromagnetic field meters
104124	104109	41113615	Electrometers
104125	104109	41113616	Electronic loads
104126	104109	41113617	Field strength measuring equipment
104127	104109	41113618	Gain measuring instruments
104128	104109	41113619	Galvanometers
104129	104109	41113620	High voltage cable detection
104130	104109	41113621	Impedance meters
104131	104109	41113622	Calibrated inductance coils or boxes
104132	104109	41113623	Insulation resistance meters
104133	104109	41113624	Insulation testers
104134	104109	41113625	Ionization chambers
104135	104109	41113626	Ionmeters
104136	104109	41113627	Line earth loop testers
104137	104109	41113628	Megohmmeters
104138	104109	41113629	Microwave leakage meters
104139	104109	41113630	Multimeters
104140	104109	41113631	Ohmmeters
104141	104109	41113632	Oscillographs
104142	104109	41113633	Potentiometers
104143	104109	41113634	Q Meters
104144	104109	41113635	Calibrated resistance measuring equipment
104145	104109	41113636	Level generators
104146	104109	41113637	Voltage or current meters
104147	104109	41113638	Oscilloscopes
104148	104109	41113639	Accelerometers
104149	104109	41113640	Wattmeters
104150	103902	41113700	Instrumentos de medición y comprobación de comunicación electrónica
104151	104150	41113701	Cathode ray tube tester
104152	104150	41113702	Comparators
104153	104150	41113703	Directional coupler
104154	104150	41113704	Integrated circuit testers
104155	104150	41113705	Logic state testers
104156	104150	41113706	Semiconductor testers
104158	104150	41113708	Power meters
104159	104150	41113709	Modulation meters
104160	104150	41113710	Level meter
104161	104150	41113711	Network analyzers
104162	104150	41113712	Tape testers
104163	104150	41113713	Tapespeed testers
104164	103902	41113800	Instrumentos geofísicos
104165	104164	41113801	Geological compasses
104166	104164	41113802	Geological prospecting apparatus
104167	104164	41113803	Electromagnetic geophysical instruments
104168	104164	41113804	Gravity geophysical instruments
104169	104164	41113805	Induced polarization IP geophysical instruments
104170	104164	41113806	Magnetometer geophysical instruments
104171	104164	41113807	Resistivity geophysical instruments
104172	104164	41113808	Gravimeters
104173	103902	41113900	Equipo para medir la tierra
104174	104173	41113901	Bore measuring instruments
104175	104173	41113902	Dissolution or disintegration testers
104176	104173	41113903	Particle size measuring apparatus
104177	104173	41113904	Penetrometers
104178	104173	41113905	Permeability testing apparatus
104179	104173	41113906	Permeability or porosity estimation apparatus
104180	104173	41113907	Porosimeters
104181	104173	41113908	Sand testing apparatus
104182	104173	41113909	Soil core sampling apparatus
104183	104173	41113910	Soil testing kits
104184	103902	41114000	Equipo de medida de rocas y estratos
104185	104184	41114001	Clinometers
104186	103902	41114100	Instrumentos sismológicos
104187	104186	41114102	Earthquake simulators
104188	104186	41114103	Seismic alarm modules
104189	104186	41114104	Seismic amplifiers
104190	104186	41114105	Portable seismic apparatus
104191	104186	41114106	Seismic recorders or seismographs
104192	104186	41114107	Seismometers
104193	104186	41114108	Vibrometers
104194	103902	41114200	Instrumentos de agrimensura
104195	104194	41114201	Measuring tapes
104196	104194	41114202	Measuring rods
104197	104194	41114203	Measuring tables
104199	103902	41114300	Instrumentos hidrológicos
104200	104199	41114301	Open stream current meters
104201	104199	41114302	Logging instruments for water wells
104202	104199	41114303	Open stream water level recorders
104203	103902	41114400	Meteorological instruments
104204	104203	41114401	Anemometers
104205	104203	41114402	Barómetros
104206	104203	41114403	Precipitation or evaporation recorders
104207	104203	41114404	Radiosonde apparatus
104208	104203	41114405	Rainfall recorders
104209	104203	41114406	Precipitation or evaporation surface observing apparatus
104210	104203	41114407	Solar radiation surface observing apparatus
104211	104203	41114408	Temperature or humidity surface observing apparatus
104212	104203	41114409	Wind surface observing apparatus
104213	103902	41114500	Instrumentos mecánicos
104214	104213	41114501	Dynamometers
104215	104213	41114502	Elastometers
104216	104213	41114503	Extensometers
104217	104213	41114504	Pitch measuring instruments
104218	104213	41114505	Roundness testing instruments
104219	104213	41114506	Spherometers
104220	104213	41114507	Spring testing machines
104221	104213	41114508	Surface testers
104222	104213	41114509	Tensiometers
104223	103902	41114600	Instrumentos de verificación de metales
104224	104223	41114601	Abrasion testers
104225	104223	41114602	Compression testers
104226	104223	41114603	Concrete or cement testing instruments
104227	104223	41114604	Corrosion testers
104228	104223	41114605	Crack or corrosion detectors
104229	104223	41114606	Creep testers
104230	104223	41114607	Ductility testing machines
104231	104223	41114608	Fatigue testers
104232	104223	41114609	Forging testing apparatus
104233	104223	41114610	Foundry testing apparatus
104234	104223	41114611	Hardness testers
104235	104223	41114612	Impact testers
104236	104223	41114613	Load frame
104237	104223	41114614	Metal testing instruments
104238	104223	41114615	Photoelastic testing instruments
104239	104223	41114616	Proofstress indicators
104240	104223	41114617	Relaxation testers
104241	104223	41114618	Roughness measuring instruments
104242	104223	41114619	Shear strength testers
104243	104223	41114620	Shock testing apparatus
104244	104223	41114621	Tension testers
104245	104223	41114622	Torsion testers
104246	104223	41114623	Flexure or transverse testing machines
104247	104223	41114624	Vibration testers
104248	104223	41114625	Wear testers
104249	104223	41114626	Welding testing apparatus
104250	103902	41114700	Instrumentos para comprobación de papel
104257	103902	41114800	Instrumentos para comprobación de cerámica y vidrio
104259	104257	41114802	Glass testing instruments
104265	103902	41115100	Instrumentos para comprobación de carbón y mineral
104267	103902	41115200	Sistemas y componentes de radar y sonar
104269	104	42000000	Equipo
104276	115288	42182200	Termómetros médicos y accesorios
104280	115288	42182100	Estetoscopio y productos relacionados
104282	114852	42141800	Equipo de electroterapia
104317	115504	42201800	Productos radiográficos de diagnóstico médico
104318	115504	42203200	Simuladores de radioterapia
104321	115504	42201500	Sistemas de tomografía informatizada (TAC o CT) médica y productos relacionados
104326	115504	42203000	Aceleradores médicos lineales y productos relacionados
104332	104317	42201807	Medical radioisotope scanners
104333	115043	42152008	Dental x ray units
104334	115980	42271700	Sistemas y dispositivos de terapia de entrega de oxígeno
104341	116017	42271802	Nebulizers
104347	104334	42271708	Medical oxygen masks or parts
104349	104334	42271713	Medical hyperbaric chambers
104365	104269	42260000	Equipo y suministros post mortem y funerarios
104382	116138	42291614	Surgical scissors
104393	116134	42293100	Retractores quirúrgicos y productos relacionados
104403	116030	42272001	Intubation laryngoscopes 
104412	115493	42192301	Patient lifts
104413	104282	42141806	Diathermy units
104415	114891	42142108	Therapeutic heating or cooling pads or compresses or packs
104424	116134	42294500	Instrumentos de especialidad oftálmica y productos relacionados
104449	116559	42312209	Umbilical tapes
104473	115288	42181700	Unidades de electrocardiografía (ECG) y productos relacionados
104475	116134	42296600	Sistemas médicos estereotacticos
104477	115355	42182327	Thesiometers
104489	115288	42181600	Unidades de presión sanguínea y productos relacionados
104511	104269	42160000	Equipo de diálisis y suministros
104515	115171	42161509	Peritoneal dialysis units or cyclers 
104516	115181	42161601	Hemodialysis administration kits or sets
104521	115214	42161701	Hemofilters
104528	114971	42151600	Instrumentos y dispositivos dentales y de sub-especialidad
104530	202615	42152902	Bands for dental matrix
104549	115132	42152508	Dental syringes or needles or syringes with needles
104555	115504	42203500	Marcapasos cardiacos o productos relacionados
104559	116559	42312206	Suture needles
104560	114918	42142504	Biopsy needles
104593	115841	42242000	Dispositivos
104642	115681	42211703	Braille writing paper or plastic for physically challenged
104645	115681	42211711	Voice synthesizers for the physically challenged
104647	115681	42211706	Letter or symbol boards for the physically challenged
104658	115681	42211702	Braille devices for the physically challenged
104695	116550	42312104	Ostomy collection supplies
104697	115655	42211502	Crutches 
104702	115482	42192210	Wheelchairs
104703	115482	42192208	Wheelchair accessories
104708	115482	42192209	Wheelchair ramps
104751	115707	42211917	Tableware for the physically challenged
104774	104269	42120000	Equipos y suministros veterinarios
104775	104774	42121500	Equipo veterinario
104776	104775	42121501	Veterinary blood pressure testers
104781	104774	42121600	Productos veterinarios
104789	106	43000000	Telecomunicaciones y radiodifusión de tecnología de la información
104792	104856	43201534	Exchange component CODEC interfaces
104794	104856	43201509	Exchange datacom modules
104798	107679	43222806	Punch down block
104800	117273	43191504	Teléfonos fijos
104804	111014	43221504	Premise branch exchange PBX systems
104805	117273	43191501	Teléfonos móviles
104807	117273	43191505	Answering machines
104808	117273	43191503	Pay phones
104809	117280	43191609	Phone headsets
104810	111014	43221519	Voice mail systems
104812	107679	43222802	Circuit switchboard equipment
104820	117442	43221713	Shortwave core equipment
104822	117456	43222631	Wireless fidelity base stations Wifi
104823	117411	43222700	Equipo telegráfico
104824	117411	43223000	Equipo de teletipo
104825	111014	43221522	Teleconference equipment
104826	117442	43221711	Equipo de acceso de satélite
104827	117273	43191502	Pagers
104828	111014	43221525	Intercom systems
104832	127939	43201403	Modem cards
104837	117442	43221709	Microwave antennas
104838	117442	43221703	Antenas de televisión
104839	117442	43221712	Antenas de satélite
104840	117442	43221706	Antenas de radio
104841	117442	43221718	Radar antennas
104844	117365	43211500	Ordenadores
104845	104844	43211503	Ordenadores de bolsillo
104846	117374	43211602	Docking stations
104847	104844	43211507	Desktop computers
104848	104844	43211504	Organizadores o asistentes personales digitales (PDA)
104850	104844	43211501	Servidores
104854	104856	43201503	Central processing unit CPU processors
104855	104856	43201513	Motherboards
104856	107731	43201500	Módulos o interfaces de procesadores de placa del sistema
104859	104856	43201535	Serial infrared ports
104861	127939	43201401	Graphics or video accelerator cards
104862	127939	43201404	Network interface cards
104863	104856	43201502	Audio accelerator cards
104866	104856	43201533	Musical instrument digital interface MIDI interfaces
104870	117365	43211700	Dispositivos informáticos de entrada de datos
104872	104870	43211712	Tabletas gráficas
104873	104870	43211705	Game pads or joy sticks
104874	104870	43211706	Keyboards
104877	104870	43211711	Escáneres
104878	104870	43211713	Almohadillas táctiles
104887	117344	43201801	Floppy drives
104890	117344	43201809	CD de lectura y escritura
104893	117344	43201806	Tape arrays
104895	117365	43211900	Pantallas de ordenador
104896	104895	43211901	Cathode ray tube CRT monitors
104899	117365	43212100	Impresoras de ordenador
104900	104899	43212107	Plotter printers
104901	104899	43212101	Band printers
104902	104899	43212102	Dot matrix printers
104905	104899	43212106	Line matrix printers
104907	104899	43212108	Thermal tape printers
104918	117456	43222612	Network switches
104943	104789	43230000	Software
104945	104943	43232300	Software de consultas y gestión de datos
104946	105005	43233004	Operating system software
104952	105034	43232603	Facilities management software
104953	117498	43231513	Paquetes de ofimática
104955	128842	43231604	Financial analysis software
104956	128842	43231601	Accounting software
104959	117521	43232202	Document management software
104962	117599	43233413	Voice recognition software
104964	117510	43232106	Presentation software
104965	117510	43232104	Word processing software
104968	105034	43232604	Computer aided design CAD software
104970	104943	43232500	Software educativo o de referencia
104972	117510	43232105	Charting software
104980	117510	43232110	Spreadsheet software
104989	104990	43232401	Configuration management software
104990	104943	43232400	Programas de desarrollo
104991	104990	43232404	Graphical user interface development software
104993	104990	43232406	Program testing software
104999	117599	43233410	Printer driver software
105002	104943	43232900	Software para trabajo en redes
105003	104990	43232408	Web platform development software
105005	104943	43233000	Software de entorno operativo
105006	105005	43233002	Network operation system software
105010	117498	43231512	License management software
105012	117599	43233401	Compact disc CD server software
105014	104945	43232313	Transaction server software
105015	105002	43232908	Switch or router software
105016	105002	43232906	Multiplexer software
105017	105002	43232902	Communications server software
105020	117562	43232702	Desktop communications software
105022	117562	43232703	Interactive voice response software
105030	117599	43233411	Screen saver software
105031	104970	43232502	Software de formación basada en ordenador
105034	104943	43232600	Software específico para la industria
105035	105034	43232611	Point of sale POS software
105036	105034	43232607	Flight control software
105037	105034	43232601	Aviation ground support software
105038	105034	43232602	Aviation test software
105039	106	44000000	Equipo
105040	105039	44100000	Maquinaria
105041	105040	44101500	Multicopistas
105042	105041	44101501	Fotocopiadoras
105044	105040	44101600	Máquinas para procesamiento de papel y accesorios
105045	105044	44101601	Paper cutting machines or accessories
105046	105044	44101602	Paper punching or binding machines
105047	105040	44101700	Accesorios para impresoras
105048	105047	44101701	Color options or upgrades
105049	105047	44101702	Duplexer trays
105050	105047	44101703	Duplexer units
105051	105047	44101704	Facsimile handsets
105052	105040	44101800	Máquinas calculadoras y accesorios
105054	105052	44101802	Adding machines
105055	105052	44101803	Accounting machines
105056	105040	44101900	Máquinas para endosar y extender cheques
105057	105056	44101901	Check endorsing machines
105058	105056	44101902	Check writing machines
105059	105040	44102000	Suministros para plastificado
105060	105059	44102001	Lamination film
105061	105040	44102100	Máquinas de correo
105062	105061	44102101	Franking or postage machines
105063	105061	44102102	Mail opening machines
105064	105061	44102103	Mail sealing machines
105065	105061	44102104	Stamp canceling machines
105066	105061	44102105	Addressing machines
105067	105040	44102200	Accesorios para escáneres
105068	105067	44102201	Endorsers
105069	105040	44102300	Empaquetadoras
105070	105069	44102301	Bundling machines
105071	105069	44102302	Parcel wrapping machines
105072	105069	44102303	Seal presses
105073	105069	44102304	Sealing machines
105074	105069	44102305	Strapping tensioners or sealers
105075	105069	44102306	Tying machines
105076	105040	44102400	Etiquetadoras
105078	105076	44102402	Dating or numbering machines
105079	105076	44102403	Identification ID press machines
105080	105076	44102404	Label applying machines
105081	105076	44102405	Label making machines
105082	105076	44102406	Lettering equipment
105083	105076	44102407	Tape embosser
105084	105076	44102408	Automatic labeling systems
105085	105076	44102409	Semi automatic labeling systems
105087	105076	44102411	Label dispensers
105088	105040	44102500	Máquinas clasificadoras
105089	105088	44102501	Money counting machines
105090	105088	44102502	Sorters
105091	105040	44102600	Máquinas de escribir y accesorios
105093	105091	44102602	Typewriters
105094	105091	44102603	Printwheels
105095	105091	44102604	Stenotype machines
105098	105040	44102800	Máquinas encuadernadoras y plastificadoras
105099	105098	44102801	Laminators
105100	105040	44102900	Accesorios de máquinas de oficina
105101	105100	44102901	Travel kits for office machines
105102	105100	44102902	Storage accessories for office machines
105103	105100	44102903	Tape cleaners
105104	105040	44103000	Fusionadores y Accesorios
105105	105104	44103001	Fuser cleaning pads or filters
105106	105104	44103002	Fuser oil
105107	105104	44103003	Fuser wiper
105108	105040	44103100	Suministros para impresora
105109	105108	44103101	Printer or facsimile or photocopier belts
105111	105108	44103103	Printer or facsimile toner
105112	105108	44103104	Transfer rolls
105113	105108	44103105	Ink cartridges
105114	105108	44103106	Ink sticks
105115	105108	44103107	Printer or facsimile or photocopier cleaning supplies
105116	105108	44103108	Developer for printers or photocopiers
105117	105039	44110000	Accesorios de oficina y escritorio
105118	105117	44111500	Agendas y accesorios
105119	105118	44111501	Message holders or dispensers
105120	105118	44111502	Desk drawer organizers
105121	105118	44111503	Desktop trays or organizers
105123	105117	44111600	Suministros para el manejo de efectivo
105124	105123	44111601	Currency bags or wallets
105125	105123	44111609	Counterfeit bill detectors or supplies
105126	105123	44111603	Coin sorters
105127	105123	44111604	Coin wrappers or bill straps
105128	105123	44111605	Cash or ticket boxes
105130	105123	44111607	Check files
105131	105169	44122000	Carpetas de archivo
105132	105131	44122001	Index card files
105133	105131	44122002	Sheet protectors
105134	105131	44122003	Binders
105136	105131	44122005	Magazine or book covers
105139	105131	44122008	Tab indexes
105140	105131	44122009	Rotary or business card files
105141	105131	44122010	Dividers
105142	105131	44122011	Folders
105143	105117	44111800	Suministros de dibujo
105144	105143	44111801	Stencils or lettering aids
105145	105143	44111802	Drafting films
105146	105143	44111803	Compasses
105147	105143	44111804	Drafting papers
105148	105143	44111805	Curves
105149	105143	44111806	Protractors
105150	105143	44111807	Scales
105151	105143	44111808	T squares
105152	105143	44111809	Templates
105153	105143	44111810	Triangles
105154	105117	44111900	Tableros
105155	105154	44111901	Planning boards or accessories
105156	105154	44111902	Electronic copyboards or accessories
105157	105154	44111903	Easels or accessories
105158	105154	44111904	Letter boards or accessories
105159	105154	44111905	Dry erase boards or accessories
105160	105154	44111906	Chalk boards or accessories
105161	105154	44111907	Bulletin boards or accessories
105162	105154	44111908	Magnetic boards or accessories
105163	105117	44112000	Sistemas de planificación
105164	105163	44112001	Address books or refills
105165	105163	44112002	Calendars
105167	105163	44112004	Meeting planners
105168	105163	44112005	Appointment books or refills
105169	105039	44120000	Suministros de oficina
105170	105169	44121500	Suministros de correo
105171	105170	44121501	Tubos para envíos
105173	105170	44121503	Franqueadoras
105174	105170	44121504	Sobres de ventanillas
105175	105170	44121505	Sobres especiales
105176	105170	44121506	Sobres estándar
105177	105169	44121600	Suministros de escritorio
105178	105131	44122012	Clipboards
105179	107739	44122101	Rubber bands
105180	107739	44122118	Prong fasteners
105181	105177	44121604	Stamps
105182	105177	44121605	Tape dispensers
105184	107739	44122103	Clasp fasteners
105185	107739	44122104	Paper clips
105186	107739	44122105	Binder or bulldog clips
105187	107739	44122106	Pins or tacks
105188	105177	44121611	Paper or eyelet punches
105189	105177	44121612	Paper cutters or refills
105190	105177	44121613	Staple removers
105191	105177	44121614	Call bells
105192	105177	44121615	Staplers
105193	107739	44122107	Staples
105194	105177	44121617	Manual letter openers
105195	105177	44121618	Scissors
105196	105169	44121700	Instrumentos de escritura
105197	105196	44121701	Rollerball pens
105198	105196	44121702	Juegos de bolígrafos y lápices
105199	105196	44121703	Fountain pens
105200	105196	44121704	Ball point pens
105201	105196	44121705	Mechanical pencils
105202	105196	44121706	Wooden pencils
105203	105196	44121707	Colored pencils
105204	105196	44121708	Marcadores
105205	105196	44121709	Crayons
105206	105196	44121710	Writing chalk or accessories
105207	105169	44121800	Medios de corrección
105208	105207	44121801	Correction film or tape
105209	105207	44121802	Líquido corrector
105210	105177	44121619	Manual pencil sharpener
105211	105169	44121900	Recambios de tinta y minas de lápices
105213	105211	44121902	Lead refills
105215	106	45000000	Equipo y Suministros de Imprenta
105216	105215	45100000	Equipo de imprenta y publicación
105217	105216	45101500	Maquinaria y equipo de imprenta
105218	105217	45101501	Heliographic printers
105219	105217	45101502	Offset printing presses
105220	105217	45101503	Letterpress equipment
105221	105217	45101504	Lithographic equipment
105222	105217	45101505	Photogravure printing machines
105223	105217	45101506	Silk screen printing machines
105224	105217	45101507	Printing presses
105225	105217	45101508	Perforating machines
105226	105216	45101600	Accesorios para máquinas de imprenta
105227	105287	45121513	Offset cameras
105228	105226	45101602	Offset darkroom equipment
105229	105226	45101603	Offset printing consumables
105230	105226	45101604	Offset printing plate processors
105232	105226	45101606	Offset film processors
105233	105226	45101607	Silk screen arc lamps
105234	105226	45101608	Silk screen screens
105235	105226	45101609	Silk screen printing racks
105236	105226	45101610	Silk screen vacuum printing frames
105237	105226	45101611	Silk screen squeegees
105238	105216	45101700	Accesorios de imprenta
105239	105238	45101701	Printing assemblers
105240	105238	45101702	Printing guillotines
105241	105238	45101703	Printing collators or decollators
105242	105238	45101704	Printing cutters
105243	105238	45101705	Printing trimmers
105244	105238	45101706	Printing punches
105245	105238	45101707	Printing plates
105246	105238	45101708	Printing awls
105247	105216	45101800	Equipo de cosido y encuadernación de libros y accesorios
105248	105247	45101801	Book creasing machines
105249	105247	45101802	Book cutting machines
105250	105247	45101803	Book punching machines
105251	105247	45101804	Book stitching machines
105252	105247	45101805	Book jogging machines
105253	105247	45101806	Book gathering machines
105254	105247	45101807	Book folding machines
105255	105216	45101900	Equipo y accesorios de laboratorio de imprenta
105256	105255	45101901	Banding machines
105257	105255	45101902	Platemakers
105258	105255	45101903	Paper drilling machines
105259	105255	45101904	Enlargers
105260	105255	45101905	Drawing or retouching boards
105261	105287	45121514	Photocopier cameras
105262	105216	45102000	Máquinas y accesorios de composición
105263	105262	45102001	Intertype composing machines
105264	105262	45102002	Linotype composing machines
105265	105262	45102003	Photocomposition materials
105266	105262	45102004	Monotype composing machines
105267	105262	45102005	Phototypesetting machines
105268	105215	45110000	Equipos de audio y video para presentación y composición
105269	105268	45111500	Atriles
105270	105269	45111501	Free standing lecterns
105271	105269	45111502	Table top lecterns
105272	105268	45111600	Proyectores y suministros
105273	105272	45111601	Pointers
105274	105272	45111602	Projection lamps
105275	105272	45111603	Projection screens or displays
105276	105272	45111604	Slide projectors
105277	105272	45111605	Transparency equipment or supplies
105278	105272	45111606	Liquid crystal display projection panels
105279	105272	45111607	Overhead projectors
105280	105272	45111608	Film projectors
105281	105272	45111609	Multimedia projectors
105282	105272	45111610	Epidiascopes
105285	105313	45131604	Blank video tapes
105286	105215	45120000	Equipo de vídeo
105287	105286	45121500	Cámaras
105288	105287	45121501	Still cameras
105289	105287	45121502	Instant print cameras
105290	105287	45121503	Disposable cameras
105291	105287	45121504	Digital cameras
105292	105287	45121505	Cinematographic cameras
105293	135663	45121801	Microfilm cameras
105295	105287	45121510	Aerial cameras
105296	105287	45121511	High speed cameras
105297	105287	45121512	Underwater cameras
105298	105286	45121600	Accesorios para cámaras
105299	105298	45121601	Camera flashes or lighting
105300	105298	45121602	Camera tripods
105301	105298	45121603	Camera lens
105302	105286	45121700	Equipo de elaboración fotográfica
105303	105302	45121701	Film driers
105304	105302	45121702	Film washers
105305	105302	45121703	Film splicers
105306	105302	45121704	Film editors
105307	105302	45121705	Photographic enlargers
105308	105215	45130000	Medios fotográficos y de grabación
105309	105308	45131500	Película para cámara fotográfica
105310	105309	45131501	Color film
105311	105309	45131502	Black and white film
105312	105309	45131503	Instant picture film
105313	105308	45131600	Medios cinematográficos
105314	105313	45131601	Motion picture camera film
105316	105309	45131505	X ray film
105317	105215	45140000	Suministros fotográficos para cine
105318	105317	45141500	Photographic processing chemicals
105319	105318	45141501	Developer solution
105320	105318	45141502	Fixative
105321	105317	45141600	Darkroom supplies
105322	105321	45141601	Developing trays
105323	105321	45141602	Developing tanks
105324	105321	45141603	Developing tongs
105325	107	46000000	Equipos y Suministros de Defensa
105326	105325	46100000	Armas ligeras y munición
105327	105326	46101500	Armas de fuego
105331	105327	46101504	Handguns
105332	105327	46101505	Air rifles or air handguns
105333	105326	46101600	Munición
105335	105326	46101700	Sistemas de manipulación de munición
105338	105325	46110000	Armas de guerra convencionales
105339	105338	46111500	Bombs and grenades
105346	105325	46120000	Misiles
105359	105325	46130000	Cohetes y subsistemas
105371	105325	46140000	Lanzadores
105375	105325	46150000	Orden Público
105376	105375	46151500	Equipo de control de masas
105377	105376	46151501	Barricadas
105378	105376	46151502	Cascos antidisturbios
105379	105376	46151503	Escudos antidisturbios
105380	105376	46151504	Equipo de protección corporal
105381	105376	46151505	Barreras
105382	105375	46151600	Equipo de seguridad y control
105383	105382	46151601	Manillas
105384	105382	46151602	Porras de madera
105385	136634	46151715	Fingerprint equipment
105386	105382	46151604	Analizadores de alcohol
105387	105382	46151605	Detectores de armas o explosivos
105388	105382	46151606	Equipo de pruebas de narcóticos
105389	105325	46160000	Seguridad y control público
105390	105389	46161500	Control de tráfico
105391	105390	46161501	Sistemas de señalización aeroportuaria
105392	105390	46161502	Sistemas de señalización ferroviaria
105393	105390	46161503	Sistemas de señalización marítima
105394	105390	46161504	Señales de tráfico
105396	105325	46170000	Seguridad
105397	105396	46171500	Cerraduras
105406	105396	46171600	Equipo de vigilancia y detección
105407	107751	46191501	Detectores de humo
105408	105406	46171602	Safety horns
105409	105406	46171603	Clock timers
105410	105406	46171604	Alarm systems
105411	105406	46171605	Door chimes
105412	105406	46171606	Sirens
105413	105406	46171607	Buzzers
105414	105406	46171608	Motion detectors
105415	105406	46171609	Convex security mirrors
105416	105406	46171610	Cámaras de seguridad
105417	105406	46171611	Video identification systems
105418	105406	46171612	Monitores de vídeo
105419	105406	46171613	Gas detectors
105421	105406	46171615	Light enhancing cameras or vision devices
105422	105325	46180000	Seguridad y protección personal
105423	105422	46181500	Ropa protectora contra materias peligrosas
105424	105423	46181501	Protective aprons
105425	105423	46181502	Chalecos antibalas
105426	105423	46181503	Protective coveralls
105427	105423	46181504	Guantes protectores
105429	105423	46181506	Protective ponchos
105430	105423	46181507	Chalecos de protección
105431	105423	46181508	Fire retardant apparel
105432	105423	46181509	Hazardous material protective apparel
105435	105423	46181512	Cleanroom apparel
105442	132488	46182306	Safety harnesses or belts
105448	105422	46181600	Calzado de protección
105449	105448	46181601	Fire retardant footwear
105450	105448	46181602	Hazardous material protective footwear
105451	105448	46181603	Cleanroom footwear
105452	105448	46181604	Safety boots
105453	105448	46181605	Safety shoes
105454	105422	46181700	Protectores de cara y cabeza
105455	105454	46181701	Hard hats
105456	105454	46181702	Facial shields
105458	105454	46181704	Cascos de protección
105459	105454	46181705	Cascos de motocicleta
105460	105422	46181800	Protección y accesorios para la visión
105461	105460	46181801	Eyewear holders or cases
105462	105460	46181802	Safety glasses
105464	105460	46181804	Goggles
105465	105422	46181900	Protectores auditivos
105466	142282	42143523	Ear plugs
105467	105465	46181902	Ear muffs
105468	105422	46182000	Protección de la respiración
105469	105468	46182001	Masks or accessories
105470	105468	46182002	Respirators
105471	105468	46182003	Gas masks
105472	105422	46182100	Equipo y suministros antiestáticos
105473	105472	46182101	Antistatic wrist straps
105475	105422	46182200	Equipo de apoyo ergonómico
105482	105	47000000	Equipo y Suministros de limpieza
105483	105482	47100000	Tratamiento
105484	105483	47101500	Equipo para el tratamiento y suministro de agua
105485	105484	47101501	Activated carbon equipment
105486	105484	47101502	Ammonia removal equipment
105487	105484	47101503	Carbon filtration equipment
105488	105484	47101504	Bacterial removal equipment
105490	105484	47101506	Corrosion control equipment
105491	105484	47101507	Grit chambers
105492	105484	47101508	Desalination equipment
105494	105484	47101510	Iron removal equipment
105496	105484	47101512	Mixers or agitators
105497	105484	47101513	Oxygen generators
105498	105484	47101514	Water purification equipment
105501	105484	47101517	Ultraviolet disinfection equipment
105505	105484	47101521	Ultrafiltration equipment
105506	105484	47101522	Packaged water treatment systems
105507	105484	47101523	Collection tanks
105508	105484	47101524	Sludge or sewage composting equipment
105509	105484	47101525	Dewatering equipment
105512	105484	47101528	Water treatment dryers
105513	105484	47101529	Incinerators
105514	105484	47101530	Odor control equipment
105515	105484	47101531	Septic tanks
105516	105484	47101532	Settling tanks
105518	105484	47101534	Sewage distributors
105519	105484	47101535	Sludge disposal equipment
105520	105484	47101536	Sludge collectors
105521	105484	47101537	Sludge conditioning equipment
105522	105484	47101538	Sludge or sewage digesters
105524	105483	47101600	Consumibles para el tratamiento de agua
105525	105524	47101601	Algaecides
105529	105524	47101605	Bacterial removal chemicals
105530	105524	47101606	Corrosion control chemicals
105533	105524	47101609	Microbiocides
105535	105524	47101611	Demulsifiers
105537	105482	47110000	Equipo industrial de lavandería y limpieza en seco
105538	105537	47111500	Equipo de lavado y secado
105539	105538	47111501	Laundry type combined washing or drying machines
105540	105538	47111502	Laundry type washing machines
105541	105538	47111503	Clothes dryers
105543	105537	47111600	Equipo de planchado
105547	105537	47111700	Equipo de limpieza en seco
105549	105482	47120000	Equipo de limpieza
105550	105549	47121500	Carros y accesorios para limpieza
105551	105550	47121501	Cleaning or janitorial cart
105552	105550	47121502	Cleaning or janitorial cart accessories
105553	105549	47121600	Máquinas y accesorios para suelos
105555	105549	47121700	Envases y accesorios para residuos
105556	105555	47121701	Trash bags
105557	105555	47121702	Waste containers or rigid liners
105558	105555	47121703	Smoking urns or accessories
105559	105549	47121800	Equipo de limpieza
105560	105559	47121801	Cleaning dusters
105561	105559	47121802	Lint removers
105562	105559	47121803	Squeegees or washers
105563	105559	47121804	Cleaning pails or buckets
105564	105482	47130000	Suministros de limpieza
105565	105564	47131500	Trapos y paños de limpieza
105566	105565	47131501	Rags
105567	105565	47131502	Cleaning cloths or wipes
105568	105564	47131600	Escobas
105569	105568	47131601	Dust brushes or pans
105570	105568	47131602	Scouring pads
105571	105568	47131603	Sponges
105572	105568	47131604	Brooms
105573	105568	47131605	Cleaning brushes
105574	105568	47131617	Dust mops
105575	105568	47131618	Wet mops
105576	105568	47131608	Toilet brushes
105578	105564	47131700	Suministros para aseos
105579	105578	47131701	Paper towel dispensers
105580	105578	47131702	Sanitary goods dispensers
105581	105578	47131703	Sanitary waste receptacles
105582	105578	47131704	Institutional soap or lotion dispensers
105586	105564	47131800	Soluciones de limpieza y desinfección
105587	105586	47131801	Floor cleaners
105589	105586	47131803	Household disinfectants
105590	105586	47131804	Ammonia cleaners
105591	105	48000000	Maquinaria
105592	105591	48100000	Equipos de servicios de alimentación para instituciones
105593	105592	48101500	Equipo para cocinar o calentar
105594	105593	48101501	Commercial use bain maries
105595	105593	48101502	Commercial use barbeque ovens
105596	105593	48101503	Commercial use broilers
105597	105593	48101504	Commercial use charcoal grills
105598	105593	48101505	Commercial use coffee or iced tea makers
105599	105593	48101506	Commercial use coffee warmers
105600	105593	48101507	Commercial use convection ovens
105601	105593	48101508	Commercial use conveyer toasters
105602	105593	48101509	Commercial use deep fryers
105603	105593	48101510	Commercial use food warmers
105604	105593	48101511	Commercial use griddles
105605	105593	48101512	Commercial use grills
105606	105593	48101513	Commercial use heat lamps
105607	105593	48101514	Commercial use high pressure steamers
105608	105593	48101515	Commercial use hot dog grills
105609	105593	48101516	Commercial use microwave ovens
105610	105593	48101517	Commercial use ovens
105611	105593	48101518	Commercial use pasta cookers
105612	105593	48101519	Commercial use pizza ovens
105613	105593	48101520	Commercial use popcorn machines
105614	105593	48101521	Commercial use ranges
105615	105593	48101522	Commercial use rotisseries
105616	105593	48101523	Commercial use smokers or smoke ovens
105617	105593	48101524	Commercial use steamers
105618	105593	48101525	Commercial use toasters
105619	105593	48101526	Commercial use waffle irons
105620	105592	48101600	Equipos para preparado de alimentos
105621	105620	48101601	Commercial use blenders
105622	105620	48101602	Commercial use electric can openers
105623	105620	48101603	Commercial use food choppers or cubers or dicers
105624	105620	48101604	Commercial use coffee grinders
105625	105620	48101605	Commercial use food grinders
105626	105620	48101606	Commercial use graters
105627	105620	48101607	Commercial use juicers
105628	105620	48101608	Commercial use mixers
105629	105620	48101609	Commercial use pasta machines
105630	105620	48101610	Commercial use peelers
105631	105620	48101611	Commercial use scales
105632	105620	48101612	Commercial use food processors
105633	105592	48101700	Distribuidores automáticos de comida y bebida
105634	105633	48101701	Carbonated beverage dispenser
105635	105633	48101702	Non carbonated beverage dispenser
105636	105633	48101703	Milk dispensers
105637	105633	48101704	Syrup pumps
105638	105633	48101705	Cappuccino or espresso machines
105639	105633	48101706	Milkshake machines
105640	105633	48101707	Soft serve machines
105641	105633	48101708	Slush machines
105642	105633	48101709	Ice dispensers
105643	105592	48101800	Menaje y utensilios de cocina
105644	105643	48101801	Commercial use cutlery
105645	105643	48101802	Commercial use molds
105646	105643	48101803	Commercial use scoops
105647	105643	48101804	Commercial use measuring cups
105648	105643	48101805	Commercial use mixing bowls
105649	105643	48101806	Commercial use cake or pie pans
105650	105643	48101807	Commercial use pizza pans
105651	105643	48101808	Commercial use sauce or saute pans
105652	105643	48101809	Commercial use stock or sauce pots
105653	105643	48101810	Commercial use pot or pan covers
105654	105643	48101811	Commercial use rolling pins
105655	105643	48101812	Commercial use strainers
105656	105643	48101813	Commercial use whisks
105657	105643	48101814	Commercial use woks
105658	105643	48101815	Commercial use ladles
105659	105592	48101900	Tazas para servicio de mesa
105660	105659	48101901	Food service dinnerware
105661	105659	48101902	Food service flatware
105662	105659	48101903	Food service glasses
105663	105659	48101904	Food service stemware
105664	105659	48101905	Food service cups or mugs
105665	105659	48101906	Food service serving baskets
105666	105659	48101907	Food service pitchers
105667	105659	48101908	Food service chafers
105668	105659	48101909	Food service coffee or tea pots
105669	105659	48101910	Food service soup crocks
105670	105659	48101911	Food service ice buckets or wine coolers
105671	105659	48101912	Food service condiment dispensers
105672	105659	48101913	Food service punch bowls
105673	105659	48101914	Food service wine carafes
105674	105659	48101915	Food service trays
105675	105592	48102000	Mobiliario de restaurantes
105676	105675	48102001	Restaurant chairs
105677	105675	48102002	Booths
105678	105675	48102003	Salad bars
105679	105675	48102004	Tabletops
105680	105675	48102005	Bar stools
105681	105675	48102006	Permanent bars
105682	105675	48102007	Portable bars
105683	105592	48102100	Suministros y equipo de manipulación y almacenamiento
105684	105683	48102101	Display cases
105685	105683	48102102	Heated display cases
105686	105683	48102103	Refrigerated display cases
105687	105683	48102104	Ice cream display cases
105688	108	49000000	Equipos
105689	105688	49100000	Coleccionables y condecoraciones
105698	105689	49101600	Coleccionables
105700	105698	49101602	Recuerdos o souvenirs
105707	105689	49101700	Premios
105708	105707	49101701	Medallas
105709	105707	49101702	Trofeos
105712	133448	60130000	Instrumentos musicales
105713	105712	60131000	Keyboard instruments
105714	105713	60131003	Musical organs
105716	105713	60131001	Pianos
105717	105712	60131100	Brass instruments
105718	105717	60131101	Trumpets
105719	105717	60131102	Trombones
105721	105717	60131104	Saxophones
105722	105712	60131200	Woodwind instruments
105723	105722	60131201	Clarinets
105724	105722	60131202	Oboes
105725	105722	60131203	Musical flutes
105726	105722	60131204	Piccoloes
105729	105712	60131300	String instruments
105730	105729	60131301	Harpsichords
105731	105729	60131302	Clavichords
105732	105729	60131303	Guitars
105733	105729	60131304	Violins
105734	105729	60131305	Harps
105735	105729	60131306	Banjoes
105736	105712	60131400	Percussion instruments
105737	105736	60131401	Cymbals
105738	105736	60131402	Bells
105739	105736	60131403	Tambourines
105740	105736	60131404	Castanets
105741	105736	60131405	Drums
105742	105736	60131406	Xylophones
105743	105712	60131500	Musical instrument parts and accessories
105744	105743	60131501	Metronomes
105746	105743	60131503	Instrument strings or picks
105747	105688	49120000	Equipos y accesorios para acampada y exterior
105748	105747	49121500	Equipos para acampada y exterior
105749	107523	24141506	Tarpaulins
105750	105748	49121502	Sleeping pads
105751	105748	49121503	Tiendas de campaña
105752	105748	49121504	Sacos de dormir
105753	105748	49121505	Ice chests
105754	105748	49121506	Tent repair kits
105755	105748	49121507	Pneumatic mattresses
105756	105748	49121508	Mosquito nets
105757	105748	49121509	Camping or outdoor stoves
105758	105747	49121600	Muebles de cámping
105759	105758	49121601	Camping chairs or stools
105760	105758	49121602	Camping tables
105761	105758	49121603	Camping cots
105762	105688	49130000	Equipos de pesca y caza
105763	105762	49131500	Fishing tackle
105764	105763	49131501	Fishing rods
105777	105688	49140000	Equipos para deportes acuáticos
105778	105777	49141500	Scuba and snorkeling gear
105779	105778	49141501	Bouyancy compensators
105780	105778	49141502	Scuba tanks
105781	105778	49141503	Scuba regulators
105782	105778	49141504	Diving instruments or accessories
105783	105778	49141505	Masks or fins or snorkels
105784	105778	49141506	Wetsuits
105785	105778	49141507	Drysuits
105794	105688	49150000	Equipos para deportes de invierno
105795	105794	49151500	Skiing and snowboarding equipment
105796	105795	49151501	Ski boots
105797	105795	49151502	Skis
105805	105688	49160000	Equipos deportivos para campos y canchas
105806	105805	49161500	Field sports equipment
105807	105806	49161501	Football blocking sleds
105809	105806	49161503	Baseballs
105810	105806	49161504	Footballs
105811	105806	49161505	Soccer balls
105812	105806	49161506	Baseball bats
105815	105806	49161509	Softballs
105817	105805	49161600	Racquet and court sports equipment
105818	105817	49161601	Racquetball rackets
105819	105817	49161602	Badminton rackets
105820	105817	49161603	Basketballs
105821	105817	49161604	Tennis balls
105824	105817	49161607	Tennis racquets
105825	105817	49161608	Volleyballs
105828	105805	49161700	Track sports equipment
105830	105828	49161702	Jumping bars
105836	105688	49170000	Equipos de gimnasia y boxeo
105837	105836	49171500	Gymnastics equipment
105838	105837	49171501	Gymnastic bars or beams
105840	105837	49171503	Gymnastic vaulting equipment
105842	105836	49171600	Boxing equipment
105843	105842	49171601	Boxing rings
105846	105688	49180000	Juegos y equipo de tiro y mesa
105847	105846	49181500	Table games and equipment
105848	105847	49181501	Billiard tables
105854	105847	49181507	Tennis tables
105863	105688	49200000	Equipo para entrenamiento físico
105864	105863	49201500	Aerobic training equipment
105865	105864	49201501	Treadmills
105867	105864	49201503	Stationary bicycles
105868	105864	49201504	Rowing machines
105869	107788	49201601	Dumbbells
105876	105864	49201512	Jump ropes
105878	105688	49210000	Otros deportes
105881	105878	49211600	Golf equipment
105885	105688	49220000	Equipo de deporte y accesorios
105886	105885	49221500	Sport accessories
105887	105886	49221501	Sport scoreboards
105888	105886	49221502	Sport goals
105891	105886	49221505	Sport nets or netting
105893	133448	60140000	Juguetes y juegos
105894	105893	60141000	Toys
105908	105893	60141100	Games
105910	105908	60141102	Board games
105914	105688	49240000	Equipo de recreo y parques infantiles y equipo y suministros de natación y de spa
105915	105914	49241500	Equipo de parques infantiles
105916	105915	49241501	Columpios de parques infantiles
105918	105915	49241503	Norias para parques infantiles
105924	105	50000000	Alimentos
105925	105924	50100000	Frutas
105993	105925	50101700	Nuts and seeds
106008	105924	50110000	Productos de carne y aves de corral
106009	106008	50111500	Minimally processed meat and poultry products
106035	105924	50120000	Pescados y mariscos
106036	106035	50121500	Pescado
106087	105924	50130000	Productos lácteos y huevos
106099	106087	50131600	Huevos y sustitutos
106125	105924	50150000	Aceites y grasas comestibles
106126	106125	50151500	Edible vegetable and plant oils and fats
106139	106125	50151600	Edible animal oils and fats
106148	105924	50160000	Chocolates
106149	106148	50161500	Chocolate and sugars and sweetening products
106169	106148	50161800	Confectionary products
106172	105924	50170000	Condimentos y conservantes
106173	106172	50171500	Herbs and spices and extracts
106239	105924	50180000	Productos de panadería
106251	106239	50181700	Baking mixes and supplies
106264	105924	50190000	Alimentos preparados y conservados
106265	106264	50191500	Sopas y estofados
106298	106264	50192100	Tentempiés
106303	105924	50200000	Bebidas
106304	114724	50202301	Agua
106319	106303	50201700	Café y té
106320	106319	50201709	Instant coffee
106322	106319	50201706	Coffee
106330	114724	50202306	Refrescos
106350	105924	50210000	Tabaco y productos de fumar y substitutos
106358	104	51000000	Medicamentos y Productos Farmacéuticos
106359	106358	51100000	Medicamentos antiinfecciosos
106363	181785	51282004	Cloranfenicol
106364	181894	51283002	Clindamicina
106369	181984	51284017	Tetraciclina
106370	106359	51101600	Amebicidas
106371	106404	51101923	Atovacuona
106372	106370	51101602	Hidrocloruro de eflornitina
106373	181844	51282808	Metronidazol
106374	106358	51450000	Antihelmínticos y otros antiparasitarios
106375	184068	51451801	Albendazol
106376	184076	51452401	Mebendazol
106377	184086	51453201	Oxamniquina
106379	184080	51452701	Prazicuantel
106380	184075	51452301	Pamoato de pirantel
106381	184088	51453501	Tiabendazol
106382	106358	51300000	Fungicidas
106383	182394	51302401	Anfotericina B
106384	182354	51301802	Hidrocloruro de butenafina
106387	182369	51302308	Cotrimazol
106389	182425	51303402	Fluconazol
106390	182409	51303001	Flucitosina
106391	182357	51301904	Griseofulvina
106392	182425	51303403	Itraconazol
106393	182369	51302318	Ketoconazol
106394	182369	51302320	Miconazol
106396	182394	51302403	Natamicina
106397	182394	51302404	Nistatina
106402	182369	51302325	Tioconazol
106403	182361	51302004	Tolnaftato
106404	106359	51101900	Medicamentos contra la malaria
106406	106404	51101902	Hidrocloruro de mefloquina
106407	106404	51101903	Fosfato de primaquina
106408	106404	51101904	Sulfato de quinina
106409	181731	51281500	Medicamentos antituberculosos
106410	181916	51283301	Cicloserina
106411	106409	51281501	Hidrocloruro de etambutol
106412	106409	51281502	Isoniacida
106416	181896	51283110	Clofacimina
106417	200980	51287004	Dapsona
106419	181851	51282901	Cinoxacina
106422	200955	51285907	Mandelato metenamina
106423	181851	51282951	Ácido nalidixico
106426	178934	51172201	Polisulfato de pentosan sódico
106428	106358	51340000	Medicamentos antivirales
106432	182879	51342901	Didanosina
106433	182879	51342902	Famciclovir
106436	182885	51343101	Idoxuridina
106438	182885	51343110	Lamivudina
106439	182882	51343002	Nevirapina
106440	182855	51342503	Ribavirina
106441	182823	51341604	Hidrocloruro de rimantadina
106442	182899	51343203	Ritonavir
106446	182845	51342310	Hidrocloruro de valaciclovir
106447	182879	51342904	Vidarabina
106448	182885	51343115	Zalcitabina
106450	106358	51110000	Agentes antitumorales
106452	199865	51112901	Amifostine
106453	199837	51112301	Busulfan
106454	199857	51112701	Carboplatin
106455	199853	51112601	Carmustine
106456	199844	51112505	Chlorambucil
106458	199844	51112507	Cyclophosphamide
106459	199840	51112402	Dacarbazine
106460	199844	51112510	Ifosfamide
106463	199844	51112513	Melphalan
106464	106870	51172324	Mesna
106465	199872	51113501	Pipobroman
106469	106450	51111600	Antimetabolites
106470	200385	51203402	Cladribine
106471	106469	51111602	Cytarabine
106473	202019	51442001	Fludarabine
106474	202019	51442004	Fluorouracil
106475	106469	51111606	Hydroxycarbamide or hydroxyurea
106478	200385	51203403	Mercaptopurine
106479	106469	51111610	Methotrexate
106482	106450	51111700	Antineoplastic antibiotics
106484	181785	51282001	Dactinomycin
106486	106482	51111704	Mitomycin
106491	106450	51111800	Hormones and antihormones
106492	106491	51111875	Anastrozole
106493	106491	51111802	Bicalutamide
106494	106491	51111803	Estramustine
106495	106786	51182027	Flutamide
106496	106491	51111805	Goserelin
106498	106491	51111807	Leuprolide
106499	106786	51182035	Nilutamide
106500	106491	51111873	Tamoxifen
106506	106450	51111900	Natural antineoplastic products
106507	106506	51111901	Asparaginase
106508	106404	51101929	Docetaxel
106510	106506	51111904	Paclitaxel
106512	106358	51120000	Medicamentos cardiovasculares
106513	106512	51121500	Antiarrythmic agents
106514	199906	51124101	Adenosine
106515	199916	51124404	Digoxin
106519	106813	51191554	Isosorbide dinitrate
106520	183696	51411605	Glyceryl trinitrate or glyceryltrinitrate or nitroglycerin
106522	106358	51430000	Antihypertensive drugs
106525	183927	51432401	Captopril
106526	183952	51432805	Lisinopril
106527	183991	51433915	Felodipine
106529	183884	51431609	Verapamil
106530	183898	51431803	Methyldopa
106531	181505	51262002	Carvedilol
106534	106358	51320000	Antihyperlipidemic and hypocholesterolemic agents
106537	182615	51322704	Simvastatin
106544	106358	51130000	Medicamentos hematólicos
106545	106544	51131500	Antianemic drugs
106548	111528	51191917	Ferrous sulfate
106549	106544	51131600	Anticoagulants
106551	106549	51131602	Heparin
106553	106549	51131604	Warfarin
106554	106544	51131700	Thrombolytic drugs and platelet aggregation inhibitors
106555	106554	51131701	Abciximab
106556	183747	51412702	Alteplase
106557	106554	51131703	Streptokinase
106559	106358	51140000	Medicamentos para el sistema nervioso central
106560	106559	51141500	Anticonvulsants
106561	106560	51141501	Acetazolamide
106562	183605	51401516	Clonazepam
106564	106560	51141504	Lamotrigine
106565	183018	51361918	Phenobarbital
106567	106560	51141507	Phenytoin
106569	106358	51290000	Antidepressants
106573	182209	51292908	Mirtazapine
106574	182298	51294513	Paroxetine hydrochloride
106576	106358	51330000	Antipsychotics
106578	182679	51332501	Haloperidol
106579	183651	51401705	Olanzapine
106580	182766	51333601	Risperidone
106581	106358	51360000	Hypnotics
106584	182998	51361501	Chloral hydrate
106586	183605	51401550	Triazolam
106587	106358	51400000	Tranquilizers and antimanic and antianxiety drugs
106590	182653	51331901	Lithium carbonate
106595	183222	51381701	Acetaminophen or paracetamol
106597	183211	51381505	Mesalamine or mesalazine
106599	106358	51380000	Nonsteroidal anti inflammatory drugs NSAIDs
106605	183330	51384509	Ibuprofen
106607	183330	51384511	Ketoprofen
106608	183330	51384514	Naproxen
106611	183262	51382702	Sulindac
106619	183141	51372108	Oxycodone
106621	106559	51142300	Narcotic antagonists
106623	106621	51142302	Naloxone
106625	106559	51142400	Drugs used for vascular and migraine headaches
106628	106559	51142500	Antiparkinson drugs
106629	106628	51142501	Bromocriptine
106639	106358	51150000	Medicamentos para el sistema nervioso autónomo
106640	106639	51151500	Cholinergic drugs and cholinesterase inhibitors
106645	106639	51151600	Cholinergic blocking agents
106649	106645	51151604	Trihexyphenidyl
106650	106358	51390000	Sympathomimetic or adrenergic drugs
106651	183449	51391703	Albuterol or salbutamol
106652	143957	51241131	Brimonidine tartrate
106660	106358	51260000	Adrenergic blocking agents
106661	181554	51263101	Atenolol
106667	106639	51151900	Centrally acting skeletal muscle relaxants
106668	106673	51152017	Baclofen
106671	106667	51151904	Methocarbamol
106673	106639	51152000	Neuromuscular blocking agents
106677	106673	51152004	Vecuronium
106678	106358	51160000	Medicamentos que afectan al tracto respiratorio
106679	106678	51161500	Antiasthmatic drugs
106683	183442	51391602	Aminophylline
106684	183583	51393405	Theophylline
106685	106358	51310000	Antihistamines or H1 blockers
106689	106724	51171820	Dimenhydrinate
106691	182451	51312204	Loratadine
106693	106678	51161700	Drugs used for respiratory tract disorders
106694	200151	51162701	Acetylcysteine
106695	106693	51161702	Beractant
106696	183826	51421802	Budesonide
106698	106693	51161705	Ipratropium bromide
106699	106678	51161800	Cough and cold and antiallergy products
106700	200136	51162603	Benzonatate
106706	106358	51170000	Medicamentos que afectan al sistema gastrointestinal
106707	106706	51171500	Antacids and antiflatulents
106712	106706	51171600	Laxatives
106717	106712	51171605	Lactulose
106719	106712	51171607	Psyllium hydrophilic muciloid
106720	106706	51171700	Antidiarrheals
106724	106706	51171800	Antiemetics and antinauseants and antivertigo agents
106730	106706	51171900	Antiulcer and related gastrointestinal GI drugs
106731	106730	51171901	Cimetidine
106735	106730	51171905	Cisapride
106736	106730	51171906	Lansoprazole
106738	106795	51182214	Misoprostol
106742	106730	51171962	Ursodeoxycholic acid or ursodiol
106743	106358	51180000	Hormonas y antagonistas hormonales
106744	106743	51181500	Antidiabetic agents and hyperglycemic agents
106745	200309	51183801	Acarbose
106748	199917	51124503	Glimepiride
106750	200297	51183603	Insulin
106753	106743	51181600	Thyroid and antithyroid drugs
106757	106753	51181604	Thyroid-stimulating hormone or thyrotropin or thyrotropin alfa
106758	106753	51181605	Methimazole
106759	106753	51181606	Propylthiouracil
106760	106358	51420000	Corticosteroids
106761	183843	51422303	Betamethasone
106764	183843	51422306	Dexamethasone
106766	183858	51422415	Hydrocortisone
106768	183843	51422315	Prednisolone
106770	106358	51350000	Estrógenos
106773	182954	51351804	Estrogens conjugated
106775	182968	51352006	Levonorgestrel
106776	182923	51351511	Megestrol acetate
106779	106743	51181900	Gonadotropic hormones and ovarian stimulants and inhibitors
106780	106779	51181901	Choriogonadotropin alfa or chorionic gonadotropin
106781	106786	51182024	Danazol
106786	106743	51182000	Androgens and androgen inhibitors
106788	106786	51182002	Testosterone
106792	106743	51182100	Posterior pituitary hormones
106793	106792	51182101	Desmopressin
106794	106792	51182102	Argipressin or vasopressin
106795	106743	51182200	Drugs for inducing labor
106796	106795	51182201	Dinoprostone
106797	106795	51182202	Methylergometrine or methylergonovine
106798	106795	51182203	Oxytocin
106799	106743	51182300	Growth hormones and their inhibitors
106801	106799	51182302	Human growth hormone or somatotropin or somatropin
106802	106743	51182400	Calcium regulators and calcium salts
106805	111528	51191915	Calcium gluconate
106808	106802	51182406	Alendronic acid or alendronate sodium
106809	106753	51181613	Calcitonin
106812	106358	51190000	Agentes que afectan el agua y los electrolitos
106813	106812	51191500	Diuretics
106815	106813	51191502	Chlortalidone or chlorthalidone
106817	106813	51191504	Bumetanide
106820	106813	51191507	Spironolactone
106822	106813	51191509	Mannitol
106823	106812	51191600	Electrolytes
106825	106823	51191602	Sodium chloride electrolytes
106828	106812	51191800	Potassium salts
106830	106828	51191802	Potassium chloride
106832	106358	51200000	Medicamentos inmunomoduladores
106833	106832	51201500	Immunosuppressants
106834	200385	51203401	Azathioprine
106835	200379	51203101	Ciclosporin or cyclosporine
106836	200380	51203203	Mycophenolate or mycophenolic acid
106837	200370	51202804	Tacrolimus
106838	106832	51201600	Vacunas
106842	106838	51201604	Diphteria vaccine
106844	106838	51201606	Hemophilus influenzae vaccine
106845	106838	51201607	Hepatitis B virus vaccine
106846	106838	51201608	Influenza virus vaccine
106847	106838	51201609	Measles virus vaccine
106848	106838	51201610	Meningococcal vaccine
106853	106838	51201615	Pneumococcal vaccine
106854	106838	51201616	Poliovirus vaccine
106855	106838	51201617	Rabies vaccine
106856	106838	51201618	Rota virus vaccine
106858	106838	51201620	Smallpox vaccine
106859	106838	51201621	Tetanus vaccine
106861	106838	51201623	Typhoid vaccine
106862	106838	51201624	Varicella virus vaccine
106863	106838	51201625	Yellow fever vaccine
106865	106812	51192000	Antigout drugs
106866	106865	51192001	Allopurinol
106867	106865	51192002	Colchicine
106870	106706	51172300	Antidotes and emetics
106872	200352	51202206	Dexrazoxane
106876	183605	51401525	Flumazenil
106879	106870	51172305	Protamine sulfate
106882	108	52000000	Muebles
106883	106882	52100000	Revestimientos de suelos
106884	106883	52101500	Alfombras y felpudos
106894	111070	56100000	Muebles de alojamiento
106895	106894	56101500	Muebles
106913	106894	56101600	Muebles para el exterior
106919	106882	52120000	Ropa de cama
106920	106919	52121500	Ropa de cama
106921	106920	52121501	Quilts
106925	106920	52121505	Pillows
106928	106920	52121508	Blankets
106933	106919	52121600	Mantelerías de cocina y mesa y accesorios
106940	106919	52121700	Toallas
106945	106882	52130000	Window treatments
106946	106945	52131500	Cortinas y ropaje
106953	106882	52140000	Aparatos electrodomésticos
106954	106953	52141500	Electrodomésticos para cocina
106955	106954	52141501	Refrigeradores domésticos
106956	106954	52141502	Hornos microondas domésticos
106984	106953	52141600	Lavadoras y suministros de uso doméstico
106988	106953	52141700	Aparatos de baño domésticos
106992	106953	52141800	Otros electrodomésticos
106996	106882	52150000	Utensilios de cocina domésticos
106997	106996	52151500	Utensilios de cocina desechables domésticos
106998	106997	52151501	Domestic disposable cookware
107001	106997	52151504	Domestic disposable cups or glasses or lids
107002	106996	52151600	Utensilios de cocina domésticos
107010	106996	52151700	Cubertería y cuchillería de uso doméstico
107015	106996	52151800	Batería de cocina doméstica
107025	106996	52151900	Utensilios para hornear domésticos
107033	106996	52152000	Platos
107043	106996	52152100	Cristalería de uso doméstico
107044	107043	52152101	Domestic coffee or tea cups
107048	106882	52160000	Electrónica de consumo
107049	107048	52161500	Equipos audiovisuales
107051	107049	52161502	Cassette players or recorders
107054	107049	52161505	Televisores
107055	105287	45121515	Hand held camcorders or video cameras
107060	107049	52161511	Radios
107061	105406	46171616	Radar detectors
107062	108	53000000	Ropa
107063	107062	53100000	Ropa
107064	107063	53101500	Pantalones de esport
107070	107063	53101600	Faldas y blusas
107076	107063	53101700	Suéteres
107082	107063	53101800	Abrigos y chaquetas
107088	107063	53101900	Trajes
107094	107063	53102000	Vestidos
107098	107063	53102100	Batas y monos
107104	107063	53102200	Ropa folclórica
107110	107063	53102300	Ropa interior
107115	107110	53102305	Infant diapers
107118	107063	53102400	Medias y calcetines
107120	107118	53102402	Socks
107123	107063	53102500	Accesorios de vestir
107124	107123	53102501	Belts or suspenders
107127	107123	53102504	Gloves or mittens
107128	107063	53102600	Ropa de dormir
107134	107062	53110000	Calzado
107135	107134	53111500	Botas
107136	107135	53111501	Mens boots
107137	107135	53111502	Womens boots
107138	107135	53111503	Boys boots
107139	107135	53111504	Girls boots
107140	107135	53111505	Infants boots
107141	107134	53111600	Zapatos
107147	107134	53111700	Zapatillas
107153	107134	53111800	Sandalias
107159	107134	53111900	Calzado deportivo
107165	107062	53120000	Maletas
107166	107165	53121500	Maletas
107167	107166	53121501	Garment bags
107168	107166	53121502	Luggage sets
107169	107166	53121503	Individual luggage pieces
107170	107165	53121600	Monederos
107171	107170	53121601	Handbags or purses
107172	107170	53121602	Duffel bags
107173	107170	53121603	Backpacks
107177	107165	53121700	Carteras
107178	107177	53121701	Briefcases
107182	107165	53121800	Juegos y accesorios de viaje
107183	107182	53121801	Travel kits
107184	107182	53121802	Travel carts
107187	107062	53130000	Artículos de tocador
107188	107187	53131500	Dentales
107189	107188	53131501	Mouthwash
107190	107188	53131502	Dentífrico
107191	107188	53131503	Cepillos de dientes
107192	107188	53131504	Dental floss
107193	107187	53131600	Baño y cuerpo
107194	107193	53131601	Shower caps
107195	107193	53131602	Suministros para el cuidado del cabello
107196	107193	53131603	Máquinas de afeitar
107197	107193	53131604	Hair combs or brushes
107198	107193	53131605	Juegos de tocador
107199	107193	53131606	Desodorantes
107200	107193	53131607	Hand or body lotion or oil
107201	107193	53131608	Jabones
107202	107193	53131609	Sun protection products
107203	107193	53131610	Eye care supplies
107204	107193	53131611	Shaving creams
107205	107193	53131612	Bath gels
107206	107193	53131613	Facial care products
107207	107193	53131614	Foot care products
107208	107193	53131615	Productos de higiene femenina
107209	107193	53131616	Para pharmaceutical creams or lotions
107210	107193	53131617	Manicure implements
107211	107193	53131618	Pedicure implements
107212	108	54000000	Productos para Relojería
107213	107212	54100000	Joyería
107227	107212	54110000	Relojes
107228	107227	54111500	Relojes de pulsera o bolsillo
107229	107228	54111501	Wrist watches
107231	107227	54111600	Relojes de pared o de mesa
107232	107231	54111601	Wall clocks
107234	107231	54111603	Free standing clocks
107235	107227	54111700	Piezas de relojes de pulsera o de pared o pie o accesorios
107236	107235	54111701	Watch or clock dials
107240	107212	54120000	Gemas
107256	106	55000000	Productos Publicados
107257	107256	55100000	Medios impresos
107258	107257	55101500	Publicaciones impresas
107259	107258	55101501	Cartas
107260	107258	55101502	Directorios
107261	107258	55101503	Catálogos
107262	107258	55101504	Periódicos
107263	107258	55101505	Tebeos
107264	107258	55101506	Revistas
107265	107258	55101507	Libros de ilustraciones
107266	107258	55101525	Enciclopedias
107267	107258	55101509	Libros de texto educativos o vocacionales
107268	107258	55101510	Libros de lectura de evasión
107269	107258	55101524	Libros de referencias para bibliotecas
107270	107258	55101526	Diccionarios
107271	107258	55101513	Cromos
107272	107258	55101514	Partituras
107273	107258	55101515	Material de promoción o informes anuales
107274	107256	55110000	Material electrónico de referencia
107275	107274	55111500	Electronic publications and music
107276	107275	55111501	Electronic directories
107284	107256	55120000	Etiquetado y accesorios
107285	107284	55121500	Etiquetas
107286	107285	55121501	Luggage tags
107287	107285	55121502	Etiquetas de seguridad
107288	107285	55121503	Etiquetas identificativas
107289	107284	55121600	Etiquetas
107290	107289	55121601	Label removing kits
107291	107289	55121602	Clothing labels
107293	107289	55121604	Canning or bottling labels
107294	107289	55121605	Addressing or mailing labels
107295	107289	55121606	Self adhesive labels
107296	107289	55121607	Decals
107297	107289	55121608	Bar code labels
107298	107289	55121609	Packaging labels
107300	107284	55121700	Etiquetado
107301	107300	55121701	Metallic nameplates
107302	107300	55121702	Non metallic nameplates
107303	107300	55121703	Illuminated signs
107304	107300	55121704	Safety signs
107305	107300	55121705	Self adhesive signs
107306	107300	55121706	Banners
107307	107300	55121707	Magnetic signs
107308	107300	55121708	Neon signs
107309	144484	55121903	Moving message signs
107310	107300	55121710	Traffic signs
107311	144484	55121904	Billboards
107315	107300	55121715	Flags or accessories
107317	109	70000000	Servicios de Contratación Agrícola
107318	107317	70100000	Pesquerías y acuicultura
107319	107317	70110000	Horticultura
107320	107317	70120000	Servicios de ganadería
107321	107317	70130000	Preparación
107322	107317	70140000	Producción
107323	107317	70150000	Cultivos forestales
107324	107317	70160000	Fauna y flora
107325	109	71000000	Servicios de Perforación de Minería
107326	107325	71100000	Servicios de minería
107327	107325	71110000	Servicios de perforación y prospección petrolífera y de gas
107328	109	72000000	Servicios de Construcción y Mantenimiento
107329	107328	72100000	Construcción de edificios
107333	109	73000000	Servicios de Producción y Fabricación Industrial
107334	107333	73100000	Industrias de plásticos y productos químicos
107335	107333	73110000	Industrias de la madera y el papel
107336	107333	73120000	Industrias del metal y de minerales
107337	107333	73130000	Industrias de alimentos y bebidas
107338	107333	73140000	Industrias de fibras
107339	107333	73150000	Servicios de apoyo a la fabricación
107341	107333	73160000	Fabricación de maquinaria y equipo de transporte
107342	107333	73170000	Fabricación de productos eléctricos e instrumentos de precisión
107348	109	76000000	Servicios de Limpieza Industrial
107349	107348	76100000	Servicios de descontaminación
107350	107348	76110000	Servicios de limpieza y de consejería
107351	107348	76120000	Eliminación y tratamiento de desechos
107352	107348	76130000	Limpieza de residuos tóxicos y peligrosos
107353	109	77000000	Servicios Medioambientales
107354	107353	77100000	Gestión medioambiental
107355	107353	77110000	Protección medioambiental
107356	107353	77130000	Servicios de seguimiento
107357	109	78000000	Servicios de Transporte
107358	107357	78100000	Transporte de correo y carga
107359	107357	78110000	Transporte de pasajeros
107360	107357	78120000	Manejo y embalaje de material
107361	107357	78130000	Almacenaje
107362	107357	78140000	Operaciones de transporte
107363	109	80000000	Servicios de Gestión
107364	107363	80100000	Servicios de asesoría de gestión
107365	107363	80110000	Servicios de recursos humanos
107366	107363	80120000	Servicios legales
107367	107363	80130000	Servicios inmobiliarios
107368	107363	80140000	Comercialización y distribución
107369	107363	80150000	Política comercial y servicios
107370	107363	80160000	Servicios de administración de empresas
107371	109	81000000	Servicios basados en ingeniería
107372	107371	81100000	Servicios profesionales de ingeniería
107373	107371	81110000	Servicios informáticos
107374	107371	81120000	Economía
107375	107371	81130000	Estadística
107379	107371	81140000	Tecnologías de fabricación
107380	117154	93171500	Política comercial
107382	107371	81150000	Servicios de pedología
107383	109	82000000	Servicios Editoriales
107384	107383	82100000	Publicidad
107385	107383	82110000	Escritura y traducciones
107386	107383	82120000	Servicios de reproducción
107387	107383	82130000	Servicios fotográficos
107388	107383	82140000	Diseño gráfico
107389	107383	82150000	Artistas e intérpretes profesionales
107390	109	83000000	Servicios Públicos y Servicios Relacionados con el Sector Público
107391	107390	83100000	Servicios públicos
107392	107390	83110000	Servicios de medios de telecomunicaciones
107395	107390	83120000	Servicios de información
107396	109	84000000	Servicios Financieros y de Seguros
107397	107396	84100000	Finanzas de desarrollo
107398	107396	84110000	Contabilidad y auditorias
107399	107396	84120000	Banca e inversiones
107401	107433	93160000	Tributación
107403	107396	84140000	Agencias de crédito
107404	109	85000000	Servicios Sanitarios
107405	107404	85100000	Servicios sanitarios integrales
107406	107404	85110000	Prevención y control de enfermedades
107408	107404	85120000	Práctica médica
107409	107404	85130000	Ciencia médica
107411	107408	85122000	Servicios dentales
107412	107404	85150000	Servicios alimentarios y de nutrición
107413	109	86000000	Servicios Educativos y de Formación
107414	107413	86100000	Formación profesional
107415	107413	86110000	Sistemas educativos alternativos
107416	107413	86120000	Instituciones educativas
107417	107413	86130000	Servicios educativos especializados
107418	107413	86140000	Instalaciones educativas
107419	109	90000000	Servicios de Viajes
107420	107419	90100000	Restaurantes y catering (servicios de comidas y bebidas)
107421	107419	90110000	Instalaciones hoteleras
107422	107419	90120000	Facilitación de viajes
107423	107419	90130000	Artes interpretativas
107424	107419	90140000	Deportes comerciales
107425	107419	90150000	Servicios de entretenimiento
107426	109	91000000	Servicios Personales y Domésticos
107427	107426	91100000	Aspecto personal
107428	107426	91110000	Asistencia doméstica y personal
107429	109	92000000	Servicios de Defensa Nacional
107430	107429	92100000	Orden público y seguridad
107431	107429	92110000	Servicios militares o defensa nacional
107432	107429	92120000	Seguridad y protección personal
107433	109	93000000	Servicios Políticos y de Asuntos Cívicos
107434	107433	93100000	Sistemas e instituciones políticas
107435	107433	93110000	Condiciones sociopolíticas
107436	107433	93120000	Relaciones internacionales
107437	107433	93130000	Ayuda y asistencia humanitaria
107438	107433	93140000	Servicios comunitarios y sociales
107439	107433	93150000	Servicios de administración y financiación pública
107440	109	94000000	Organizaciones y Clubes
107441	107440	94100000	Organizaciones laborales
107443	107440	94110000	Organizaciones religiosas
107444	107440	94120000	Clubes
107445	107440	94130000	Organizaciones
107446	100188	10191701	Trampas para control de animales
107452	101842	26121613	Insulated or covered cable
107457	100067	10131506	Livestock stables
107461	117163	10131700	Animal habitats
107481	100782	14111705	Servilletas de papel
107482	100754	14121501	Bleached paperboard
107483	100754	14121502	Unbleached paperboard
107484	100752	14121600	Papel de seda
107485	107484	14121601	Unbleached crepe papers
107486	107484	14121602	Semi bleached crepe papers
107487	107484	14121603	Wet strength tissue papers
107488	107484	14121604	Acid free tissue papers
107489	100752	14121700	Papeles laminados
107490	107489	14121701	Papers bonded with film
107491	107489	14121702	Cylinder papers or multi layer heavyweight paper
107492	100752	14121800	Papeles bañados
107493	107492	14121801	Clay coated papers
107494	107492	14121802	Polyethylene coated papers
107495	107492	14121803	Polyester coated papers
107496	107492	14121804	Silicone coated papers
107497	100752	14121900	Papel prensa y de offset
107499	107497	14121902	Colored newsprint
107500	107497	14121903	High brightness newsprint
107501	107497	14121904	Offset paper
107504	100836	15131600	Instalación de combustible de fisión
107513	101265	24102200	Herramientas para envasado
107515	101342	24111811	Bombonas
107516	101334	24112501	Slotted corrugated cartons
107519	178427	24113109	Molded box
107522	101264	24140000	Suministros de embalaje
107523	107522	24141500	Suministros para seguridad y protección
107526	101429	25102100	Camiones tractores
107527	107526	25102101	Low cab forward tractors
107528	107526	25102102	Long nose tractors with sleeper
107529	107526	25102103	Long nose tractors without sleeper
107530	107526	25102104	Cab over engine tractors with sleeper
107531	107526	25102105	Cab over engine tractors without sleeper
107532	101465	25111900	Sistemas y premontajes de embarcaciones marítimas
107533	107532	25111901	Marine craft communications systems
107537	101666	25173100	Sistemas y componentes de localización y navegación
107539	101666	25173300	Sistemas de control principal
107544	101428	25180000	Carrocerías y remolques
107545	107544	25181700	Remolques para productos y materiales
107546	107545	25181701	Container trailers
107548	107545	25181703	Livestock trailers
107553	101428	25190000	Equipo para servicios de transporte
107555	107553	25191600	Equipo y sistemas de apoyo para transporte espacial
107557	101742	26101700	Accesorios y componentes de motor
107558	101742	26101400	Motor or generator components
107560	101791	26111712	Nickel hydrogen batteries
107561	101791	26111713	Thermal batteries
107562	101971	27111500	Herramientas de corte y estaje y punzones
107565	101971	27111600	Herramientas de perfilar
107569	101971	27111700	Llaves inglesas y guías
107575	101971	27111800	Herramientas de medida y bocetaje
107581	101971	27111900	Herramientas gruesas y de acabado
107585	101971	27112000	Herramientas de jardinería
107586	101971	27112100	Prensa para cañería
107592	101971	27112200	Herramientas de albañilería y hormigón
107595	101971	27112300	Herramientas de marcar
107598	101971	27112400	Herramientas de inserción y ajuste
107601	101971	27112500	Herramientas para apalancar y curvar
107605	101971	27112600	Herramientas para precintar
107627	102497	30171901	Double hung window frames
107628	102497	30171902	Single hung window frames
107629	102497	30171903	Casement window frames
107630	102497	30171904	Horizontal slider window frames
107631	102497	30171905	Tilt or transom window frames
107632	102497	30171906	Fixed window frames
107672	103649	41121500	Equipo y suministros de pipetas y manipulación de líquidos
107673	117023	41121804	Laboratory flasks
107674	117023	41121803	Laboratory beakers
107677	104066	41113115	Radon detectors
107679	117411	43222800	Equipo de telefonía
107687	117492	43222901	Line conditioners
107691	117374	43211603	Port replicators
107698	104856	43201559	Serial port cards
107699	104856	43201522	Parallel port cards
107700	127939	43201407	Peripheral controller cards
107701	104856	43201531	Video capture boards
107702	117442	43221702	Equipo de acceso de televisión
107703	117442	43221704	Equipo básico de radio
107707	104895	43211902	Liquid crystal display LCD panels or monitors
107709	104899	43212104	Impresoras de chorro de tinta
107712	117334	43201601	Computer chassis
107713	117334	43201602	Network equipment chassis
107718	117456	43222610	Network service concentrators or hubs
107719	117456	43222609	Network routers
107723	117456	43222630	Multistation access units
107727	117456	43222628	Modems
107729	117456	43222629	Modem banks
107730	117456	43222608	Network repeaters
107731	104789	43200000	Componentes para tecnología de la información
107734	117356	43202004	Disquetes
107736	117356	43202002	Cintas vírgenes
107739	105169	44122100	Suministros de sujeción
107750	105325	46190000	Protección contra incendios
107751	107750	46191500	Prevención contra incendios
107752	107751	46191502	Heat detectors
107753	107750	46191600	Equipo contra incendios
107754	107753	46191601	Extintores
107755	107753	46191602	Fire sprinkler systems
107756	107753	46191603	Fire hoses or nozzles
107757	107753	46191604	Fire blankets
107758	107753	46191605	Fire suppression hand tools
107759	107753	46191606	Fire suppression foam or similar compounds
107760	105553	47121602	Vacuum cleaners
107763	105633	48101710	Drinking fountains or bubblers
107764	105633	48101711	Bottled water dispensers or accessories
107765	105591	48110000	Máquinas expendedoras
107788	105863	49201600	Weight and resistance training equipment
107795	106945	52131600	Persianas
107800	106945	52131700	Accesorios y ferretería para tratamiento de ventanas
107803	107318	70101500	Explotaciones pesqueras
107804	107803	70101501	Commercial fishing operations
107805	107803	70101502	Fishing port services
107806	107803	70101503	Fishing onshore facilities
107807	107803	70101504	Deep sea fishing operations
107810	107803	70101507	Trawling
107813	107803	70101510	Fishing nets
107814	107318	70101600	Vigilancia pesquera
107815	107814	70101601	Fishery information or documentation services
107816	107814	70101602	Fishery research or experimentation services
107817	107814	70101603	Fishery data collection or distribution
107821	107814	70101607	Fishery resources protection or conservation
107822	107318	70101700	Industria y tecnología pesquera
107823	107822	70101701	Fishing technology services
107824	107822	70101702	Fishery by products production services
107825	107822	70101703	Fish production
107826	107822	70101704	Fish storage
107827	107318	70101800	Recursos pesqueros
107828	107827	70101801	Inland water fishery resources
107829	107827	70101802	Fish pond resources
107830	107827	70101803	Fish hatcheries
107831	107827	70101804	Fish ranches
107832	107827	70101805	Fishery by product resources
107833	107827	70101806	Fisheries resource evaluation
107834	107318	70101900	Acuicultura
107835	107834	70101901	Mariculture
107836	107834	70101902	Ostreiculture
107837	107834	70101903	Shellfish culture
107838	107834	70101904	Shrimp farming
107839	107834	70101905	Fish farming
107840	107319	70111500	Plantas y árboles ornamentales
107841	107840	70111501	Planting services or ornamental plant or bush or tree
107842	107840	70111502	Pruning services or ornamental plant or bush
107843	107840	70111503	Tree trimming services
107844	107840	70111504	Bracing services
107845	107840	70111505	Tree surgery services
107846	107840	70111506	Arborist services
107847	107840	70111507	Removal services or ornamental plant or bush or tree
107848	107840	70111508	Plants or ornamental tree spraying services
107849	107319	70111600	Plantas de flor
107853	107319	70111700	Parques
107854	107853	70111701	Orchard management or maintenance services
107855	107853	70111702	Vineyard management or maintenance services
107856	107853	70111703	Servicios de plantación o mantenimiento de jardines
107857	107853	70111704	Horticultural counseling services
107859	107853	70111706	Lawn care services
107860	107853	70111707	Highway lawn maintenance services
107861	107853	70111708	Mulching services
107862	107853	70111709	Seeding services
107863	107853	70111710	Mowing services
107864	107853	70111711	Sprigging services
107865	107853	70111712	Parks or gardens spraying services
107866	107853	70111713	Servicios de gestión o mantenimiento de parques
107867	107320	70121500	Industria lechera
107868	107867	70121501	Dairy herd management
107869	107867	70121502	Dairy industry development
107870	107867	70121503	Dairy technology
107871	107867	70121504	Dairy laboratories services
107872	107867	70121505	Dairy farm in house processing
107873	107320	70121600	Industria ganadera
107874	107873	70121601	Livestock breeding
107875	107873	70121602	Livestock genetics services
107876	107873	70121603	Sericulture
107877	107873	70121604	Animal husbandry
107878	107873	70121605	Farm rearing systems
107879	107873	70121606	Poultry production services
107880	107873	70121607	Small animal breeding services
107881	107873	70121608	Bovine production services
107882	107873	70121610	Apiculture
107883	107320	70121700	Gestión ganadera
107884	107883	70121701	Livestock selection
107886	107883	70121703	Livestock slaughtering services
107887	107883	70121704	Herd management
107888	107883	70121705	Livestock breeding or grooming services
107889	107320	70121800	Industria de animales domésticos
107890	107889	70121801	Pet breeding services
107891	107889	70121802	Pet grooming services
107892	107889	70121803	Kennels services
107893	107320	70121900	Servicios de pastos y dehesas
107894	107893	70121901	Pasture improvement
107895	107893	70121902	Range management
107896	107893	70121903	Range research
107897	107320	70122000	Salud animal
107898	107897	70122001	Animal nutrition
107899	107897	70122002	Animal disease control
107900	107897	70122003	Animal trypanosomiasis
107901	107897	70122004	Foot or mouth control services
107902	107897	70122005	Animal health preventive medication services
107903	107897	70122006	Animal vaccination services
107904	107897	70122007	Veterinary administration
107905	107897	70122008	Veterinary laboratory technology
107906	107897	70122009	Animal hospital services
107907	107897	70122010	Animal health information services
107908	107321	70131500	Protección del terreno y del suelo
107909	107908	70131501	Evaluación de la desertificación o servicios de control
107910	107908	70131502	Servicios de conservación o protección del suelo
107911	107908	70131503	Servicios de control de la erosión
107914	107908	70131506	Mejora del suelo
107915	107321	70131600	Preparación del terreno y del suelo
107916	107915	70131601	Servicios de aplicación de fertilizantes
107918	107915	70131603	Plowing services
107919	107915	70131604	Seed bed preparation services
107920	107915	70131605	Servicios de tratamiento químico del suelo
107921	107321	70131700	Gestión del terreno y del suelo
107922	107921	70131701	Land use planning
107923	107921	70131702	Land evaluation
107924	107921	70131703	Land reclamation
107925	107921	70131704	Agro ecological zones assessment or planning
107926	107921	70131705	Soil classification
107927	107921	70131706	Watershed management
107930	107322	70141500	Producción de cultivos
107931	107930	70141501	Seed production services
107933	107930	70141503	Grass or fodder production
107937	107930	70141507	Sugarbeet or sugarcane production
107938	107930	70141508	Nut production
107942	107930	70141512	Grain or legume production
107945	107930	70141515	Roots or tubers production
107946	107930	70141516	Cereals production
107950	107930	70141520	Vegetable production
107951	107322	70141600	Protección de cultivos
107952	107951	70141601	Servicios de fumigación de cultivos
107953	107951	70141602	Servicios de control biológico
107955	107951	70141604	Servicios de herbicidas
107956	107951	70141605	Servicios integrados de gestión de plagas
107959	107322	70141700	Gestión de cultivos
107960	107959	70141701	Servicios de invernaderos
107961	107959	70141702	Servicios de fertilizantes
107970	107322	70141800	Plantación y cultivo de cultivos
107971	107970	70141801	Orchard tree or vine planting services
107972	107970	70141802	Sprout or twig services
107973	107970	70141803	Crop cultivating services
107974	107970	70141804	Crop planting services
107975	107322	70141900	Cosecha de cultivos
107976	107975	70141901	Cash grains harvesting services
107977	107975	70141902	Fruit or tree nuts harvesting services
107978	107975	70141903	Field crop harvesting services
107979	107975	70141904	Seed harvesting services
107980	107322	70142000	Elaboración de cultivos posterior a la cosecha
107981	107980	70142001	Silos related services
107982	107980	70142002	Grain dryers services
107983	107980	70142003	Crop processing services
107984	107980	70142004	Field crops market preparation services
107985	107980	70142005	Cash grain crops market preparation services
107986	107980	70142006	Vegetable crops market preparation services
107987	107980	70142007	Fruit crops market preparation services
107988	107980	70142008	Tree nut crops market preparation services
107989	107980	70142009	Ginning services
107990	107980	70142010	Crop cleaning services
107991	107980	70142011	Cooling or refrigeration services
107993	107323	70151500	Gestión de cultivos forestales
107994	107993	70151501	Forest resources management services
107998	107993	70151505	Forest inventory
107999	107993	70151506	Forest monitoring or evaluation
108000	107993	70151507	Afforestation services
108003	107993	70151510	Forest sectoral planning
108004	107323	70151600	Industria forestal
108005	108004	70151601	Nonwood production services
108006	108004	70151602	Essential oils production
108007	108004	70151603	Timber production services
108008	108004	70151604	Dyes production
108009	108004	70151605	Edible forestry production
108010	108004	70151606	Wood testing services
108012	107323	70151700	Cosecha forestal
108013	108012	70151701	Logging or felling
108015	108012	70151703	Forest harvesting specialized operations
108018	108012	70151706	Temperate forest harvesting
108020	107323	70151800	Servicios de conservación forestal
108021	108020	70151801	Conservation of forest genetic resources
108022	108020	70151802	Forest protection services
108023	108020	70151803	Forest arid land rehabilitation
108024	108020	70151804	Forest wind breaks or shelter belts
108025	108020	70151805	Forest reserves or parks conservation services
108026	108020	70151806	Forestry watershed management
108027	108020	70151807	Forestry torrent control
108028	107323	70151900	Recursos forestales
108029	108028	70151901	Forest resources development
108030	108028	70151902	Agroforestry resources
108031	108028	70151903	Fuel wood resources
108038	107324	70161500	Fauna
108039	108038	70161501	Protección de la fauna
108040	107324	70161600	Flora
108041	108040	70161601	Protección de la flora
108042	107324	70161700	Ecosistemas
108043	108042	70161701	Ecodevelopment services
108044	108042	70161702	Servicios de gestión del ecosistema marino
108045	108042	70161703	Terrestrial ecosystem management services
108046	108042	70161704	Servicios de protección de ecosistemas
108047	107317	70170000	Desarrollo y vigilancia de recursos hidráulicos
108048	108047	70171500	Desarrollo
108049	108048	70171501	Servicios de evaluación de la calidad del agua
108050	108048	70171502	Servicios de planificación de recursos hidráulicos
108051	108048	70171503	Inspección del agua superficial o terrestre
108052	108048	70171504	Servicios de cartografía de recursos hidráulicos
108053	108048	70171505	River basin development
108054	108048	70171506	Ground or surface water modeling services
108055	108047	70171600	Vigilancia
108056	108055	70171601	Gestión de la calidad del agua
108057	108055	70171602	Servicios de comprobación del agua
108058	108055	70171603	Floodplain management
108059	108055	70171604	Servicios de asesoría de conservación del agua
108060	108055	70171605	Water rights advisory services
108061	108055	70171606	Servicios de recuperación de recursos hidráulicos
108062	108055	70171607	Water pricing services
108063	108047	70171700	Riego
108064	108063	70171701	Canal maintenance or management services
108065	108063	70171702	Servicios de mantenimiento o gestión de presas
108066	108063	70171703	Servicios de mantenimiento o gestión de embalses
108067	108063	70171704	Servicios de mantenimiento o gestión de estaciones de bombeo
108068	108063	70171705	Servicios de mantenimiento o gestión de canalizaciones
108069	108063	70171706	Dike or embankment maintenance or management services
108070	108063	70171707	Servicios de mantenimiento y gestión de pozos de agua
108071	108063	70171708	Servicios de asesoría de riego
108072	108063	70171709	Servicios de gestión de sistemas de riego
108073	108047	70171800	Servicios de drenaje
108074	108073	70171801	Land drainage services
108075	108073	70171802	Storm water drainage
108076	108073	70171803	Servicios de protección o control de inundaciones
108083	107326	71101700	Extraction
108111	114072	71141100	Well plugging and abandonment services
108116	107329	72101500	Servicios de apoyo para la construcción
108117	108116	72101501	Servicios de lampistería
108118	165366	72153402	Scaffolding services
108119	165366	72153401	Rigging services
108120	108116	72101504	Servicios a prueba de accidentes o contingencias
108136	165367	72153504	High pressure water blasting
108139	165371	72153612	Interior design or decorating
108148	107329	72102100	Control de plagas
108149	108148	72102101	Bird proofing services
108150	108148	72102102	Termite control services
108151	108148	72102103	Extermination or fumigation services
108152	108148	72102104	Structural pest control
108153	108148	72102105	Animal trapping
108154	108148	72102106	Rodent control
108164	108116	72101510	Plumbing system maintenance or repair
108165	108116	72101511	Air conditioning installation or maintenance or repair service
108187	108116	72101508	Floor cleaning services
108249	107334	73101600	Chemicals and fertilizers production
108275	107335	73111500	Wood processing
108324	107337	73131500	Elaboración de bebidas
108333	107337	73131600	Elaboración de carne
108342	107337	73131700	Elaboración de frutas y verduras
108346	107337	73131800	Elaboración de lácteos y huevos
108351	107337	73131900	Elaboración de granos
108358	107338	73141500	Producción de fibra
108367	107338	73141600	Elaboración de hebra e hilo
108370	107338	73141700	Producción de telas y cuero
108383	107339	73151500	Servicios de montaje
108384	108383	73151501	Assembly line work
108385	107339	73151600	Servicios de envasado
108390	107339	73151700	Tratamiento de materiales
108394	107341	73161500	Fabricación de maquinaria
108414	107341	73161600	Fabricación de equipos de transporte
108422	107342	73171500	Fabricación de productos eléctricos
108423	108422	73171501	Power generation or transmission or distribution equipment manufacture services
108424	108422	73171502	Dry or storage battery manufacture services
108425	108422	73171503	Electrical tools manufacture services
108426	108422	73171504	Measuring or testing instruments manufacture services
108428	108422	73171506	Communication equipment manufacture services
108429	108422	73171507	Electrical household appliances manufacture services
108432	108422	73171510	Electrical accessories or supplies manufacture services
108433	108422	73171511	Electronic equipment manufacture services
108434	108422	73171512	Electronic computers or data processing equipment manufacture services
108435	107342	73171600	Fabricación de instrumentos de precisión
108437	108435	73171602	Medical or dental equipment manufacture services
108440	108435	73171605	Laboratory equipment manufacture services
108441	107349	76101500	Desinfección
108445	107349	76101600	Descontaminación de materiales peligrosos
108446	108445	76101601	Servicios de descontaminación radiactiva
108447	108445	76101602	Descontaminación o eliminación de amianto
108448	107350	76111500	Servicios de limpieza de edificios y oficinas en general
108449	108448	76111501	Building cleaning services
108451	108448	76111503	Lighting maintenance services
108452	108448	76111504	Window or window blind cleaning services
108453	107350	76111600	Servicios de limpieza de componentes de edificios
108454	108453	76111601	Acoustical tile or ceiling cleaning services
108455	108453	76111602	Air duct cleaning
108456	108453	76111603	Chimney cleaning
108457	108453	76111604	Floor waxing or carpet cleaning
108458	108453	76111605	Exhaust hood or fan clearing
108460	165367	72153505	Construction site clean up service
108461	165367	72153507	Construction site haul away service
108462	107351	76121500	Recogida y eliminación de desechos
108463	108462	76121501	Recogida
108464	108462	76121502	Recogida
108465	108462	76121503	Street cleaning services
108466	107351	76121600	Eliminación de residuos no peligrosos
108467	108466	76121601	Garbage dump
108468	108466	76121602	Operaciones sanitarias en vertederos
108469	108466	76121603	Sludge disposal
108470	108466	76121604	Dead animal disposal services
108471	107351	76121700	Tratamiento de residuos líquidos
108472	108471	76121701	Servicios de tratamiento de aguas residuales
108473	108471	76121702	Servicios de tratamiento químico
108474	107351	76121800	Tratamiento de desechos
108476	107351	76121900	Eliminación de residuos peligrosos
108477	108476	76121901	Eliminación de residuos médicos
108478	108476	76121902	Recogida
108479	108476	76121903	Detoxificación química
108480	107352	76131500	Tratamiento de residuos nucleares
108483	107352	76131600	Limpieza de vertidos tóxicos
108486	107352	76131700	Limpieza de vertidos de petróleo
108489	107354	77101500	Valoración de impacto medioambiental
108490	108489	77101501	Valoración de riesgo o peligro
108491	108489	77101502	Estándares medioambientales
108492	108489	77101503	Análisis de indicadores medioambientales
108493	108489	77101504	Servicios de evaluación de impacto medioambiental (EIA)
108494	108489	77101505	Control medioambiental
108495	107354	77101600	Planificación medioambiental
108496	108495	77101601	Planificación de desarrollo medioambiental urbano
108497	108495	77101602	Planificación de estrategia de conservación forestal
108498	108495	77101603	Planificación de estrategia de conservación marítima
108499	108495	77101604	Gestión de recursos naturales o servicios de planificación de estrategia de conservación
108500	108495	77101605	Construcción o planificación de instituciones medioambientales
108501	107354	77101700	Servicios de asesoría medioambiental
108502	108501	77101701	Environmental sciences advisory services
108503	108501	77101702	Environmental chemistry advisory services
108504	108501	77101703	Environmental ethics advisory services
108505	108501	77101704	Environmental technology advisory services
108506	108501	77101705	Environmental economics advisory services
108507	108501	77101706	Environmental law advisory services
108508	108501	77101707	Ecology advisory services
108509	107354	77101800	Auditoria medioambiental
108510	108509	77101801	Environmental information systems
108511	108509	77101802	Corporate environmental auditing services
108512	108509	77101803	Sectoral environmental auditing services
108513	108509	77101804	Activity specific environmental auditing services
108514	108509	77101805	Environmental quality control services
108515	108509	77101806	Environmental security control services
108516	107354	77101900	Servicios de investigación de la contaminación
108517	108516	77101901	Industrial site investigation
108518	108516	77101902	Industrial waste site investigation
108519	108516	77101903	Gasworks site investigation
108520	108516	77101904	Chemical works or oil refinery waste site investigation
108521	108516	77101905	Wood treatment plant site investigation
108522	108516	77101906	Oil depot or terminal site investigation
108523	108516	77101907	Dry cleaning plants site investigation
108524	108516	77101908	Foundry site investigation
108525	108516	77101909	Recycling plant site investigation
108526	108516	77101910	Food processing plant site investigation
108527	107355	77111500	Servicios de seguridad medioambiental
108528	108527	77111501	Landscape protection services
108529	108527	77111502	Ozone protection services
108530	108527	77111503	Food or feed contamination protection services
108531	108527	77111504	Genetic resources protection services
108532	108527	77111505	Toxic substances protection services
108533	108527	77111506	Radiation protection services
108534	108527	77111507	Endangered species protection services
108535	108527	77111508	Natural risks or hazards protection services
108536	107355	77111600	Rehabilitación medioambiental
108537	108536	77111601	Industrial site rehabilitation
108538	108536	77111602	Environmental decontamination services
108539	108536	77111603	Land rehabilitation services
108540	107353	77120000	Seguimiento
108541	108540	77121500	Contaminación del aire
108542	108541	77121501	Gestión de la calidad del aire
108544	108541	77121503	Servicios de protección de la contaminación del aire
108545	108541	77121504	Servicios de control o medida de la contaminación del aire
108551	108540	77121600	Contaminación del suelo
108552	108551	77121601	Servicios de protección de la contaminación del suelo
108553	108551	77121602	Servicios de eliminación de suelos contaminados
108554	108551	77121603	Tratamiento o rehabilitación de suelos contaminados
108555	108551	77121604	Servicios de asesoría de la contaminación del suelo
108556	108551	77121605	Cartografía de la contaminación del suelo
108557	108551	77121606	Medición o control de la contaminación del suelo
108558	108551	77121607	Evaluación de la contaminación por fertilizantes orgánicos
108559	108551	77121608	Evaluación de la contaminación por pesticidas
108560	108551	77121609	Evaluación de la contaminación por nitratos
108561	108551	77121610	Evaluación de la contaminación por fosfatos
108562	108540	77121700	Contaminación del agua
108563	108562	77121701	Control y detección de la contaminación de aguas superficiales
108564	108562	77121702	Servicios de rehabilitación de la contaminación de aguas superficiales
108565	108562	77121703	Servicios de protección de aguas residuales
108566	108562	77121704	Servicios de tratamiento de aguas residuales
108567	108562	77121705	Surface water pollution drainage services
108568	108562	77121706	Transboundary water pollution management or control services
108569	108562	77121707	Servicios de control y detección de la contaminación de aguas subterráneas
108570	108562	77121708	Servicios de drenaje de la contaminación de aguas subterráneas
108571	108562	77121709	Tratamiento o rehabilitación de la contaminación de aguas subterráneas
108572	107356	77131500	Contaminación por petróleo
108573	108572	77131501	Oil spillage monitoring services
108574	108572	77131502	Oil spillage control services
108575	108572	77131503	Oil spillage rehabilitation services
108576	107356	77131600	Contaminación acústica
108577	108576	77131601	Noise control services
108578	108576	77131602	Noise pollution protection services
108579	108576	77131603	Noise pollution monitoring services
108580	108576	77131604	Noise pollution advisory services
108581	107356	77131700	Contaminación de sustancias tóxicas
108584	107358	78101500	Transporte aéreo de carga
108585	108584	78101501	Domestic air cargo transport
108586	108584	78101502	International air cargo transport
108587	107358	78101600	Transporte de carga por ferrocarril
108588	108587	78101601	Boxcar transport services
108589	108587	78101602	Bulk cargo rail transport services
108590	108587	78101603	Livestock rail transport
108591	108587	78101604	Vehicle transport services
108592	107358	78101700	Transporte de carga marítimo
108593	108592	78101701	Domestic vessel transport services
108594	108592	78101702	International vessel transport services
108595	108592	78101703	Domestic barge transport services
108596	108592	78101704	International barge transport services
108597	107358	78101800	Transporte de mercancías por carretera
108598	108597	78101801	Servicios de transporte local en camión
108599	108597	78101802	Servicios de transporte regional o nacional en camión
108600	108597	78101803	Servicios de transporte de vehículos
108601	107358	78101900	Transporte de carga intermodal
108602	108601	78101901	Air to ocean transportation
108603	108601	78101902	Ocean to rail transportation
108604	108601	78101903	Ocean to truck transportation
108605	108601	78101904	Air to truck transport
108606	107358	78102000	Transporte de carga por aeronave
108609	107358	78102100	Servicios de tuberías
108610	108609	78102101	Petroleum products transport
108611	108609	78102102	Water transport
108612	107358	78102200	Servicios postales
108613	108612	78102201	National postal delivery services
108614	108612	78102202	Post office box services
108615	108612	78102203	Mailing or mail pick up or delivery services
108616	108612	78102204	Letter or small parcel worldwide delivery services
108617	108612	78102205	Letter or small parcel local delivery services
108618	108612	78102206	Bicycle or scooter messenger services
108619	107359	78111500	Transporte aéreo de pasajeros
108620	108619	78111501	Servicios de helicóptero
108621	108619	78111502	Viajes en aviones comerciales
108622	108619	78111503	Viajes en vuelos chárteres
108623	107359	78111600	Transporte por ferrocarril de pasajeros
108624	108623	78111601	Light rail vehicle transport LRV services
108625	108623	78111602	Subway transport
108626	108623	78111603	Continental or inter continental rail services
108627	107359	78111700	Transporte marino de pasajeros
108628	108627	78111701	Water taxis
108629	108627	78111702	Overnight ship cruises
108631	107359	78111800	Transporte por carretera de pasajeros
108633	108631	78111802	Servicios de autobuses regulares
108634	108631	78111803	Servicios de autobuses contratados
108635	108631	78111804	Servicios de taxi
108636	107359	78111900	Transporte espacial
108638	107360	78121500	Envasado
108639	108638	78121501	Transporte en contenedores
108641	107360	78121600	Servicios de manipulación de materiales
108642	108641	78121601	Del flete
108644	107361	78131500	Almacenaje de productos agrícolas
108645	108644	78131501	Silo services
108646	108644	78131502	Grain elevator services
108647	107361	78131600	Almacenaje de mercancía en general
108648	108647	78131601	Palletized cargo storage
108649	107361	78131700	Almacenaje a granel
108650	108649	78131701	In ground storage services
108651	107361	78131800	Depósito y almacenaje especializado
108652	108651	78131801	Refrigerated storage
108653	108651	78131802	Customs bonded storage services
108654	108651	78131803	Hazardous materials storage
108655	107362	78141500	Arreglos de transporte
108656	108655	78141501	Servicios de expedición de carga
108657	108655	78141502	Servicios de agencia aduanera
108658	108655	78141503	Transportation industry tariff comparison or freight audit services
108659	107362	78141600	Inspección
108660	108659	78141601	Packing inspection services
108661	108659	78141602	Cargo survey services
108662	108659	78141603	Pest control inspections
108663	107362	78141700	Servicios de navegación
108664	108663	78141701	Tugboat services
108665	108663	78141702	Drawbridge operations
108666	107362	78141800	Servicios de terminales
108667	108666	78141801	Stevedoring services
108668	108666	78141802	Vessel docking services
108669	108666	78141803	Vessel stores services
108670	107364	80101500	Servicios de consultoría de administración empresarial y comercial
108671	108670	80101501	New business start up consultation services
108672	108670	80101502	Corporate mergers consultation services
108673	108670	80101503	Corporate divestiture consultation services
108674	108670	80101504	Strategic planning consultation services
108675	108670	80101505	Corporate objectives or policy development
108676	108670	80101506	Organizational structure consultation
108677	107364	80101600	Gestión de proyectos
108678	108677	80101601	Feasibility studies or screening of project ideas
108679	108677	80101602	Regional or location studies for projects
108680	108677	80101603	Economic or financial evaluation of projects
108681	108677	80101604	Project administration or planning
108682	107364	80101700	Gestión industrial
108684	108682	80101702	Productivity or efficiency studies or implementation
108685	108682	80101703	Specification standardization services
108686	108682	80101704	Supply chain analysis or re engineering services
108688	107365	80111500	Desarrollo de recursos humanos
108689	108688	80111501	Management development
108690	108688	80111502	Compensation or benefits planning
108691	108688	80111503	Labor or union relations
108692	108688	80111504	Labor training or development
108693	107365	80111600	Servicios de personal temporal
108694	108693	80111601	Temporary clerical or administrative assistance
108695	108693	80111602	Temporary marketing staff needs
108696	108693	80111603	Temporary production staffing needs
108697	108693	80111604	Temporary technician staffing needs
108698	108693	80111605	Temporary financial staffing needs
108699	108693	80111606	Temporary medical staffing needs
108700	108693	80111607	Temporary legal staffing needs
108701	108693	80111608	Temporary information technology software developers
108702	108693	80111609	Temporary information technology systems or database administrators
108703	108693	80111610	Temporary information technology networking specialists
108704	107365	80111700	Contratación de personal
108705	108704	80111701	Staff recruiting services
108706	108704	80111702	Reference or background check services
108707	108704	80111703	Resume or curriculum vitae screening services
108708	107366	80121500	Servicios de derecho penal
108709	108708	80121501	Juvenile justice law services
108710	108708	80121502	Appellate procedure services
108711	108708	80121503	Defense or criminal law services
108712	107366	80121600	Servicios de derecho mercantil
108713	108712	80121601	Government antitrust or regulations law services
108714	108712	80121602	Bankruptcy law services
108715	108712	80121603	Partnership law
108716	108712	80121604	Patent or trademark or copyright law
108717	108712	80121605	Liquidation law services
108718	108712	80121606	Real estate law
108719	108712	80121607	Taxation law
108720	108712	80121608	Mergers or acquisitions law
108721	107366	80121700	Servicios de responsabilidad civil
108722	108721	80121701	Malpractice or negligence law services
108724	108721	80121703	Property law services
108725	108721	80121704	Contract law services
108726	107366	80121800	Servicios de derecho de familia
108727	108726	80121801	Divorce law services
108728	108726	80121802	Adoption law services
108729	108726	80121803	Immigration or naturalization law
108730	108726	80121804	Guardianship or custody law services
108731	107367	80131500	Arrendamiento o alquiler de propiedades o edificios
108732	108731	80131501	Alquiler de viviendas
108733	108731	80131502	Alquiler de instalaciones comerciales o industriales
108734	108731	80131503	Arrendamiento de tierras
108735	107367	80131600	Venta de propiedades o edificios
108736	108735	80131601	Real estate brokers or agents
108737	108735	80131602	Real estate auction
108738	108735	80131603	Sale of residential land
108739	108735	80131604	Sale of commercial or industrial land
108740	107367	80131700	Servicios de plicas y títulos
108741	108740	80131701	Title reconveyance services
108742	108740	80131702	Title search services
108743	108740	80131703	Escrow account services
108744	107367	80131800	Servicios de gestión inmobiliaria
108745	108744	80131801	Property management
108746	108744	80131802	Real estate appraisal and valuation service
108747	108744	80131803	Real estate listing services
108748	107368	80141500	Investigación de mercado
108749	108748	80141501	Marketing analysis
108750	108748	80141502	Distributive or service trade statistics
108751	108748	80141503	Commodity price forecasting
108752	108748	80141504	Preparation of commodity market surveys
108753	107368	80141600	Ventas o actividades de promoción empresarial
108754	108753	80141601	Sales promotion services
108756	107368	80141700	Distribución
108757	108756	80141701	Direct sales services
108758	108756	80141702	Wholesale distribution services
108759	108756	80141703	Retail distribution services
108760	108756	80141704	Franchise operations
108761	107368	80141800	Servicios de correo
108762	108761	80141801	Mailing list compilation services
108763	108761	80141802	Mailing list management service
108764	108761	80141803	Addressing service
108765	107369	80151500	Facilitación comercial
108766	108765	80151501	Commodity policy or projections services
108767	108765	80151502	Trade expansion
108768	108765	80151503	Trade information services
108769	108765	80151504	Trade promotion services
108770	108765	80151505	Multinational marketing enterprises
108771	107369	80151600	Servicios comerciales internacionales
108772	108771	80151601	Export development
108773	108771	80151602	Import planning
108774	108771	80151603	Export projections
108775	108771	80151604	Import procurement services
108776	107370	80161500	Servicios de apoyo a la gestión
108777	108776	80161501	Servicios de administración de oficinas o secretariado
108778	108776	80161502	Servicios de planificación de reuniones
108779	108776	80161503	Servicios de entrada por teclado
108780	108776	80161504	Servicios administrativos
108781	107370	80161600	Vigilancia de instalaciones empresariales
108782	108781	80161601	Servicios de gestión de la propiedad
108783	107372	81101500	Ingeniería civil
108784	108783	81101501	Ingeniería de pozos
108785	108783	81101502	Dibujo técnico
108786	108783	81101503	Ingeniería portuaria o de puertos de agua
108787	108783	81101505	Ingeniería estructural
108788	108783	81101506	Arquitectura naval
108789	108783	81101507	Ingeniería de presas
108790	108783	81101508	Ingeniería arquitectónica
108791	108783	81101509	Ingeniería aeroportuaria
108792	108783	81101510	Ingeniería de carreteras
108793	108783	81101511	Ingeniería ferroviaria
108794	107372	81101600	Ingeniería mecánica
108799	107372	81101700	Ingeniería eléctrica y electrónica
108800	108799	81101701	Electrical engineering services
108801	108799	81101702	Electronic circuit design
108802	107372	81101800	Ingeniería química
108804	107372	81101900	Ingeniería de petróleo y gas
108806	108804	81101902	Production engineering for oil or gas
108808	107372	81102000	Ingeniería de minas
108809	108808	81102001	Hydraulic mining
108810	107372	81102100	Ingeniería oceánica
108811	108810	81102101	Coastal engineering
108812	107372	81102200	Ingeniería de transportes
108813	108812	81102201	Traffic engineering
108814	108812	81102202	Urban transport network
108815	108812	81102203	Inland waterways
108816	107373	81111500	Ingeniería de software o de hardware
108817	108816	81111501	Mainframe software applications design
108818	108816	81111502	Personal computer PC application design
108819	108816	81111503	Diseño de integración de sistemas
108820	108816	81111504	Servicios de programación de aplicaciones
108821	108816	81111505	Operating system programming services
108822	108816	81111506	Client or server programming services
108823	108816	81111507	Servicios de programación de aplicaciones de la base de datos (ERP)
108824	108816	81111508	Application implementation services
108825	108816	81111509	Servicios de desarrollo de aplicación del cliente Internet / intranet
108826	108816	81111510	Internet or intranet server application development services
108827	107373	81111600	Programadores informáticos
108828	108827	81111601	Programming for Visual Basic
108829	108827	81111602	Programming for Java
108830	108827	81111603	Programming for HTML
108831	108827	81111604	Programming for ALGOL
108832	108827	81111605	Programming for Assembler
108833	108827	81111606	Programming for Basic
108834	108827	81111607	Programming for C or C++
108835	108827	81111608	Programming for COBOL
108836	108827	81111609	Programming for FORTRAN
108837	108827	81111610	Programming for Pascal
108838	108827	81111611	Programming for PL/1
108839	108827	81111612	Programming or Proprietary Languages
108840	107373	81111700	Sistemas de gestión de la información (MIS)
108841	108840	81111701	Wide area network communications design
108842	108840	81111702	Local area network communications design
108843	108840	81111703	Electronic data interchange EDI design
108844	108840	81111704	Diseño de base de datos
108845	108840	81111705	Arquitectura de sistemas
108846	107373	81111800	Administradores de sistemas
108847	108846	81111801	Seguridad de ordenadores
108848	108846	81111802	Mainframe administration services
108849	108846	81111803	Soporte o mantenimiento de red de área local (LAN)
108850	108846	81111804	Soporte o mantenimiento de red extensa (WAN)
108851	108846	81111805	Proprietary or licensed systems maintenance or support
108852	108846	81111806	Database analysis service
108854	108846	81111808	System analysis service
108855	108846	81111809	System installation service
108856	107373	81111900	Sistemas de recuperación de la información
108857	108856	81111901	Database information retrieval
108858	108856	81111902	Online database information retrieval service
108860	107373	81112000	Servicios de datos
108861	108860	81112001	Online data processing service
108862	108860	81112002	Servicios de proceso o preparación de datos
108863	107373	81112100	Servicios de Internet
108864	108863	81112101	Internet service providers ISP
108865	108863	81112102	Electronic mail service provider
108866	108863	81112103	World wide web WWW site design services
108867	108863	81112104	Web search engine providers
108868	108863	81112105	World wide web WWW site operation host services
108869	107374	81121500	Economic analysis
108870	108869	81121501	Macro economic analysis
108871	108869	81121502	Micro economic analysis
108872	108869	81121503	Econometrics
108873	108869	81121504	Economic forecasts
108874	107374	81121600	Monetary systems and issues
108875	108874	81121601	Monetary policy
108876	108874	81121602	Monetary systems
108877	108874	81121603	Monetary analysis
108878	108874	81121604	Monetary liquidity
108879	108874	81121605	Precious metals reserves
108880	108874	81121606	Foreign exchange control
108881	108874	81121607	Currency exchange markets
108882	107375	81131500	Methodology and analysis
108883	108882	81131501	Factor analysis
108884	108882	81131502	Multivariate analysis
108885	108882	81131503	Regression analysis
108886	108882	81131504	Sampling surveys
108887	108882	81131505	Time series analysis
108888	107379	81141500	Control de calidad
108889	108888	81141501	Ensayo de materiales
108890	108888	81141502	Materials synthesis
108891	108888	81141503	Inspección de productos o materiales
108892	108888	81141504	Ensayo o calibrado de equipos
108893	108888	81141505	Desarrollo de estándares de producción
108894	108888	81141506	Ensayo de productos
108895	107379	81141600	Gestión de cadena de suministro
108896	108895	81141601	Logistics
108897	108895	81141602	Transit analysis
108898	108895	81141603	Transport finance or economics
108899	108895	81141604	Transport facilitation
108900	108895	81141605	Transport infrastructure
108901	108895	81141606	Transport planning
108902	107379	81141700	Planificación y control de productos
108903	108902	81141701	Production planning
108904	108902	81141702	Production control
108905	108902	81141703	Production scheduling
108906	108902	81141704	Production statistics collection or analysis services
108907	107379	81141800	Gestión de instalaciones
108908	108907	81141801	Safety or risk analysis
108909	108907	81141802	Industrial hygiene or ventilation
108910	108907	81141803	Acoustics or noise control
108911	108907	81141804	Equipment inspection service
108912	108907	81141805	Building inspection service
108913	108907	81141806	Power line inspection service
108914	108907	81141807	Plumbing or sewer inspection service
108915	107382	81151500	Meteorología
108916	108915	81151501	Climatology
108917	108915	81151502	Meteorological services
108918	108915	81151503	Hydrometeorology
108919	107382	81151600	Cartografía
108920	108919	81151601	Mapas
108921	108919	81151602	Producción de mapas
108922	108919	81151603	Fotogrametría
108923	108919	81151604	Topografía
108924	107382	81151700	Geología
108925	108924	81151701	Photogeology
108926	108924	81151702	Stratigraphic geology
108927	108924	81151703	Geological surveys
108928	108924	81151704	Geological exploration
108929	107382	81151800	Oceanografía e hidrología
108930	108929	81151801	Oceanographic survey
108931	108929	81151802	Estuarine oceanography
108932	108929	81151803	Physical oceanography
108933	108929	81151804	Hydrological surveys
108934	108929	81151805	Bathymetric surveys
108935	108929	81151806	Underwater exploration
108936	107382	81151900	Geofísica
108937	108936	81151901	Geophysical surveys
108938	108936	81151902	Geophysical exploration
108939	108936	81151903	Geophysical photo interpretation
108940	108936	81151904	Aero magnetic geophysics
108941	107384	82101500	Publicidad impresa
108949	107384	82101600	Publicidad en emisiones varias
108952	108949	82101603	Internet advertising
108953	107384	82101700	Publicidad aérea
108954	108953	82101701	Banner advertising services
108955	108953	82101702	Skywriting advertising services
108956	107385	82111500	Escritura técnica
108957	108956	82111501	Instruction writing services
108958	108956	82111502	Manual writing services
108959	108956	82111503	Academic or scientific article writing
108960	107385	82111600	Escritura no técnica
108961	108960	82111601	Letter writing services
108962	108960	82111602	Resume writing services
108963	108960	82111603	Court reporting services
108964	108960	82111604	Transcribing services
108965	107385	82111700	Escritura creativa
108966	108965	82111701	Article writers services
108967	108965	82111702	Book authors services
108968	108965	82111703	Poetry authors services
108969	107385	82111800	Servicios editoriales y de apoyo
108970	108969	82111801	Servicios de edición
108971	108969	82111802	Servicios de comprobación de hechos
108972	108969	82111803	Servicios de corrección de pruebas
108973	108969	82111804	Servicios de traducción escrita
108974	107385	82111900	Servicios de noticias y publicidad
108975	108974	82111901	Press release services
108976	108974	82111902	Special interest newsletter services
108977	108974	82111903	News agency wire services
108978	108974	82111904	Newspaper or advertising material delivery services
108979	107386	82121500	Impresión
108980	108979	82121501	Planes y trazados de producción gráfica
108981	108979	82121502	Typesetting
108982	108979	82121503	Digital printing
108983	108979	82121504	Letterpress or screen printing
108984	108979	82121505	Promotional or advertising printing
108985	108979	82121506	Impresión de publicaciones
108986	108979	82121507	Impresión de papelería o formularios comerciales
108987	108979	82121508	Wrap or tag or label or seal or bag printing
108988	108979	82121509	Security or financial instruments printing
108989	108979	82121510	Textile printing
108990	107386	82121600	Grabado
108991	108990	82121601	Currency engraving
108992	108990	82121602	Engraved roll printing
108993	108990	82121603	Metal plate engraving
108994	107386	82121700	Fotocopiado
108995	108994	82121701	Black and white copy or collating services
108996	108994	82121702	Color copy or collating services
108997	107386	82121800	Publicación
108998	108997	82121801	Textbook or research publishing
108999	108997	82121802	Author funded publishing services
109000	107386	82121900	Encuadernación
109001	109000	82121901	Thread stitch bookbinding
109002	109000	82121902	Spiral binding
109003	109000	82121903	Glued binding
109004	109000	82121904	Comb or clamp type binding
109005	109000	82121905	Binding restoration or repair
109006	109000	82121906	Bronzing or gilding or edging or deckling
109007	107387	82131500	Film processing services
109008	109007	82131501	Still film processing or reproduction
109009	109007	82131502	Motion picture film processing or reproduction
109010	109007	82131503	Microfiche services
109011	109007	82131504	Color separation
109012	107387	82131600	Fotógrafos y cinematógrafos
109013	109012	82131601	Aerial photography services
109014	109012	82131602	Motion picture cinematography
109015	109012	82131603	Servicios de producción de vídeo
109016	109012	82131604	Studio photography services or still photographs
109017	107388	82141500	Art design services
109018	109017	82141501	Layout or graphics editing services
109019	109017	82141502	Art design or graphics
109020	109017	82141503	Photocomposition
109021	109017	82141504	Chart or graph design services
109022	109017	82141505	Computer generated design services
109023	109017	82141506	Package design services
109024	109017	82141507	Silkscreen design services
109025	107388	82141600	Graphic display services
109026	109025	82141601	Photographic or picture mounting or framing services
109027	109025	82141602	Article display arrangement
109028	107389	82151500	Visual art services
109029	109028	82151501	Painters services
109030	109028	82151502	Lithographers services
109031	109028	82151503	Cartoonists services
109032	109028	82151504	Sculptors services
109033	109028	82151505	Ceramics makers services
109034	109028	82151506	Glass blowers services
109035	109028	82151507	Textile spinners or loomers or weavers services
109041	107389	82151700	Performing arts professionals
109042	109041	82151701	Acting services
109043	109041	82151702	Comedians services
109044	109041	82151703	Dancers services
109045	109041	82151704	Musicians services
109046	109041	82151705	Vocalists services
109047	109041	82151706	Choreographic services
109048	107391	83101500	Servicios de abastecimiento de agua y alcantarillado
109049	109048	83101501	Supply of water
109050	109048	83101502	Gestión de recursos hidráulicos
109051	109048	83101503	Gestión de control de la calidad del agua
109052	109048	83101504	Gestión de distribución del agua
109053	109048	83101505	Servicios de asesoramiento de política hidráulica
109054	109048	83101506	Servicios de tratamiento del agua
109055	109048	83101507	Desalination services
109056	107391	83101600	Servicios públicos de petróleo y gas
109057	109056	83101601	Supply of natural gas
109058	109056	83101602	Supply of fuel oil
109059	109056	83101603	Oil pipeline services
109060	109056	83101604	Gas pipeline services
109061	107391	83101800	Servicios públicos de energía eléctrica
109062	109061	83101801	Supply of single phase electricity
109063	109061	83101802	Supply of two phase electricity
109064	109061	83101803	Supply of three phase electricity
109065	109061	83101804	Electric power transmission services
109066	109061	83101805	Industrial electric power distribution
109067	109061	83101806	Rural electrical power distribution
109068	109061	83101807	Municipal electric power distribution
109069	107391	83101900	Conservación de energía
109070	109069	83101901	Energy conservation programs
109071	109069	83101902	Energy use reduction measures
109072	107392	83111500	Comunicaciones telefónicas locales y de larga distancia
109073	109072	83111501	Local telephone service
109074	109072	83111502	Long distance telephone services
109075	109072	83111503	Pay phone provider services
109076	109072	83111504	Pre paid phone card services
109077	107392	83111600	Servicios de comunicaciones móviles
109078	109077	83111601	Telecommunication signal enhancement network services
109079	109077	83111602	Satellite or earth communication systems services
109080	109077	83111603	Cellular telephone services
109081	109077	83111604	Paging services
109082	107392	83111700	Servicios de fax y telégrafo
109083	109082	83111701	Facsimile transmission services
109084	109082	83111702	Telegraph transmission services
109085	109082	83111703	Telex transmission services
109086	107392	83111800	Servicios de televisión
109087	109086	83111801	Cable television services
109088	109086	83111802	Closed circuit television services
109089	109086	83111803	Television antenna construction or rental services
109090	109086	83111804	Television broadcasting station management
109091	107392	83111900	Servicios de radio
109092	109091	83111901	Radio broadcasting station management
109093	109091	83111902	Amateur radio networks or services
109094	109091	83111903	Small scale radio systems
109095	109091	83111904	Radio studio or equipment services
109096	107395	83121500	Bibliotecas
109097	109096	83121501	General municipal public use libraries
109098	109096	83121502	College or university libraries
109099	109096	83121503	Privately owned libraries
109100	109096	83121504	National government or military post libraries
109101	107395	83121600	Centros de información
109102	109101	83121601	Chambers of Commerce
109103	109101	83121602	Tourism board services
109104	109101	83121603	Computerized information retrieval systems
109105	109101	83121604	Online database information retrieval systems
109106	109101	83121605	Remote database information retrieval services
109107	107395	83121700	Servicios de comunicación de masas
109108	109107	83121701	Servicios relacionados con la televisión
109109	109107	83121702	Servicios relacionados con la radio
109110	109107	83121703	Internet related services
109111	109107	83121704	Citizen warning systems
109112	107397	84101500	Asistencia al desarrollo
109113	109112	84101501	Financial assistance
109114	109112	84101502	Savings mobilization programs
109115	109112	84101503	Guarantee agreements
109116	107397	84101600	Financiación de ayudas
109117	109116	84101601	Co financing
109118	109116	84101602	Bi lateral or multi lateral aid
109119	109116	84101603	Non governmental aid
109120	109116	84101604	Government aid
109121	107397	84101700	Gestión de deudas
109122	109121	84101701	Debt negotiation
109123	109121	84101702	Debt reorganization
109124	109121	84101703	Debt servicing
109125	107398	84111500	Servicios contables
109126	109125	84111501	Cost accounting service
109127	109125	84111502	Financial accounting service
109128	109125	84111503	Tax accounting service
109129	109125	84111504	Bookkeeping services
109130	109125	84111505	Payroll accounting services
109131	109125	84111506	Billing services
109132	107398	84111600	Servicios de auditoria
109133	109132	84111601	Year end audits
109134	109132	84111602	Quarterly reviews
109135	109132	84111603	Internal audits
109136	107398	84111700	Finanzas de empresas
109137	109136	84111701	Treasury services
109138	109136	84111702	Investor relations services or programs
109139	109136	84111703	Budget preparation or review services
109140	107398	84111800	Cuestiones y preparaciones tributarias
109141	109140	84111801	Tax preparers
109142	109140	84111802	Tax advisory services
109143	107399	84121500	Instituciones bancarias
109144	109143	84121501	Privately owned banks
109145	109143	84121502	Publicly owned banks
109146	109143	84121503	Credit unions
109147	109143	84121504	Development finance institutions
109148	107399	84121600	Servicios de transferencia de fondos
109149	109148	84121601	Funds clearance services
109150	109148	84121602	Letter of credit services
109151	109148	84121603	Currency exchange services
109152	109148	84121604	Spot exchange transaction services
109153	109148	84121605	Currency conversion service
109154	107399	84121700	Asesoramiento de inversiones
109155	109154	84121701	Investment advisers
109156	109154	84121702	Investment policy
109157	109154	84121703	Investment analysis
109158	109154	84121704	Investment agreements
109159	107399	84121800	Servicios de mercados de valores y de mercancías
109160	109159	84121801	Stock market trading services
109161	109159	84121802	Commodities or futures market services
109162	109159	84121803	Government bonds
109163	109159	84121804	Privately issued bonds
109164	109159	84121805	Precious metals market services
109165	107399	84121900	Banca hipotecaria
109166	109165	84121901	Housing finance
109167	109165	84121902	Re financing services
109168	109165	84121903	Commercial mortgage finance
109169	117187	84131500	Insurance services for structures and property and possessions
109170	109169	84131501	Building or building contents insurance
109171	109169	84131502	Seguros de propietarios de casa o rentistas
109172	109169	84131503	Seguro de automóviles o camiones
109173	109169	84131504	Seguros de carga
109174	109169	84131505	Marine insurance
109175	109169	84131506	Reinsurance services
109176	117187	84131600	Seguros de vida
109177	109176	84131601	Life insurance
109178	109176	84131602	Health or hospitalization insurance
109179	109176	84131603	Accidental injury insurance
109180	109176	84131604	Disability insurance
109181	109176	84131605	Workmens insurance
109182	109176	84131606	Unemployment insurance
109183	117187	84131700	Fondos de pensiones
109184	109183	84131701	Employer administered pension funds
109185	109183	84131702	Union or guild administered pension funds
109186	117187	84131800	Fondos de jubilación
109187	109186	84131801	Self directed or employer sponsored retirement funds
109188	109186	84131802	Self directed or self initiated retirement plans
109189	107403	84141500	Governmental credit agencies
109190	109189	84141501	Farm credit services
109191	109189	84141502	Small business loan agencies
109192	109189	84141503	Minority owned business programs
109193	107403	84141600	Personal credit agencies
109194	109193	84141601	Consumer credit gathering or reporting services
109195	109193	84141602	Credit card service providers
109196	107403	84141700	Business credit agencies
109197	109196	84141701	Business credit gathering or reporting services
109198	109196	84141702	Value added network VAN services
109199	107405	85101500	Ambulatorios
109200	109199	85101501	Servicios hospitalarios de emergencia o quirúrgicos
109201	109199	85101502	Servicios clínicos especializados privados
109202	109199	85101503	Servicios de oficinas médicos
109203	109199	85101504	Servicios de hospitales psiquiátricos
109204	109199	85101505	Respiratory hospital services
109205	109199	85101506	Substance abuse hospital services
109207	109199	85101508	Centros o servicios sanitarios móviles
109208	109199	85101509	Servicios hospitalarios ginecológicos u obstétricos
109209	107405	85101600	Personas de apoyo de proveedores sanitarios
109215	107405	85101700	Servicios sanitarios administrativos
109216	109215	85101701	Política sanitaria
109217	109215	85101702	Legislación o regulaciones sanitarias
109218	109215	85101703	Planificación de servicios sanitarios
109220	109215	85101705	Administración de salud pública
109222	109215	85101707	Servicios de evaluación de sistemas sanitarios
109223	107406	85111500	Prevención y control de enfermedades contagiosas
109224	109223	85111501	Servicios de prevención o control del SIDA
109225	109223	85111502	Parasitic disease prevention or control services
109226	109223	85111503	Fungal disease prevention or control services
109227	109223	85111504	Servicios de prevención o control de tuberculosis
109228	109223	85111505	Leprosy prevention or control services
109229	109223	85111506	Bacterial disease prevention or control services
109230	109223	85111507	Servicios de prevención o control de enfermedades de transmisión sexual
109231	109223	85111508	Viral disease prevention or control services
109232	109223	85111509	Zoonotic disease prevention or control services
109233	109223	85111510	Vaccination services
109234	109223	85111511	Quarantine services
109235	109223	85111512	Immunization services
109236	109223	85111513	Disinsectization services
109237	109223	85111514	Epidemic prevention or control services
109238	107406	85111600	Servicios de prevención o control de enfermedades no contagiosas
109239	109238	85111601	Bone disease prevention or control services
109240	109238	85111602	Cancer or leukemia prevention or control services
109241	109238	85111603	Endocrine disease prevention or control services
109242	109238	85111604	Heart disease prevention or control services
109243	109238	85111605	Immunologic prevention or control services
109244	109238	85111606	Allergies prevention or control services
109245	109238	85111607	Neurological disorder prevention or control services
109246	109238	85111608	Nutritional disease prevention or control services
109247	109238	85111609	Radiation sickness prevention or control services
109248	109238	85111610	Digestive system disease prevention or control services
109249	109238	85111611	Eye disease prevention or control services
109250	109238	85111612	Respiratory disease prevention or control services
109251	109238	85111613	Tropical disease prevention or control services
109252	109238	85111614	Childhood disease prevention or control services
109253	109238	85111615	Diarrheal disease prevention or control services
109254	109238	85111616	Alcoholism prevention or control services
109255	109238	85111617	Drug addiction prevention or control services
109256	107406	85111700	Gestión y control de portadores de enfermedades
109257	109256	85111701	Ticks management or control services
109258	109256	85111702	Tsetse flies management or control services
109259	109256	85111703	Servicios de gestión o control de bacterias
109260	109256	85111704	Servicios de gestión o control de mosquitos
109261	107408	85121500	Servicios de practicantes de atención primaria
109262	109261	85121501	Primary care physician home visits services
109263	109261	85121502	Primary care physician consultation services
109264	109261	85121503	Primary care physician control services
109265	109261	85121504	Primary care physician emergency medical services
109266	107408	85121600	Servicios de especialistas médicos
109274	109266	85121608	Psychologist services
109279	109266	85121613	Pediatric services
109281	107408	85121700	Servicios de especialistas de proveedores de atención sanitaria
109288	107408	85121800	Laboratorios médicos
109289	109288	85121801	Blood analysis laboratory services
109290	109288	85121802	Bacteriological laboratory services
109291	109288	85121803	Biological laboratory services
109292	109288	85121804	Pathological laboratory services
109293	109288	85121805	Urinalysis laboratory services
109294	109288	85121806	Neurological laboratory services
109295	109288	85121807	Ultrasound laboratory services
109296	109288	85121808	X ray laboratory services
109297	109288	85121809	Blood or sperm or transplant organ banks services
109298	107408	85121900	Farmacéuticos
109299	109298	85121901	Pharmaceutical preparation services
109300	109298	85121902	Commercial pharmaceutical services
109301	107411	85122001	Dentist services
109302	107411	85122002	Dental hygienist services
109303	107411	85122003	Dentist support staff services
109304	107411	85122004	Oral surgeon services
109305	107411	85122005	Orthodontic services
109306	107408	85122100	Servicios de rehabilitación
109307	109306	85122101	Physical therapy services
109308	109306	85122102	Occupational therapy services
109309	109306	85122103	Rehabilitation services for substance abuse
109315	109306	85122109	Rehabilitation services for people with chronic disabilities
109316	107409	85131500	Servicios de medicina experimental
109322	107409	85131600	Ética médica
109327	107409	85131700	Ciencia médica e investigación
109341	117165	85141500	Curanderos por fe
109346	117165	85141600	Tratamientos de hierbas
109347	109346	85141601	Herbal medicine or herbalists services
109348	109346	85141602	Algae or sea weed medical cures
109350	117165	85141700	Práctica homeopática
109353	107412	85151500	Tecnología alimentaría
109354	109353	85151501	Servicios de control de higiene de los alimentos
109355	109353	85151502	Servicios de control de contaminación alimentaría
109356	109353	85151503	Servicios de gestión o control de conservación de los alimentos
109363	107412	85151600	Cuestiones relacionadas con la nutrición
109364	109363	85151601	Servicios de programación de la nutrición
109367	109363	85151604	Evaluación de proyectos de nutrición
109369	109363	85151606	Programas de control de deficiencias de la nutrición
109371	107412	85151700	Política
109372	109371	85151701	Food standards
109373	109371	85151702	Food aid global information or early warning systems services
109374	109371	85151703	Assessment of emergency food requirements
109375	109371	85151704	National food intervention policy or programs
109376	109371	85151705	Evaluation of food aid nutritional impact
109377	107414	86101500	Servicios de formación agrícola
109378	109377	86101501	Agro industry vocational training
109379	109377	86101502	Dairy industry vocational training
109380	109377	86101503	Meat industry vocational training
109381	109377	86101504	Agriculture vocational training services
109382	109377	86101505	Rural youth or farmers vocational training services
109383	109377	86101506	Forestry vocational training services
109384	109377	86101507	Fishery vocational training services
109385	109377	86101508	Servicios de formación profesional medioambiental
109386	109377	86101509	Servicios de formación profesional de recursos naturales
109387	107414	86101600	Servicios de formación profesional científica
109388	109387	86101601	Servicios de formación profesional de informática
109389	109387	86101602	Servicios de formación profesional relacionada con la energía
109390	109387	86101603	Chemistry vocational training services
109391	109387	86101604	Biology vocational training services
109392	109387	86101605	Servicios de formación profesional médica
109393	109387	86101606	Servicios de formación profesional de electrónica
109394	109387	86101607	Servicios de formación profesional de telecomunicaciones
109395	109387	86101608	Hydraulics vocational training services
109396	109387	86101609	Industrial vocational training services
109397	109387	86101610	Servicios de formación profesional de ingeniería
109398	107414	86101700	Servicios de formación profesional no científica
109399	109398	86101701	Servicios de formación profesional de comunicaciones
109400	109398	86101702	Tourism related training
109401	109398	86101703	Library or documentation training
109402	109398	86101704	Formación para cadenas de aprovisionamiento o suministro
109403	109398	86101705	Formación administrativa
109404	109398	86101706	Servicios de formación profesional de asistencia sanitaria
109406	109398	86101708	Literacy services
109407	109398	86101709	Servicios de formación para la seguridad
109408	109398	86101710	Servicios de formación de profesorado
109409	109398	86101711	Fire fighting training services
109410	109398	86101712	Handcrafts vocational training services
109411	109398	86101713	Law vocational training services
109412	109398	86101714	Servicios de formación profesional de en la ejecución del orden público
109413	109398	86101715	Road or rail transportation vocational training services
109414	109398	86101716	Shipping vocational training services
109415	107414	86101800	Reciclaje de personal / desarrollo de recursos humanos
109417	109415	86101802	Re training or refreshing training services
109418	109415	86101803	Vocational rehabilitation services
109421	109415	86101806	Health sector manpower development
109425	107415	86111500	Servicios de aprendizaje a distancia
109426	109425	86111501	Distance learning guidance services
109427	109425	86111502	Distance teaching services
109428	109425	86111503	Certificated distance learning services
109429	109425	86111504	Non certificated distance learning services
109430	109425	86111505	Distance learning assessment services
109431	107415	86111600	Educación de adultos
109432	109431	86111601	Evening courses
109433	109431	86111602	Part time adult education services
109434	109431	86111603	Parent education
109435	107415	86111700	Escuelas de idiomas
109436	109435	86111701	Conversational foreign language instruction
109437	109435	86111702	Foreign language immersion instruction
109438	107415	86111800	Intercambios educativos
109439	109438	86111801	Educational exchanges between universities
109440	109438	86111802	Educational exchanges between schools
109441	107416	86121500	Elementary and secondary schools
109446	107416	86121600	Junior colleges
109447	109446	86121601	Community colleges
109448	109446	86121602	Technical institutes
109449	107416	86121700	University and colleges
109450	109449	86121701	Undergraduate programs
109451	109449	86121702	Postgraduate programs
109452	107416	86121800	Professional schools
109453	109452	86121802	Theological seminaries
109454	109452	86121803	Technical professional schools
109455	109452	86121804	Non technical professional schools
109456	107417	86131500	Bellas artes
109457	109456	86131501	Theater studies
109458	109456	86131502	Painting
109459	109456	86131503	Sculpture
109460	109456	86131504	Media studies
109461	107417	86131600	Música y teatro
109462	109461	86131601	Music schools
109463	109461	86131602	Dance education
109464	109461	86131603	Drama studies
109465	107417	86131700	Conducción
109466	109465	86131701	Vehicle driving schools services
109469	107417	86131800	Educación militar
109472	109469	86131803	Military police training
109474	107417	86131900	Escuelas para personas discapacitadas
109479	107418	86141500	Servicios de orientación educativa
109480	109479	86141501	Educational advisory services
109483	107418	86141600	Organizaciones de estudiantes
109487	107418	86141700	Tecnología educativa
109489	109487	86141702	Audio visual technology
109490	109487	86141703	Computer programmed instruction
109491	109487	86141704	Library or documentation services
109492	107420	90101500	Establecimientos de comidas y bebidas
109493	109492	90101501	Restaurants
109494	109492	90101502	Bars
109495	109492	90101503	Fast food establishments
109496	109492	90101504	On street food vendors
109497	107420	90101600	Servicios de comedor y banquetes
109498	109497	90101601	Banquet facilities
109499	109497	90101602	Party tent services
109500	109497	90101603	Catering services
109501	109497	90101604	Construction or work site catering services
109502	107420	90101700	Servicios de cafetería
109503	109502	90101701	On site cafeteria management
109504	107420	90101800	Servicios para llevar
109505	109504	90101801	Professionally prepared carryout meals
109506	109504	90101802	Delivered meals services
109507	107421	90111500	Hoteles
109508	109507	90111501	Hotels
109509	109507	90111502	Lodges or resorts
109510	109507	90111503	Bed and breakfast inns
109511	109507	90111504	Cottage rental services
109512	107421	90111600	Instalaciones de encuentros
109513	109512	90111601	Conference centers
109514	109512	90111602	Instalaciones de videoconferencia
109515	109512	90111603	Salas de reuniones o banquetes
109516	107421	90111700	Instalaciones de acampada y territorios en estado natural
109517	109516	90111701	Campsites
109518	109516	90111702	Government owned parks
109519	109516	90111703	Recreational vehicle campsite facilities
109520	107422	90121500	Agentes de viajes
109522	109520	90121502	Travel agencies
109524	107422	90121600	Asistencia de documentación para viajes
109525	109524	90121601	Passport services
109526	109524	90121602	Visa or auxiliary document services
109527	107422	90121700	Guías e intérpretes
109572	107427	91101500	Spa and workout and rejuvenation facilities
109573	109572	91101501	Health or fitness clubs
109595	107428	91111500	Servicios de lavado
109597	109595	91111502	Laundry services
109600	107428	91111600	Asistencia y cuidado doméstico
109604	107428	91111700	Servicios de compras o trueques para consumo
109608	107428	91111800	Cuidado y almacenaje de artículos personales
109613	107428	91111900	Servicios de cuidado personal
109618	107430	92101500	Servicios de policía
109619	109618	92101501	Policing services
109620	109618	92101502	Special weapons and tactics SWAT or riot teams
109621	109618	92101503	Community outreach programs
109622	109618	92101504	Crime deterrence programs
109623	107430	92101600	Servicios de bomberos
109624	109623	92101601	Municipal or national firefighting services
109625	109623	92101602	Volunteer fire department services
109626	109623	92101603	Fire prevention services
109627	109623	92101604	Forest or wilderness firefighting services
109628	107430	92101700	Sistema carcelario y de prisiones
109629	109628	92101701	Jail or prison or penitentiary services
109630	109628	92101702	Youth camps or facilities services
109631	109628	92101703	Half way house services
109632	109628	92101704	Mentally impaired criminal facilities
109633	107430	92101800	Sistema judicial
109639	107430	92101900	Servicios de salvamento
109640	109639	92101901	Search and rescue teams
109641	109639	92101902	Ambulance services
109642	109639	92101903	Life saving helicopter services
109643	109639	92101904	Lifeguard services for pool or beach
109644	107431	92111500	Mantenimiento de la paz y seguridad internacionales
109645	109644	92111501	Mediación de disputas
109646	109644	92111502	Operaciones de mantenimiento de la paz
109647	109644	92111503	Acuerdos de alto el fuego o supervisión de treguas
109648	109644	92111504	Fact finding missions
109649	109644	92111505	War prevention strategies
109650	109644	92111506	Counterterrorism
109651	109644	92111507	Embargoes
109652	107431	92111600	Desarme
109653	109652	92111601	Arms limitations
109654	109652	92111602	Conventional arms disarmament
109655	109652	92111603	Nuclear freezes or disarmament
109656	109652	92111604	Destrucción de armas
109657	109652	92111605	Disarmament negotiations or agreements
109658	109652	92111606	Mutual or balanced force reductions
109659	107431	92111700	Ciencia e investigación militar
109668	107431	92111800	Personal y disciplina militar
109679	107431	92111900	Política militar
109685	107431	92112000	Zonas militares
109690	107431	92112100	Guerra nuclear
109694	107431	92112200	Tácticas militares
109702	107431	92112300	Bases militares
109706	107431	92112400	Conflictos e incidentes armados
109712	107432	92121500	Servicios de guardias
109714	109712	92121502	Servicios de protección contra robos
109715	109712	92121503	Alquiler de perros guardianes
109716	109712	92121504	Servicios de guardas de seguridad
109717	107432	92121600	Servicios de detectives
109718	109717	92121601	Detective agencies
109719	109717	92121602	Fingerprint services
109720	109717	92121603	Lie detection services
109721	109717	92121604	Private investigation services
109722	107432	92121700	Servicios de sistemas de seguridad
109723	109722	92121701	Vigilancia o mantenimiento o control de alarmas
109724	109722	92121702	Mantenimiento o control de alarmas contra incendios
109727	107434	93101500	Organismos políticos
109731	109727	93101504	Political legislature services
109734	107434	93101600	Funcionarios políticos
109735	109734	93101601	Cabinet officers services
109736	109734	93101602	Governors services
109737	109734	93101603	Heads of states services
109738	109734	93101604	Presidential services
109739	109734	93101605	Prime ministers services
109741	109734	93101607	Statesmen services
109742	109734	93101608	Parliament members services
109743	107434	93101700	Organismos legislativos y práctica
109744	109743	93101701	National council services
109745	109743	93101702	Corporate states
109746	109743	93101703	Bill drafting services
109747	109743	93101704	Legislative hearings services
109748	109743	93101705	Intelligence services
109749	109743	93101706	Legislators services
109750	109743	93101707	Parliamentary practice services
109751	107435	93111500	Movimientos políticos
109752	109751	93111501	Extremist movements
109753	109751	93111502	Peace movements
109754	109751	93111503	Protest movements
109755	109751	93111504	Underground movements
109756	109751	93111505	Student movements
109757	109751	93111506	Peasant movements
109758	109751	93111507	Opposition movements
109759	107435	93111600	Representación y participación política
109760	109759	93111601	Political representation
109761	109759	93111602	Political participation
109762	109759	93111603	Proportional representation
109763	109759	93111604	Vote catcher services
109764	109759	93111605	Voter registration or counting or analysis or scrutiny services
109765	109759	93111606	Pressure groups representation or participation services
109766	109759	93111607	Election analysis services
109767	109759	93111608	Election organization services
109768	107436	93121500	Diplomacia
109769	109768	93121501	Diplomatic services
109770	109768	93121502	Consular services
109771	109768	93121503	Diplomats security services
109772	109768	93121504	Diplomatic privileges or immunities services
109773	109768	93121505	State immunities services
109774	109768	93121506	Embassies or Ambassadors services
109775	109768	93121507	State visits organization services
109776	109768	93121508	International law prescription services
109777	109768	93121509	International law promotion or recognition services
109778	107436	93121600	Relaciones y cooperación internacionales
109779	109778	93121601	Multilateral cooperation services
109782	109778	93121604	International economic cooperation services
109783	109778	93121605	North south cooperation services
109784	109778	93121606	East west cooperation services
109785	109778	93121607	International cooperation services
109786	109778	93121608	Non governmental liaison services
109787	109778	93121609	Non aligned countries cooperation
109788	109778	93121610	Aligned countries cooperation
109790	109778	93121612	Peace treaties cooperation
109791	109778	93121613	Treaty signature or accessions or rectification services
109792	109778	93121614	International watercourse cooperation services
109793	109778	93121615	Territorial claims or negotiations third party services
109794	107436	93121700	Organizaciones internacionales
109795	109794	93121701	System of organizations services
109797	109794	93121703	Economic or social council services
109798	109794	93121704	Secretariat services
109800	109794	93121706	General assembly services
109801	109794	93121707	International court of justice services
109802	109794	93121708	International political organizations services
109803	109794	93121709	International charity organizations services
109804	109794	93121710	International human relief organizations services
109806	107437	93131500	Programas de refugiados
109807	109806	93131501	Servicios de protección de los derechos humanos
109808	109806	93131502	Servicios de promoción de los derechos humanos
109809	109806	93131503	Servicios de educación o divulgación de información sobre derechos humanos
109810	109806	93131504	Servicios de asistencia urgente a refugiados
109811	109806	93131505	Servicios de campamentos de refugiados
109812	109806	93131506	Servicios de re- asentamientos o repatriación de refugiados
109813	109806	93131507	Servicios de asistencia a desplazados
109814	107437	93131600	Política
109815	109814	93131601	Programas de erradicación del hambre
109816	109814	93131602	Servicios de suministro de alimentos de emergencia
109817	109814	93131603	Servicios del programa mundial de la ONU sobre alimentación
109823	109814	93131609	Políticas o programas de ayuda alimentaría
109824	109814	93131610	Servicios de planificación de alimentos
109825	109814	93131611	Servicios de seguridad de los alimentos
109828	107437	93131700	Programas sanitarios
109830	109828	93131702	Sanitation programs
109831	109828	93131703	Research programs
109832	109828	93131704	Servicios de prevención o control de enfermedades
109833	109828	93131705	Servicios de prevención o control de abuso de drogas
109834	107437	93131800	Estado de preparación y asistencia para desastres
109835	109834	93131801	Disaster warning services
109836	109834	93131802	Disaster preparedness response services
109837	109834	93131803	Emergency housing services
109838	107438	93141500	Desarrollo social y servicios
109839	109838	93141501	Social policy services
109840	109838	93141502	Social security legislation services
109841	109838	93141503	Social planning services
109844	109838	93141506	Social welfare services
109845	109838	93141507	Social work administration services
109846	109838	93141508	Voluntary service management
109847	109838	93141509	Social problems analysis or management services
109848	109838	93141510	Social structure studies or related services
109849	109838	93141511	Social groups studies or related services
109851	109838	93141513	Social justice or legislation services
109853	107438	93141600	Población
109854	109853	93141601	Servicios de censo de la población
109855	109853	93141602	Servicios de estudios de muestras de población
109856	109853	93141603	Birth reporting or control services
109857	109853	93141604	Population control services
109858	109853	93141605	Population trends or projections services
109861	109853	93141608	Population distribution or analysis services
109862	109853	93141609	Population composition analysis services
109863	109853	93141610	Estudios demográficos
109865	109853	93141612	Programas o servicios de planificación familiar
109867	107438	93141700	Cultura
109868	109867	93141701	Cultural events organizations
109869	109867	93141702	Culture promotional services
109873	109867	93141706	Minorities protection services
109874	109867	93141707	Cultural heritage preservation or promotion services
109876	109867	93141709	Cultural policy services
109877	109867	93141710	Archaic or indigenous language services
109878	109867	93141711	Traditional handcrafts promotion services
109879	109867	93141712	Protection of intellectual or cultural property services
109880	109867	93141713	Historic sites or monuments protection services
109882	107438	93141800	Empleo
109883	109882	93141801	Employment promotion or planning services
109884	109882	93141802	Recruitment services
109885	109882	93141803	International labor standards services
109886	109882	93141804	International labor registration services
109887	109882	93141805	Unemployment services
109888	109882	93141806	Employment statistics or forecasting services
109889	109882	93141807	Work time arrangements
109890	109882	93141808	Occupational health or safety services
109891	109882	93141810	Career development services
109892	109882	93141811	Promotional services
109893	109882	93141812	Labor inspection services
109894	109882	93141813	Work council services
109895	109882	93141814	International labor services
109896	107438	93141900	Desarrollo rural
109898	109896	93141902	Rural investment services
109901	109896	93141905	Agricultural research services
109902	109896	93141906	Farmers or peasants organizations services
109903	109896	93141907	Womens services in agricultural production or rural development
109904	109896	93141908	Agrarian reform or land settlement services
109905	109896	93141909	Land administration services
109907	107438	93142000	Desarrollo urbano
109908	109907	93142001	Urban development planning services
109909	109907	93142002	Urban land administration services
109910	109907	93142003	Urban investment programming services
109911	109907	93142004	Slum redevelopment services
109912	109907	93142005	Urban lighting services
109913	109907	93142006	Urban development control or regulations services
109914	109907	93142007	Urban building standards or regulations services
109915	109907	93142008	Urban community services
109916	109907	93142009	Urban project or program administration or management services
109917	107438	93142100	Desarrollo regional
109918	109917	93142101	Regional development planning services
109919	109917	93142102	Economic cooperation services
109920	109917	93142103	Technical cooperation services
109921	109917	93142104	Sectoral planning services
109922	107439	93151500	Administración pública
109923	109922	93151501	Public enterprises management or financial services
109924	109922	93151502	Public enterprises information or control systems services
109925	109922	93151503	Privatization programs
109926	109922	93151504	Administrative reform services
109927	109922	93151505	Administrative agencies services
109928	109922	93151506	Administrative economic council services
109929	109922	93151507	Administrative procedures or services
109930	109922	93151508	Government departments services
109931	109922	93151509	Government information services
109932	109922	93151510	Administrative fees or tax collection services
109933	109922	93151511	Administrative acts ratification or implementation services
109934	109922	93151512	Public institutions services
109935	109922	93151513	Multinational public corporations services
109936	109922	93151514	Ombudsman services
109937	109922	93151515	National planning services
109938	107439	93151600	Finanzas públicas
109939	109938	93151601	Program budgeting services
109940	109938	93151602	Government budgeting services
109941	109938	93151603	Budget or public investment management
109943	109938	93151605	Government finance services
109944	109938	93151606	Government accounting services
109945	109938	93151607	Government auditing services
109946	109938	93151608	Government or central bank services
109948	109938	93151610	Tax collection services
109949	109938	93151611	Subsidies
109950	107439	93151700	Moneda
109953	107401	93161500	Impuesto sobre la renta
109954	109953	93161501	National income tax
109955	109953	93161502	Municipal income tax
109956	109953	93161503	Capital gains tax
109957	109953	93161504	Excess profits tax
109958	107401	93161600	Impuestos que no sean de renta
109959	109958	93161601	Property tax
109960	109958	93161602	Land tax
109961	109958	93161603	Value added tax VAT
109962	109958	93161604	Payroll tax
109963	109958	93161605	Sales tax
109964	109958	93161606	Social security tax
109965	109958	93161607	Inheritance or transfer tax
109966	107401	93161700	Administración tributaria
109967	109966	93161701	Tax collation
109968	109966	93161702	Tax incentives
109969	109966	93161703	Tax systems
109970	109966	93161704	Tax revenue administration
109971	107401	93161800	Cuestiones tributarias
109972	109971	93161801	Tax reform
109973	109971	93161802	Taxation policy
109975	109971	93161804	Investment tax credit
109976	109971	93161805	Tax deductions
109979	109971	93161808	Tax returns
109980	107380	93171501	Trade agreements
109981	107380	93171502	Trade negotiations
109982	107380	93171503	Formulation of national commodity policies
109983	107380	93171504	Development of small scale industries
109984	117154	93171600	Comercio internacional
109985	109984	93171601	International commodity agreements
109986	109984	93171602	Export policy
109987	109984	93171603	Global trade policies or procedures
109988	109984	93171604	Bilateral trade agreements
109989	117154	93171700	Administración y cumplimiento aduanero
109993	117154	93171800	Análisis comercial
109994	109993	93171801	Trade projections
109995	109993	93171802	Balance of trade projections
109996	109993	93171803	Trade statistics
110085	107445	94131500	Organizaciones no gubernamentales
110086	110085	94131501	Environmental non governmental services
110090	107445	94131600	Organizaciones benéficas
110091	110090	94131601	Charity organizations shelter services
110092	110090	94131602	Food relief services
110093	110090	94131603	Legal assistance services
110094	110090	94131604	Resource mobilization services
110095	110090	94131605	International aid assistance services
110099	107445	94131700	Asociaciones ecologistas
110100	110099	94131701	Radical green associations
110101	110099	94131702	Ecofeminists associations
110102	110099	94131703	Ecological political organizations
110103	110099	94131704	Green activists movements or services
110104	107445	94131800	Movimientos
110105	110104	94131801	Gay or lesbian or bisexual or transgender movements
110106	110104	94131802	Anti racism movements
110107	110104	94131803	Women liberation movements
110108	110104	94131804	Fraternal associations
110109	110104	94131805	Ethnic minorities cultural preservation services
110110	107445	94131900	Asociaciones de protección de los animales
110111	110110	94131901	Animal liberation movements
110112	110110	94131902	Endangered species protection associations
110113	110110	94131903	Threatened animals protection associations
110114	107445	94132000	Asociaciones de defensa y protección de los derechos humanos
110115	110114	94132001	Children rights defense services
110118	110114	94132004	Freedom of speech defense associations
110221	101456	25101905	Todoterrenos de vía o de rueda
110223	105207	44121804	Borradores
110226	117344	43201803	Discos duros
110227	104895	43211903	Touch screen monitors
110235	105047	44101705	Office machine trays or feeders
110236	105104	44103004	Fusers
110237	105131	44122013	Report covers
110238	133448	60120000	Equipo de arte y manualidades
110244	106894	56101700	Muebles de oficina
110245	110244	56101701	Credenzas
110246	110244	56101702	Filing cabinets or accesories
110248	117188	13111201	Películas de polietileno
110249	107523	24141504	Tamper proof or security seals
110252	104870	43211701	Equipo de lector de código de barras
110253	104870	43211710	Radio frequency identification devices
110254	100401	11162114	Tejidos o cintas de gancho y lazo
110263	101274	24101610	Manipuladores
110265	101316	24102107	Maquinaria para hacer cartones
110266	105217	45101509	Ultraviolet UV rotary printer
110267	105217	45101510	Flexographic printer
110268	105217	45101511	Inkjet printer for commercial printing applications
110269	105217	45101512	Thermal transfer printer for commercial printing applications
110270	105217	45101513	Hot stamp printer
110271	105217	45101514	Pad printer
110272	105217	45101515	Core printer
110273	101120	23152000	Manejo del Web y maquinaria de control y equipo y suministros
110278	117374	43211601	Computer switch boxes
110283	107123	53102505	Paraguas
110289	100401	11162115	Trenza elástica
110290	100415	12140000	Elementos y gases
110291	110290	12141500	Metales de tierra
110298	110290	12141600	Metales de tierra rara
110316	110290	12141700	Metales de transición
110383	110290	12141900	No-metales y gases elementales y puros
110400	110290	12142000	Gases nobles
110407	110290	12142100	Gases naturales y gases mixtos
110454	100415	12160000	Aditivos
110455	110454	12161500	Indicadores o reagentes
110466	110454	12161700	Amortiguadores
110469	110454	12161800	Colloids
110473	110469	12161804	Emulsions
110474	110454	12161900	Surfactantes
110476	110454	12162000	Plastificantes
110482	110454	12162100	Retardadores de llama
110484	110454	12162200	Anti-oxidantes
110495	100415	12170000	Colorantes
110496	110495	12171500	Tintes
110503	110495	12171600	Pigmentos
110509	110495	12171700	Compuestos de colores y dispersiones
110513	100415	12180000	Ceras y aceites
110518	110513	12181600	Aceites
110521	100415	12190000	Solventes
110522	110521	12191500	Hydrocarbonated solvents
110535	110574	12352500	Fijadores
110574	100415	12350000	Compuestos y mezclas
110619	110290	12142200	Isótopos
110620	110574	12352200	Productos bioquímicos
110708	101274	24101611	Eslingas
110709	101274	24101612	Gatos
110710	101355	24112003	Non metallic bins
110711	101355	24112004	Metallic bins
110712	101355	24112005	Metallic baskets
110713	101355	24112006	Non metallic baskets
110716	101366	24112204	Metallic pails
110721	107537	25173107	Vehicular global positioning system GPS
110722	101428	25200000	Sistemas aeroespaciales y componentes y equipo
110726	110722	25201700	Flight communications related systems
110733	110722	25201800	Aircraft master control systems
110734	110722	25201900	Aircraft emergency systems
110738	110722	25202100	Flight instrumentation
110747	110722	25202300	Aircraft passenger restraints
110772	102995	31163100	Conectadores
110788	102648	31270000	Piezas hechas a máquina
110796	103649	41122000	Jeringuillas de laboratorio o de muestreo
110797	104028	41112904	Complex controlling devices
110799	105091	44102605	Dictation machines
110803	105586	47131805	General purpose cleaners
110805	107177	53121705	Equipment cases
110806	107062	53140000	Fuentes y accesorios de costura
110815	110806	53141600	Suministros de costura variados
110817	110815	53141602	Neceser de costura
110820	100637	12131706	Cerillas
110821	100637	12131707	Encendedores
110822	101266	24101508	Enredaderas
110823	101266	24101509	Vagones
110832	103919	41111617	Feeler gauges
110833	103932	41111713	Magnifiers
110834	105211	44121904	Ink refills
110835	105559	47121805	Pressure or steam cleaners
110838	100758	14111518	Fichas
110839	107484	14121605	Kraft tissue paper
110840	100752	14122100	Papeles de base sin bañar
110841	110840	14122101	Super calendared kraft paper
110842	110840	14122102	Machine finished or glazed kraft paper
110852	101274	24101613	Bloques o poleas
110854	101971	27112900	Herramientas medidoras
110886	102648	31280000	Componentes de placa y estampados
110893	105211	44121905	Ink or stamp pads
110894	107049	52161512	Altavoces
110899	100370	11162200	Telas no tejidos
110902	110454	12162300	Agentes de curación
110905	100758	14111519	Papeles de Cardstock
110909	107522	24141700	Tubos y núcleos de embalaje y etiquetas y accesorios
110915	101768	26111800	Componentes de la transmisión
110916	110915	26111801	V belts
110936	101971	27113000	Cepillos
110940	101969	27120000	Maquinaria y equipo hidráulico
110941	110940	27121500	Hydraulic presses
110945	101969	27130000	Maquinaria y equipo neumático
110946	110945	27131500	Pneumatic tools
110947	110946	27131501	Pneumatic impact wrenches
110961	103932	41111714	Loupes
110962	103932	41111715	Telescopios
110963	117599	43233403	Data compression software
110980	105468	46182004	Respiration air supplying self contained breathing apparatus or accessories
110983	100401	11162116	Tejido de cañamazo
110985	101274	24101615	Rampas de carga
110991	101710	25172406	Fuel tanks
110996	101719	25172607	Vehicle side panels
111002	107553	25191700	Equipo para el mantenimiento de vehículo
111006	102966	31152000	Cable de seguridad
111014	117411	43221500	Sistemas de gestión de llamadas o accesorios
111020	105643	48101816	Commercial use cutlery pouch
111021	105717	60131105	Whistle
111023	108693	80111611	Temporary warehouse staff
111024	108693	80111612	Temporary drivers
111025	109048	83101508	Town water
111026	109048	83101509	Service water
111027	109056	83101605	Gas facility charge
111028	100754	14121503	Cardboard
111029	107492	14121805	Latex treated coated paper
111030	110840	14122103	Non treated uncoated paper
111031	110840	14122104	Non treated crepe paper
111032	110840	14122105	Latex treated crepe paper
111033	110840	14122106	Latex treated uncoated paper
111056	105041	44101503	Multifunction machines
111070	108	56000000	Muebles y mobiliario
111078	111070	56110000	Muebles comerciales e industriales
111079	111078	56111500	Sitios de trabajo y paquetes para la oficina
111080	111079	56111501	Modular reception office packages
111081	111078	56111600	Sistemas de paneles
111082	111081	56111601	Screens for panel systems
111083	111078	56111700	Casegood y sistemas no modulares
111085	111078	56111800	Muebles independientes
111087	111078	56111900	Muebles industriales
111089	111078	56112000	Muebles de apoyo de la computadora
111091	111078	56112100	Asientos
111094	108670	80101507	Information technology consultation services
111095	108712	80121609	Legal Research Services
111096	108846	81111810	Software coding service
111097	108860	81112003	Data center services
111099	105586	47131807	Bleaches
111100	108647	78131602	File archive storage
111101	103484	40180000	Tubes tubing and tube fittings
111115	117188	13111220	Películas con baño de silicón
111116	100758	14111520	Papel secante
111117	107492	14121808	Freezer paper
111118	100804	15111506	Acetileno
111126	101120	23152100	Maquinaria y equipo de separación
111127	101120	23152200	Mesa y estantes para fabricación
111151	101412	24131606	Plate freezers
111152	101412	24131607	Blast freezers
111174	102487	30171509	Revolving doors
111175	135572	39121011	Fuentes de alimentación continua
111209	103570	40151700	Piezas y accesorios de bomba
111212	103932	41111716	Borescope inspection equipment
111213	103950	41111919	Detection apparatus for non metallic objects
111214	103950	41111920	Coordinate measuring machines CMM
111215	104017	41112504	Water meters
111216	104150	41113714	Differentiator
111219	105034	43232605	Analytical or scientific software
111222	117456	43222611	Network channel or data service units
111224	127939	43201402	Memory module cards
111225	117374	43211608	Encoder decoder equipment
111227	104870	43211707	Light stylus
111228	104870	43211709	Pressure stylus
111229	117394	43211802	Mouse pads
111230	117365	43212000	Accesorios de pantallas de ordenador
111232	104870	43211704	Currency recognition equipment
111234	117394	43211801	Computer data input device covers
111238	105044	44101603	Paper shredding machines or accessories
111239	105040	44103200	Máquinas y accesorios de registrar la hora para la oficina
111240	111239	44103201	Time card machines
111241	111239	44103202	Time stamping machines
111242	105170	44121507	Sobres de catálogo o broche
111243	105196	44121711	Felt pen
111244	105287	45121506	Video conference cameras
111246	105472	46182103	Grounding hardware
111247	105472	46182104	Anti static floor mats
111248	105586	47131808	Dry germicidal
111250	105586	47131810	Dishwashing products
111251	105586	47131811	Laundry products
111252	105593	48101527	Barbecues
111253	105593	48101528	Commercial use crepe machines
111254	105593	48101529	Pressure cookers or pressure fryers
111255	105593	48101530	Commercial use rice cookers
111256	105593	48101531	Commercial salmon poachers or kettles
111257	105620	48101613	Commercial use dough machines
111258	105620	48101614	Commercial use icing sets or bags
111259	105633	48101712	Cup dispenser
111260	105633	48101713	Cocktail shakers or accessories
111261	105643	48101817	Cake decorating equipment or moulds
111262	105683	48102105	Glass chilling equipment
111284	106264	50192900	Pasta o tallarines natural
111300	106173	50171552	Seasoning mix
111321	106251	50181708	Baking mixes
111342	106319	50201713	Tea bags
111347	106895	56101520	Lockers
111349	107049	52161514	Headphones
111352	107193	53131621	Nail clippers
111353	107193	53131622	Condones
111354	107258	55101516	Manuales de instrucciones o funcionamiento
111355	107258	55101517	Trazados de cotas o márgenes de seguridad
111356	107258	55101518	Diagramas o dibujos técnicos
111359	106895	56101502	Sofas
111360	106895	56101503	Coat racks
111361	106895	56101504	Chairs
111364	106895	56101507	Bookcases
111365	106895	56101508	Mattresses or sleep sets
111366	106895	56101509	Dressers or armoires
111367	106895	56101510	Partitions
111368	110244	56101703	Desks
111370	106895	56101513	Cots or accessories
111372	106895	56101515	Beds
111373	106895	56101516	Chests
111374	106895	56101518	Wall racks
111375	106895	56101519	Tables
111381	108601	78101905	Rail truck transportation
111382	108651	78131804	Document storage services
111384	108682	80101706	Professional procurement services
111385	108753	80141603	Telemarketing
111386	108846	81111811	Technical support or help desk services
111387	108846	81111812	Computer hardware maintenance support service
111389	108860	81112004	Disaster recovery services
111390	108863	81112106	Application service providers
111391	108979	82121511	Technical manual or instruction sheet printing
111392	109072	83111505	Directory assistance services
111393	100003	10101517	Camels
111394	100002	10102000	Animales salvajes
111396	100001	10110000	Productos de casa para el animal doméstico
111403	100084	10152100	Residuos que no sean de piensos
111417	117189	13111300	Espumas
111422	102412	30152000	Cercado
111434	102648	31230000	Materia prima en placas o barras labradas
111441	102648	31290000	Estiramientos por presión labrados
111446	102648	31300000	Forjas labradas
111452	102648	31310000	Conjuntos de tubería fabricada
111460	102648	31320000	Conjuntos fabricados de material en barras
111468	102648	31330000	Conjuntos estructurales fabricados
111476	102648	31340000	Conjuntos de placa fabricado
111484	102648	31350000	Conjuntos de tubería fabricada
111492	102648	31360000	Conjuntos de placa fabricados
111501	102558	41112101	Piezo electric crystals
111503	105177	44121620	Finger stalls
111506	105564	47131900	Absorbentes
111507	111506	47131901	Absorbent mats
111508	105591	48120000	Equipo de Juego o de Apostar
111528	106812	51191900	Nutritional therapy products
111531	111533	78181600	Panel and paint services
111533	107357	78180000	Servicios de mantenimiento o reparaciones de transportes
111534	111533	78181500	Vehicle maintenance and repair services
111535	111534	78181501	Vehicle body repair or painting service
111537	107372	81102300	Ingeniería aeronáutica
111538	111537	81102301	Avionics design
111601	117188	13111203	Películas de acetato
111602	117188	13111204	Películas de acrílico
111603	117188	13111205	Películas co-estiradas por presión
111604	117188	13111206	Películas de Fluoropolímero
111605	117188	13111207	Películas metalizadas
111606	117188	13111208	Películas de nylon
111607	117188	13111209	Películas del policarbonato
111608	117188	13111210	Películas de poliéster
111609	117188	13111211	Películas del polipropileno
111610	117188	13111212	Polipropileno orientado biaxialmente
111611	117188	13111213	Películas de Poliamida
111612	117188	13111214	Películas de poliestireno
111613	117188	13111215	Película flexible de cloruro de polivinilo
111614	117188	13111216	Película rígida de cloruro de polivinilo
111615	117188	13111217	Película de alcohol de vinilo de etileno
111616	117188	13111218	Cloruro de polivinilideno
112727	111079	56111507	Modular staff office packages
112729	111079	56111509	Modular technical office packages
112731	111079	56111511	Modular clerical office packages
112733	111079	56111513	Conference or non modular room packages
112734	111081	56111602	Storage for panel systems
112735	111081	56111603	Organization for panel systems
112736	111081	56111604	Work surfaces for panel systems
112737	111081	56111605	Lighting or power or data components for panel systems
112738	111081	56111606	Parts or accessories panel systems
112778	108370	73141715	Industrial sewing services
112817	112872	73181103	Wrapping services
112867	107339	73151800	Servicios de convertir
112868	107339	73151900	Servicios de Imprimir Industrial
112869	107339	73152000	Servicios de Rellenado
112870	107333	73180000	Servicios de labrado y procesado
112872	112870	73181100	Coating services
112883	101120	23152900	Maquinaria de Envasar
112884	112883	23152901	Wrapping machinery
112887	101456	25101906	Cochecito de niño
112891	102378	30121605	Manhole frames with covers
112892	102533	95141707	Auditorium
112893	174112	95120000	Permanent buildings and structures
112894	112893	95121500	Commercial and entertainment buildings and structures
112897	112893	95121600	Transport buildings and structures
112898	112897	95121601	Steel bridge
112899	112897	95121602	Dry dock
112900	103417	39101800	Componentes de Lámpara
112904	104844	43211505	Terminal de punto de venta (POS)
112905	105108	44103109	Printer or facsimile or photocopier drums
112906	105040	44103500	Suministros de máquinas de encuadernar
112908	135652	45112001	Microfiche or microfilm viewers
112909	107753	46191607	Fire breathing apparatus
112910	105559	47121806	Mop wringer
112913	107188	53131505	Infant soother or pacifier or dummy
112915	107193	53131624	Disposable personal wipes
112917	114957	42142901	Eyeglasses
112920	107258	55101519	Publicaciones periódicas
112929	108753	80141604	Branding of product naming services
112930	108753	80141605	Promotional merchandise
112931	108753	80141606	Direct marketing fulfillment
112932	108776	80161505	Servicios de manejo de flota
112933	108776	80161506	Servicios de archivo de datos
112934	107373	81112200	Mantenimiento y apoyo de logical
112935	112934	81112201	Maintenance or support fees
112936	112934	81112202	Software patches or upgrades
112937	165539	85171500	Funeral and associated services
112938	112937	85171501	Grave digging
112939	100782	14111706	Mantel de Papel
112940	101466	25111511	Oil or gas crew boat
112941	101466	25111512	Oil or gas workboat
112942	101466	25111513	Seismic vessel
112947	101791	26111714	Zinc air
112954	103649	41123000	Desecadores y desecantes de laboratorio
112955	112954	41123003	Desiccants
112956	117023	41121801	Laboratory watch glasses
112957	117023	41121808	Laboratory burets
112958	117023	41121805	Laboratory graduated cylinders
112959	103919	41111618	Gage block set
112961	105034	43232608	Industrial control software
112965	104856	43201544	Interface bus converter or controller
112970	107063	53102700	Uniformes
112971	112970	53102701	Uniformes Militares
112972	107063	53102800	Trajes de baño
112978	107329	72102900	Servicios de Mantenimiento de terrenos
112979	112978	72102903	Mantenimiento de carreteras o aparcamientos
112980	112978	72102902	Servicios de reformar artísticamente
112983	108846	81111814	Co location service
112984	108860	81112005	Document scanning service
112985	108863	81112107	Internet domain names
112986	109072	83111506	Conference calling services
112987	100401	11162117	Tejidos de caucho
112988	110574	12352300	Compuestos inorgánicos
112998	100799	15101605	Charcoal
112999	100814	15121900	Grasas
113001	107532	25111902	Marine propellers
113002	101742	26101900	Combustión interna
113008	101804	26121536	Extension cord
113009	101971	27113100	Herramientas de arrastre
113020	106894	56101800	Accesorios y muebles de bebé y niño
113034	108965	82111704	Copywriting
113051	105131	44122019	File pockets or accessories
113052	108748	80141505	Marketing plans
113053	108753	80141607	Events management
113054	108688	80111505	Human resources productivity audits
113055	108965	82111705	Speech writing
113057	107492	14121806	Waxed paper
113060	105553	47121605	Floor scrubbers
113061	105553	47121606	Carpet sweepers
113066	107193	53131625	Hair or beard nets
113069	105389	46161600	Seguridad del Agua
113070	113069	46161601	Rope float lines
113071	105553	47121608	Floor machine pads
113072	105555	47121704	Waste container lids
113098	110454	12162700	Fluid loss additives
113101	110454	12162800	Reductores de fricción
113110	110454	12163100	Anti sludgers
113112	110454	12163200	Anti gas migration agents
113120	110454	12163600	Inhibidores de corrosión
113133	110454	12164100	In situ
113138	110454	12164300	Iron controllers
113140	110454	12164400	Non emulsifiers
113142	100844	20120000	Equipo para perforación y exploración para petróleo
113177	132488	46182314	Safety sling
113218	113142	20121400	Completion tools and equipment
113266	113142	20121600	Drilling bits
113504	100844	20130000	Materiales para operaciones y perforación de petróleo y gas
113535	100844	20140000	Equipo de producción y operación de gas y petróleo
113641	103520	40142200	Reguladores de gas y fluido
113663	102155	40174700	Pipe threaded flanges
113665	103520	40142500	Interceptores y coladores
113768	107327	71112300	Seismic services
113790	107325	71120000	Servicios de mantenimiento y construcción de perforación de pozos
114024	107325	71130000	Servicios de aumento de la extracción producción de gas y petróleo
114072	107325	71140000	Servicios de restauración y recuperación de gas y aceite
114082	107325	71150000	Servicios de procesar y gestión de datos del aceite y gas
114089	114082	71151100	Oilfield data management services
114122	107325	71160000	Servicios de gerencia del proyecto de aceite y gas del pozo
114123	114122	71161000	Oilfield modeling services
114174	114259	73152108	Electrical equipment maintenance and repair service
114175	177559	72154501	Heavy equipment maintenance and repair service
114177	177553	72154201	Instrument or meter maintenance and repair service
114178	114259	73152112	Valve or valve part testing maintenance or repair service
114179	100085	10151521	Semillas o plantillas de pimienta dulce
114182	103746	41102421	Temperature cycling chambers or thermal cyclers
114183	117023	41121812	Laboratory dishes
114184	117082	41122601	Microscope slides
114185	117078	41122502	Laboratory stoppers
114186	117280	43191612	Phone rests
114187	105100	44102904	Air compressed spray
114193	107193	53131626	Hand sanitizer
114194	108756	80141705	Auction services
114195	109072	83111507	Call centre bureau services
114196	109148	84121606	Remittance processing services
114197	105390	46161506	Snow or ice melter
114198	105568	47131611	Trash picker
114201	111506	47131902	Granular absorbent
114202	107193	53131627	Limpiador de mano
114204	105559	47121807	Drain or toilet plunger
114205	105659	48101916	Food service napkin dispensers
114206	100168	10171700	Herbicidas
114208	103950	41111921	Speed sensors
114212	105163	44112006	Diaries or refills
114213	100188	10191703	Interceptor de control para insectos volantes
114214	100370	11162300	Cueros
114224	101714	25172505	Bicycle tubes
114225	101714	25172506	Bicycle tires
114232	102511	30181508	Restroom partitions
114238	105100	44102905	Small paper bags of wet absorbing salts
114241	113069	46161602	Life rings
114242	113069	46161603	Pool alarms
114243	113069	46161604	Life vests or preservers
114245	105559	47121808	Drain or pipe cleaning equipment
114246	105620	48101615	Commercial use dishwashers
114247	105620	48101616	Commercial use food slicers
114248	105914	49241700	Swimming pool and spa equipment and supplies
114249	114248	49241701	Diving boards
114250	106882	52170000	Tratamientos de pared doméstica
114254	107063	53102900	Prendas de deporte
114259	107339	73152100	Servicio de mantenimiento y reparación de equipo de fabricación
114260	114259	73152101	Manufacturing equipment maintenance services
114261	114259	73152102	Manufacturing equipment repair services
114262	108693	80111613	Temporary manual labor
114263	107384	82101800	Servicios de agencia publicitaria
114265	107399	84122000	Servicios de cámara acorazada de dinero
114266	114265	84122001	Deposit verification services
114268	100134	10151904	Sunflower seeds
114272	100256	11111609	Basalt
114273	100256	11111610	Pumice stone
114277	110574	12352000	Compuestos aromáticos y alifáticos
114283	117188	13111219	Películas de alcohol polivinilo
114293	101266	24101510	Camión volcador
114294	101342	24111812	Pileta recipiente
114309	101676	25171713	Disc brake pads
114327	101666	25173800	Sistemas de tren de transmisión
114342	101666	25173900	Componentes eléctricos
114344	101666	25174000	Sistema de refrigerar de motor
114348	101666	25174100	Sistemas de tejado
114356	101666	25174200	Sistema de dirección
114369	101666	25174400	Sistemas del interior de vehículos
114385	107537	25173108	Vehicle navigation systems
114386	101666	25174600	Sistemas de asientos del vehículo
114390	107545	25181708	Trailer hitches
114391	101743	26101513	Engine Repair Kit
114422	107557	26101736	Pistons
114425	107557	26101740	Fuel injectors
114429	107557	26101720	Turbocharger
114442	101791	26111715	Zinc coal battery
114450	101768	26112000	Piezas y accesorios
114451	114450	26112001	Pressure plate
114453	114450	26112003	Clutch plates
114471	102048	30103700	Trenza
114475	102412	30152100	Superficie
114481	102991	31151904	Plastic straps
114490	102487	30171514	Door closers
114506	102648	31370000	Refractarios
114531	103311	32130000	Piezas de componentes y hardware electrónicos y accesorios
114532	114531	32131000	Electronic component parts and raw materials and accessories
114535	103485	40102000	Calderas
114552	166775	40183001	Rubber tubing
114580	103633	41101515	Liquid measuring cans
114581	103919	41111619	Go or no go gauge
114582	103950	41111922	Lamp failure sensor
114583	103950	41111923	Pre ignition knock sensor
114584	103950	41111924	Oxygen sensors
114585	104213	41114510	Torque limiter
114586	127939	43201409	Wireless network interface cards
114587	105061	44102106	Letter folders
114588	105100	44102906	Computer or office equipment cleaning kit
114589	111239	44103203	Time card machine replacement ribbon
114590	112906	44103502	Binding covers
114592	105177	44121621	Desk pads or its accessories
114593	105177	44121622	Moisteners
114594	105177	44121623	Mechanical letter opener
114595	105207	44121805	Correction pens
114596	105131	44122014	Sheet lifters
114602	111506	47131903	Plugging compound
114605	114248	49241704	Water test kit or solutions
114611	105924	50400000	Fresh vegetables
114614	105924	50300000	Fresh fruits
114626	106036	50121539	Fresh fish
114627	106036	50121537	Frozen fish
114628	106036	50121538	Shelf stable fish
114640	106087	50131700	Productos de leche y mantequilla
114641	114640	50131701	Productos de mantequilla o leche frescos
114643	106087	50131800	Queso
114644	114643	50131801	Natural cheese
114645	114643	50131802	Processed cheese
114646	114643	50131803	Imitation cheese
114647	106126	50151513	Edible vegetable or plant oils
114648	106126	50151514	Edible vegetable or plant fats
114649	106139	50151604	Edible animal oils
114651	106149	50161509	Natural sugars or sweetening products
114657	106173	50171548	Fresh herbs
114659	106173	50171550	Spices or extracts
114669	106251	50181709	Baking supplies
114670	106239	50181900	Bread and biscuits and cookies
114671	114670	50181901	Fresh bread
114679	106265	50191505	Fresh prepared soups or stews
114680	106265	50191506	Frozen prepared soups or stews
114681	106265	50191507	Shelf stable prepared soups or stews
114686	106264	50192300	Postres y decoraciones de postres
114690	106264	50192400	Mermeladas y gelatinas y pastas de untar de nuez y dulce y conservas de fruta
114693	106264	50192500	Sandwiches y panecillos con relleno
114696	106264	50192600	Acompañamientos preparados
114700	106264	50192700	Platos combinados empaquetados
114704	106264	50192800	Empanadas y quiches y pasties
114711	106264	50193000	Bebidas y Comidas Infantiles
114716	106319	50201710	Leaf tea
114717	106319	50201711	Instant tea
114719	106303	50202200	Bebidas alcohólicas
114724	106303	50202300	Bebidas no alcohólicas
114738	105924	50220000	Productos de Cereales y Legumbres
114739	114738	50221000	Pulses
114741	114739	50221002	Pulse flour
114742	114738	50221100	Cereals
114744	114742	50221102	Cereal flour
114748	107049	52161515	Tocador o grabador de disco compacto
114749	107049	52161516	Tocador o grabador de discos video digital
114751	107049	52161518	Global positioning system GPS receiver
114753	107049	52161520	Microphones
114756	107049	52161523	Receptores o transmisores de radiofrecuencia
114757	107049	52161524	Receptores de Radio
114759	107049	52161526	Receptores de Satélite
114762	107258	55101520	Hojas o Folletos de Instrucciones
114763	107258	55101521	Manuales de Dueño o Usuario
114765	110244	56101704	Table base
114766	108383	73151502	Joint sealing services
114768	108597	78101804	Servicios de volver a colocar
114769	108631	78111808	Alquiler de vehículos
114770	108776	80161507	Servicios Audio Visuales
114771	109154	84121705	Market data
114772	109431	86111604	Employee education
114786	105118	44111507	Book ends
114787	117498	43231503	Software de gestión de adquisiciones
114788	108631	78111807	Honorarios del estacionamiento
114789	108783	81101512	Servicios de sistemas de información geográfica (GIS)
114790	101667	25171507	Wiper blades
114799	104269	42130000	Telas y vestidos médicos
114800	114799	42131500	Vestuario para pacientes
114801	114800	42131501	Patient bibs
114802	114800	42131502	Patient caps
114803	114800	42131503	Patient exam capes
114804	114800	42131504	Patient gowns
114805	114800	42131505	Patient infant shirts or vests
114806	114800	42131506	Patient jackets
114807	114800	42131507	Patient slippers or socks
114808	114799	42131600	Vestuario para el personal sanitario y artículos relacionados
114809	114808	42131601	Medical staff aprons or bibs
114810	114808	42131602	Medical staff beard covers
114811	114808	42131603	Medical staff blouses or smocks
114812	114808	42131604	Medical staff bouffant caps
114814	114820	42131713	Surgical isolation or surgical masks
114815	114808	42131607	Medical staff jackets or coats
114816	114808	42131608	Medical staff scrubs
114817	114808	42131609	Medical staff shoe covers
114818	114808	42131610	Medical staff sleeve protection
114819	114808	42131611	Surgeon caps or hoods
114820	114799	42131700	Prendas textiles quirúrgicas
114821	114820	42131701	Surgical drapes
114822	114820	42131702	Surgical gowns
114831	114800	42131508	Patient pajamas
114840	114799	42132100	Ropa blanca del hospital
114841	114840	42132101	Hospital underpads
114842	114840	42132102	Medical stretcher sheets
114843	114840	42132103	Patient barrier drapes
114844	114840	42132104	Hospital pillows
114845	114840	42132105	Hospital bed sheets or mattress covers
114846	114840	42132106	Hospital bedspreads or duvet covers
114847	114840	42132107	Hospital blankets or duvets or quilts
114848	114840	42132108	Hospital pillow covers or pillowcases
114852	104269	42140000	Suministros y productos de tratamiento y cuidado del enfermo
114853	114852	42141500	Torundas de algodón y algodoneras aplicadoras
114854	114853	42141501	Cotton or fiber balls 
114855	114853	42141502	Fiber tipped sticks
114856	114852	42141600	Palanganas y Bacinillas de cama y orinales y equipos de ingreso
114857	114856	42141601	Patient care admission kits
114858	114856	42141602	Bedpans
114859	114856	42141603	Emesis basins
114861	114856	42141605	Medical mixing or solution basins or bowls
114862	114856	42141606	Medical multipurpose basins
114863	114856	42141607	Patient urinals
114864	114852	42141700	Productos para la prevención de decúbito
114871	104282	42141801	Electrotherapy combination units
114872	104282	42141802	Electrotherapy electrodes
114873	104282	42141803	Electrotherapy lead wires or cables
114874	104282	42141804	Galvanic or faradic stimulators
114875	104282	42141805	Neuromuscular stimulators or kits
114877	104282	42141807	Transcutaneous electric nerve stimulation units
114878	114852	42141900	Suministros para la administración de enema
114881	114878	42141903	Enema kits
114882	114878	42141904	Enema accessories
114891	114852	42142100	Productos de terapia de frío y de calor
114892	114891	42142101	Covers for heat or cold therapy products
114893	114891	42142102	Medical cold storage chilling units
114894	114891	42142103	Medical heat lamps
114895	114891	42142104	Medical hydrocollators
114896	114891	42142105	Therapeutic heating or cooling units or systems
114897	114891	42142106	Therapeutic heating or cooling blankets or drapes
114898	114891	42142107	Therapeutic cryo compression therapy systems
114900	114891	42142109	Therapeutic hot or cold therapy mitts
114901	114891	42142110	Therapeutic hot or cold water bottles
114902	114891	42142111	Therapeutic ice packs or pillows
114903	114891	42142112	Therapeutic paraffin baths
114904	114891	42142113	Therapeutic sinus masks
114905	114852	42142200	Productos de hidroterapia
114909	114852	42142300	Productos de documentación médica
114910	114909	42142301	General use medical labels
114911	114909	42142302	Medical paper charting systems
114912	114909	42142303	Patient identification and information products
114914	116244	42293519	Medical fluid solidifiers
114916	116244	42293521	Medical or surgical suction containers
114917	116244	42293522	Medical or surgical suction or vacuum appliances
114918	114852	42142500	Agujas de inyección y aspiración y accesorios
114919	114918	42142501	Amniocentesis needles
114920	114918	42142502	Anesthesia needles
114921	114918	42142503	Arterial needles
114923	116680	41104138	Blood collection needle holders
114924	114918	42142506	Blunt needles
114927	114918	42142509	Epidural anesthesia kit or tray
114928	114918	42142510	Filter needles
114929	114918	42142511	Needle caps or protection devices
114930	114918	42142512	Fistula needles
114931	114918	42142513	Radiology procedural needles
114932	114918	42142514	Spinal anesthesia kits or trays
114934	114918	42142516	Vented needles
114935	114852	42142600	Jeringas y accesorios
114936	114935	42142601	Medical aspiration or irrigation syringes
114937	114935	42142602	Medical bulb syringes
114938	114935	42142603	Medical cartridge syringes
114939	114935	42142604	Medical catheter tip syringes
114940	114935	42142605	Medical ear syringes
114941	114935	42142606	Medical metered delivery syringes
114942	114935	42142607	Medical micro syringes
114943	114935	42142608	Medical syringes without needle
114944	114935	42142609	Medical syringes with needle
114945	114935	42142610	Oral liquid medication syringes
114946	114935	42142611	Tuberculin syringes
114947	114852	42142700	Suministros urológicos
114948	114947	42142701	Suprapubic urinary catheters or kits
114949	114947	42142702	Urethral urinary catheters
114950	114947	42142703	Urinary catheter plugs or clamps
114951	114947	42142704	Urinary drainage bags or meters
114952	114947	42142705	Urinary drainage bag straps or fasteners
114953	114947	42142706	Urological procedure trays or packs or kits
114954	114852	42142800	Suministros y equipos para terapia vascular y de compresión
114955	114954	42142801	Vascular sequential compression devices or tubing
114956	114954	42142802	Vascular or compression apparel or support
114957	114852	42142900	Corrección de la visión o gafas cosméticas y productos relacionados
114959	114957	42142902	Eyeglass lenses
114971	104269	42150000	Equipos y suministros dentales
114972	114971	42151500	Suministros y equipos de odontología cosmética
114973	114972	42151501	Cosmetic dentistry curing lights 
114974	114972	42151502	Cosmetic dentistry mixing wells
114975	114972	42151503	Crowns or crown forms
114976	114972	42151504	Dental veneers
114993	104528	42151614	Dental burs
115026	114971	42151700	Muebles para la clínica dental
115029	114971	42151800	Rellenos y acabados dentales y suministros para pulir
115036	114971	42151900	Equipo y suministros para higiene dental y cuidado preventivo
115037	115036	42151901	Dental plate or denture brushes
115043	114971	42152000	Equipo y suministros para hacer imágenes dentales
115054	114971	42152100	Equipo y suministros dentales para impresión y formar
115062	114971	42152200	Equipo y suministros dentales de laboratorio y de esterilización
115083	114971	42152300	Láseres y equipo de iluminación y fibra óptica para odontología
115088	114971	42152400	Materiales dentales
115111	115088	42152423	Dental pit or fissure sealants
115112	115088	42152424	Dental cements
115113	115088	42152425	Denture resins
115122	115088	42152434	Dental amalgamators
115132	114971	42152500	Suministros dentales generales
115133	115132	42152501	Dental preassembled disposable kits or trays
115134	115132	42152502	Dental bibs
115135	115132	42152503	Dental dam supplies
115136	115132	42152504	Dental dressings
115137	115132	42152505	Dental examination chair headrest covers
115138	115132	42152506	Dental absorbent pellets
115139	115132	42152507	Dental rolls
115141	115132	42152509	Disposable dental tray covers
115142	114971	42152600	Suministros específicos a la operación dental
115147	114971	42152700	Equipo y suministros ortodónticos y prostodónticos
115164	114971	42152800	Equipo y suministro periodontal
115171	104511	42161500	Equipo de diálisis peritoneal y de equilibrio y suministros
115172	115171	42161501	Continuous ambulatory peritoneal dialysis CAPD transfer sets
115173	115171	42161502	Peritoneal dialysate warmers
115174	115171	42161503	Peritoneal dialysis administration sets
115175	115171	42161504	Peritoneal dialysis catheter adapters or clamps or connectors
115176	115171	42161505	Peritoneal dialysis drainage bags or containers
115177	115171	42161506	Peritoneal dialysis catheters or indwelling access devices
115178	115171	42161507	Peritoneal dialysis solutions
115179	115171	42161508	Peritoneal dialysis unit straps or harnesses
115181	104511	42161600	Equipo de hemodiálisis extracorpórea y suministros
115183	115181	42161602	Hemodialysis blood bag samplers
115184	115181	42161603	Hemodialysis blood oxygen demand apparatus
115185	115181	42161604	Hemodialysis chairs
115186	115181	42161605	Hemodialysis dialysate conductivity meters
115187	115181	42161606	Hemodialysis dialysate level detectors
115188	115181	42161607	Hemodialysis dialysate pressure pumps
115189	115181	42161608	Hemodialysis dialysate solutions
115190	115181	42161609	Hemodialysis dialysate tanks
115191	115181	42161610	Hemodialysis dialysate tubing
115192	115181	42161611	Hemodialysis dialysate warming baths
115193	115181	42161612	Hemodialysis dialyzer celluloid filters
115194	115181	42161613	Hemodialysis dialyzer collodion filters
115195	115181	42161614	Hemodialysis dialyzer hollow filament filters
115196	115181	42161615	Hemodialysis dialyzer reprocessing systems
115197	115181	42161616	Hemodialysis unit air bubble or foam or clot detectors or traps or alarms
115198	115181	42161617	Hemodialysis unit arterial pressure monitors
115199	115181	42161618	Hemodialysis unit blood line clamps
115200	115181	42161619	Hemodialysis unit blood port caps
115201	115181	42161620	Hemodialysis unit blood pumps
115202	115181	42161621	Hemodialysis unit dialysate port caps
115203	115181	42161622	Hemodialysis unit disinfectants or cleansers
115204	115181	42161623	Hemodialysis unit heparin infusion pumps
115205	115181	42161624	Hemodialysis unit single needle controllers
115206	115181	42161625	Hemodialysis unit single pass converters
115207	115498	42192410	Hemodialysis unit stands or supports or carts
115208	115181	42161627	Hemodialysis unit temperature monitors
115209	115181	42161628	Hemodialysis unit test equipment
115210	115181	42161629	Hemodialysis unit transducer filters
115211	115181	42161630	Hemodialysis unit transducer protectors
115212	115181	42161631	Hemodialysis unit water purification systems
115213	115181	42161632	Hemodialysis units
115214	104511	42161700	Equipo de hemofiltración y suministros
115216	115214	42161702	Hemofiltrate collection bags
115217	115214	42161703	Hemofiltration infusion ports
115218	115214	42161704	Hemofiltration sampling ports
115219	104511	42161800	Equipo y suministros de terapia renal sustitutoria continua (CRRT)
115224	104269	42170000	Productos para los servicios médicos de urgencias y campo
115225	115224	42171500	Productos de servicio médico de urgencia en la gestión de desastre
115226	115225	42171501	Mobile medical services disaster body pouches
115227	115225	42171502	Mobile medical services triage tags
115228	115224	42171600	Productos de sacar
115229	115228	42171601	Mobile medical services air evacuation stretchers
115230	115228	42171602	Mobile medical services ambulance cots
115231	115228	42171603	Mobile medical service anti shock garments
115232	115228	42171604	Mobile medical services basket stretchers
115233	115228	42171605	Mobile medical services cinch rescue loops
115234	115228	42171606	Mobile medical services air splints
115235	115228	42171607	Mobile medical services cervical or extrication collars
115236	115228	42171608	Mobile medical services head immobilizers
115237	115228	42171609	Mobile medical services restraint or spine board straps
115238	115228	42171610	Mobile medical services torso immobilizers
115239	115228	42171611	Mobile response litters
115240	115228	42171612	Mobile medical services scoop stretchers
115241	115228	42171613	Mobile medical services spine boards
115242	115228	42171614	Mobile medical services water rescue tubes or cans
115243	115224	42171700	Mantas de servicios médicos de urgencia
115244	115243	42171701	Mobile or rescue blankets
115245	115243	42171702	Mobile medical services first aid blankets
115246	115243	42171703	Mobile medical services heat shielding wraps or blankets
115247	115243	42171704	Mobile medical services infant swaddlers or buntings
115248	115224	42171800	Equipo de servicios médicos de urgencia de gestión del vía de aire
115249	115248	42171801	Mobile medical services anesthesiology oropharyngeal airways
115253	115248	42171805	Jaw spreaders
115255	115224	42171900	Cajas o bolsas de almacenaje para servicios médicos de urgencia
115256	115498	42192414	Airway management bags
115257	115498	42192416	Defibrillator cases
115258	115498	42192417	Drug cases
115259	115498	42192419	Extrication product cases or bags
115260	115498	42192423	Intravenous IV cases
115263	115498	42192424	Life support cases
115264	115498	42192425	Long distance response LDR trauma cases or bags
115265	115498	42192427	Paramedic or emergency medical technician EMT cases or bags
115266	115498	42192428	Portable oxygen or resuscitation cases
115271	115224	42172000	Kits para los servicios médicos de urgencias y campo
115272	115271	42172001	Equipos de primer auxilio de servicios médicos de urgencia
115273	115271	42172002	Equipos de primera respuesta de servicios médicos de urgencia
115274	115271	42172003	Kits de equipo intravenoso (IV) para los servicios médicos de urgencias
115275	115271	42172004	Equipos de salvavidas de servicios médicos de urgencia
115276	115271	42172005	Mobile medical services long distance response LDR trauma kits
115277	115271	42172006	Equipos de obstetricia de servicios médicos de urgencia
115279	115271	42172008	Mobile medical services rappel kits
115280	115271	42172009	Mobile medical services search and rescue kits
115281	115271	42172010	Mobile medical services trauma kits
115282	115271	42172011	Mobile medical technician EMT kits
115283	115224	42172100	Productos de resucitación de servicios médicos de emergencia
115284	115283	42172101	Mobile medical services automated external defibrillators AED or hard paddles
115287	116417	42295313	Mobile medical services tourniquets or clamps
115288	104269	42180000	Productos de examen y control del paciente
115289	115288	42181500	Evaluación diagnóstica y productos de examen de uso general
115290	115289	42181501	Tongue depressors or blades or sticks
115291	115289	42181502	Medical exam transilluminators
115292	115289	42181503	Exam or personal lubricants or jellies
115294	104489	42181601	Aneroid blood pressure units
115295	104489	42181602	Electronic blood pressure units
115296	104489	42181603	Mercury blood pressure units
115297	104489	42181604	Blood pressure air release valves or inflation bulbs
115298	104489	42181605	Blood pressure cuffs or bladders
115299	104489	42181606	Blood pressure inflation hoses or pneumatic hoses or adapters
115300	104489	42181607	Blood pressure recording units
115302	104473	42181701	Electrocardiography EKG units
115315	115288	42181800	Oxímetros de pulso
115316	115315	42181801	Pulse oximeter units
115317	115315	42181802	Pulse oximeter cables
115318	115315	42181803	Pulse oximeter probes or sensors
115319	115288	42181900	Unidades de control de cuidado intenso y productos relacionados
115320	142268	42143120	Acute care fetal or maternal monitoring units
115321	115319	42181902	Intracranial pressure ICP monitoring units
115322	115319	42181903	Cardiac output CO monitoring units
115323	115319	42181904	Multiparameter vital sign units
115324	115319	42181905	Medical transducer monitor cables
115325	115288	42182000	Especulo y scopios y accesorios para uso del reconocimiento diagnóstico médico
115326	115325	42182001	Anal or rectal exam speculas
115328	115325	42182003	Colposcopes or vaginoscopes
115329	115325	42182004	Dermatoscopes
115330	115325	42182005	Ophthalmoscopes or otoscopes or scope sets
115331	115325	42182006	Laryngeal or oropharyngeal exam speculas
115338	115325	42182013	Vaginal exam speculas
115340	104280	42182101	Electronic stethoscopes
115341	104280	42182102	Hand held dopplers
115342	104280	42182103	Medical acoustic stethoscopes
115347	104276	42182201	Electronic medical thermometers
115348	104276	42182202	Fiberoptic medical thermometers
115349	104276	42182203	Medical thermometer carrying cases or covers
115350	104276	42182204	Medical thermometer racks
115351	104276	42182205	Medical thermometer tip or probe covers
115352	104276	42182206	Mercury medical thermometers
115353	104276	42182207	Patient temperature continuous or trend monitors
115354	104276	42182208	Patient temperature strips
115355	115288	42182300	Productos del examen neurológico
115356	115355	42182301	Medical diagnostic pinwheels
115357	115355	42182302	Reflex hammers or mallets
115358	115355	42182303	Neuropsychiatry exam cards
115359	115288	42182400	Productos para probar el oír
115376	115288	42182500	Metros de función nasal
115379	115288	42182600	Lámparas o luces de examen médico
115380	115379	42182601	Freestanding medical exam lights or lamps
115381	115379	42182602	Installed medical exam lights or lamps
115382	115379	42182603	Medical exam or surgical headlights or headlamps
115383	115379	42182604	Medical exam penlights or flashlights
115384	115288	42182700	Dispositivos de medición de talla de examen médico
115385	115384	42182701	Goniometers or arthrometers
115386	115384	42182702	Medical tape measures
115387	115384	42182703	Patient height rulers
115388	115384	42182704	Skinfold calipers
115389	115288	42182800	Básculas médicas de peso
115390	115389	42182801	Diaper weight scales
115391	115389	42182802	Infant scales
115392	115389	42182803	Patient bed or table scales for general use
115393	115389	42182804	Patient chair scales
115394	115389	42182805	Patient floor scales
115395	115389	42182806	Patient sling scales
115396	115389	42182807	Wheelchair platform scales
115397	115426	42192700	Mesas de examen de especialidad y productos relacionados
115398	115397	42192702	Obstetrical or gynecological exam tables
115399	115397	42192701	Obstetrical or gynecological exam table accessories
115400	115397	42192707	Pediatric examination tables
115401	115397	42192706	Pediatric examination table accessories
115402	115288	42183000	Productos de examen diagnóstico oftálmico
115404	115402	42183002	Corneal topographers
115426	104269	42190000	Productos de facilidad médica
115427	115426	42191500	Manejo de materiales de facilidad médica y equipo de distribución
115428	115427	42191501	Clinical pneumatic tube systems
115429	115426	42191600	Sistemas de construcción de facilidad médica
115430	115429	42191601	Patient room lighting
115431	115429	42191602	Operating room lighting
115432	115429	42191603	Hospital equipment instrument panels
115434	115429	42191605	Hospital equipment power columns
115436	115429	42191607	Patient cubicle curtains or screens or curtain track hardware
115440	115429	42191611	Nurse communication modules or systems
115441	115429	42191612	Hospital intercom systems
115442	115426	42191700	Productos de gas de hospital
115443	115442	42191701	Medical gas or electric service tracks
115447	115442	42191705	Medical gas alarms
115449	115442	42191707	Medical vacuum systems
115452	115442	42191710	Medical gas cylinder carts or stands
115453	115426	42191800	Camas de paciente y accesorios
115454	115453	42191801	Overbed tables
115455	115453	42191802	Clinical incubators or infant warmers
115456	115453	42191803	Clinical bassinets or cribs or pediatric beds
115457	115453	42191804	Medical or surgical bedside rails
115458	115453	42191805	Medical suspended columns
115459	115453	42191806	Clinical trapeze bars
115460	115453	42191807	Patient care beds for general use
115461	115453	42191808	Patient care beds for specialty care
115463	115453	42191810	Patient care mattresses
115464	115426	42191900	Armarios clínicos
115465	115464	42191901	Bedside clinical cabinets
115466	115464	42191902	Hospital armoires
115467	115464	42191903	Medical monitor cabinets
115469	115464	42191905	Medical treatment cabinets
115471	115426	42192000	Mesas de examen o de procedimiento clínico
115472	115471	42192001	Medical exam or procedure tables for general use
115473	115471	42192002	Medical exam or procedure table accessories for general use excluding cover sheets
115474	115426	42192100	Asientos y taburetes clínicos y productos relacionados
115475	115474	42192101	Blood drawing or phlebotomy chairs
115476	115474	42192102	Hospital recliners
115478	115474	42192104	Medical stools or chairs
115481	115474	42192107	Clinical examination chairs
115482	115426	42192200	Productos para transporte de paciente
115483	115482	42192201	Patient transport trolleys
115484	115482	42192202	Gurneys or scissor lifts
115485	115482	42192203	Geriatric chairs
115486	115482	42192204	Patient transport incubators
115487	115482	42192205	Patient scooter accessories
115488	115482	42192206	Patient scooters
115489	115482	42192207	Patient stretchers
115493	115426	42192300	Elevadores de paciente
115495	115493	42192302	Clinical hydraulic lifts
115496	115493	42192303	Patient suspended seats or slings
115497	115493	42192304	Patient ceiling hoists
115498	115426	42192400	Transporte de equipo médico y traslado de productos
115499	115498	42192401	Emergency or resuscitation carts
115500	115498	42192402	Diagnostic or monitoring equipment specific carts or stands
115501	115498	42192403	Medical isolation carts
115502	115498	42192404	Medical carts
115503	115498	42192405	Irrigator mobile stands
115504	104269	42200000	Productos de hacer imágenes diagnósticas médicas y de medicina nuclear
115506	104321	42201501	Medical computed tomography CT or CAT stationary units
115507	104321	42201502	Medical computed tomography CT or CAT mobile or transportable or van units
115513	104321	42201508	Medical computed tomography CT or CAT monitors
115514	104321	42201509	Medical computed tomography CT or CAT power conditioners
115519	115504	42201600	Productos de resonancia magnética (MRI) médica
115520	115519	42201601	Medical magnetic resonance imaging MRI stationary units
115521	115519	42201602	Medical magnetic resonance imaging MRI mobile or transportable or van systems
115526	115519	42201607	Medical magnetic resonance imaging MRI monitors
115528	115519	42201609	Medical magnetic resonance imaging MRI scanners
115530	115519	42201611	Medical magnetic resonance imaging MRI tables
115531	115504	42201700	Productos de hacer imágenes de ultrasonido médico y de doppler y de eco
115535	115531	42201704	Medical ultrasound bone densitometers
115536	115531	42201705	Medical ultrasound or doppler or echocardiograph probe covers
115537	115531	42201706	Medical ultrasound or doppler or echocardiograph probes
115538	115531	42201707	Medical ultrasound or doppler or echocardiograph gel warmers
115539	115531	42201708	Medical ultrasound or doppler or echocardiograph gels or transmission pads or lotions
115540	115531	42201709	Medical ultrasound or doppler or echocardiograph monitors
115541	115531	42201710	Medical ultrasound or doppler or echocardiograph printers
115542	115531	42201711	Medical ultrasound or doppler or echocardiograph transducers or accessories
115543	115531	42201712	Medical ultrasound or doppler or pulse echocardiograph or echocardiograph units for general diagnostic use
115544	115531	42201713	Medical ultrasound or doppler or echocardiograph three dimensional components
115551	104317	42201803	Mammography x ray units
115552	104317	42201804	Medical c arm x ray units
115553	104317	42201805	Medical cinefluoroscopy units
115554	104317	42201806	Medical radiology and fluoroscopy RF units
115556	104317	42201808	Medical x ray buckys
115557	104317	42201809	Medical imaging contrast agent injectors or accessories
115558	104317	42201810	Medical x ray films or cassettes
115559	104317	42201811	Medical x ray quality assurance or calibration devices
115560	104317	42201812	Medical x ray tables or stands or chairs or cabinets or accessories
115561	104317	42201813	Medical x ray tomography units
115562	104317	42201814	Medical x ray tubes
115563	104317	42201815	Medical x ray units for general diagnostic use
115564	104317	42201816	Medical xeroradiography units
115565	104317	42201817	X ray bone densitometers
115566	115504	42201900	Fuentes de iluminación y equipo de visión de película radiográfica médica
115567	115566	42201901	Medical x ray film hot spot lights
115568	115566	42201902	Medical x ray film large rack viewing systems
115569	115566	42201903	Medical x ray film view boxes
115570	115504	42202000	Cámaras médicas gamma de diagnóstico y productos relacionados
115576	115504	42202100	Brachytherapy products
115577	115576	42202101	Semillas o recipientes de intra cavidad de Braquiterapía
115578	115576	42202102	Brachytherapy catheters or syringes or inserters or applicators
115579	115576	42202103	Brachytherapy seed storage containers
115580	115576	42202104	Brachytherapy seed capture kits
115581	115576	42202105	Brachytherapy units
115582	115504	42202200	Productos de radiación gamma
115585	115504	42202300	Productos de acelerador lineal de terapia de radiación de intensidad modulada (IMRT) médica
115586	115585	42202301	Medical linear accelerator intensity modulated radiation therapy IMRT two dimensional units
115587	115585	42202302	Medical linear accelerator intensity modulated radiation therapy IMRT three dimensional units
115588	115585	42202303	Medical linear accelerator intensity modulated radiation therapy IMRT collimators
115589	115504	42202400	Equipo de tomografía por emisión de positrones (PET) médica y productos relacionados
115591	115504	42202500	Equipo de tomografía informatizada por emisión de fotones simples (SPECT) médica y productos relacionados
115593	115504	42202600	Productos de administración de radioisótopos y radioimunoterapia
115595	115504	42202700	Productos de radioterapia tele terapia
115602	115504	42202900	Equipo radiográfico médico de bajo consumo eléctrico
115603	115602	42202901	Low energy medical x ray units
115609	104318	42203201	X ray and fluoroscopy RF radiotherapy planning simulators
115615	115504	42203400	Productos para hacer imágenes vasculares y para cardiología intervencional y laboratorios de cateterización cardiaca
115616	146198	42295912	Coronary stents
115617	115615	42203402	Diagnostic or interventional vascular catheters for general use
115618	115615	42203403	Diagnostic or interventional vascular catheter introducers
115619	115615	42203404	Vascular imaging guidewires
115620	115615	42203405	Angioplasty balloon catheters
115622	104555	42203501	Cardiac pacemaker generators or cardiac resynchronization therapy pacemakers CRT-P
115623	104555	42203502	Cardiac pacing leads or electrodes
115624	104555	42203503	Cardiac pacing lead introducers or sets
115625	115615	42203415	Cardiac catheterization lab equipment
115626	115504	42203600	Productos de archivar y información de toma de imágenes radiológicos médicos
115627	115626	42203601	Digital imaging network DIN system equipment
115628	115626	42203602	Digital Imaging Communications in Medicine DICOM standard system equipment
115629	115626	42203603	Medical picture archiving computer systems PACS
115631	115626	42203605	Medical x ray film archiving system software
115632	115504	42203700	Suministros y equipo de procesado de toma de imágenes médicos
115633	115632	42203701	Medical x ray film daylight stampers or identification printers
115634	115632	42203702	Medical imaging wet darkroom or daylight processors
115635	115632	42203703	Medical x ray passthrough boxes
115636	115632	42203704	Medical toners or developers
115637	115632	42203705	Medical imaging dry laser printers or imagers
115638	115504	42203800	Auxilios de posicionamiento radiológico médico
115639	115638	42203801	Medical computed tomography CT or CAT positioning aids
115640	115638	42203802	Medical magnetic resonance imaging MRI positioning aids
115641	115638	42203803	Medical radiological positioning aids for general radiological use
115642	115504	42203900	Productos para controlar o detectar radiación médica
115643	115642	42203901	Medical radiation dosimeters
115644	115642	42203902	Medical radiation films or badges
115645	115504	42204000	Productos de protección y resguardo radiológico médico
115646	115645	42204001	Medical radiological shielding apron racks
115647	115645	42204002	Medical radiological shielding aprons or masks or drapes
115648	115645	42204003	Medical radiological shielding portable containers for radioactive materials
115649	115645	42204004	Medical radiological shielding earplugs
115650	115645	42204005	Medical radiological shielding gloves
115651	115645	42204006	Medical radiological shielding freestanding or portable screens or curtains
115652	115645	42204007	Medical radiological shielding wall or ceiling or floor installed panels
115653	115645	42204008	Medical radiological shielding chambers or rooms or safes or cabinets
115654	104269	42210000	Ayuda para personas con desafíos físicos para vivir independiente
115655	115654	42211500	Ayuda de ambulación y traslado y posicionar para personas con desafíos físicos
115656	115655	42211501	Canes
115658	115655	42211503	Positioning devices
115659	115655	42211504	Standers or standing cages or standing aids 
115660	115655	42211505	Walker or rollator accessories
115661	115655	42211506	Walkers or rollators
115663	115654	42211600	Baño y ayudas de baño para personas con desafíos físicos
115672	165681	30181803	Hand held shower unit
115681	115654	42211700	Ayudas de comunicación para personas con desafíos físicos
115682	115681	42211701	Adaptive communication switches for the physically challenged
115685	115681	42211704	Headpointers or mouthsticks for the physically challenged
115686	115681	42211705	Audífonos para personas con desafíos físicos
115688	115681	42211707	Telecommunication devices TDD or teletypewriters TTY for the physically challenged
115689	115681	42211708	Telephone aids for the physically challenged
115690	115681	42211709	Typing aids for the physically challenged
115691	115681	42211710	Writing aids for the physically challenged
115693	115654	42211800	Ayuda para vestirse y asearse para personas con desafíos físicos
115707	115654	42211900	Ayuda de preparación de comida y bebida y alimentos para personas con desafíos físicos
115708	115707	42211901	Anti slip materials for the physically challenged
115709	115707	42211902	Assistive cooking devices for the physically challenged
115710	115707	42211903	Can openers for the physically challenged
115711	115707	42211904	Choppers for the physically challenged
115712	115707	42211905	Cups or mugs for the physically challenged
115713	115707	42211906	Cutlery or utensil holders for the physically challenged
115714	115707	42211907	Cutlery or utensils for the physically challenged
115715	115707	42211908	Cutting or paring boards for the physically challenged
115716	115707	42211909	Drink holders for the physically challenged
115717	115707	42211910	Food catchers or bibs for the physically challenged
115718	115707	42211911	Food guards for the physically challenged
115719	115707	42211912	Holders for kitchen devices for the physically challenged
115720	115707	42211913	Jumbo digit timers for the physically challenged
115721	115707	42211914	Measuring aids for the physically challenged
115722	115707	42211915	Self feeders for the physically challenged
115723	115707	42211916	Straws or straw holders for the physically challenged
115725	115707	42211918	Talking food scales for the physically challenged
115726	115654	42212000	Cuidado de la casa y ayuda para el cuidado de la casa para personas con desafíos físicos
115727	115726	42212001	Door openers for the physically challenged
115728	115726	42212002	Key turners or holders for the physically challenged
115729	115726	42212003	Knob turners for the physically challenged
115730	115726	42212004	Light switch extensions for the physically challenged
115731	115726	42212005	Long handled dustpans or brushes for the physically challenged
115732	115726	42212006	Self opening scissors for the physically challenged
115733	115726	42212007	Suction brushes for the physically challenged
115734	115654	42212100	Aparatos de tiempo libre y recreo para personas con desafíos físicos
115748	115654	42212200	Auxilio de manejo de medicamentos para personas con desafíos físicos
115753	115654	42212300	Ayuda para llegar o agarrar para personas con desafíos físicos
115758	104269	42220000	Productos para administración intravenosa y arterial
115759	115758	42221500	Accesorios y catéteres y cánulas intravenosas y arteriales
115760	115759	42221501	Arterial line catheters
115761	115759	42221502	Arterial line continuous catheter flush valves
115762	115759	42221503	Central venous catheters
115763	115759	42221504	Peripherally inserted central catheters PICC
115765	115759	42221506	Umbilical catheters
115766	115759	42221507	Intravenous or arterial start kit without catheters
115767	115758	42221600	Tubería y juegos de administración arterial o intravenoso y productos relacionados
115768	115767	42221601	Intravenous or arterial administration air bubble detectors
115769	115767	42221602	Intravenous or arterial administration ports or injection sites or caps or protectors
115770	115767	42221603	Intravenous or arterial extension tubing
115771	115767	42221604	Intravenous or arterial tubing adapters or connectors or locks or caps or protectors
115772	115767	42221605	Intravenous or arterial tubing check valves
115773	115767	42221606	Intravenous or arterial tubing clamps
115774	115767	42221607	Intravenous or arterial tubing filters or screens for general use
115775	115767	42221608	Intravenous or arterial tubing identification labels or tapes
115776	115767	42221609	Intravenous or arterial tubing administration sets
115777	115767	42221610	Intravenous tubing spike entry ports or caps or protectors
115778	115767	42221611	Intravenous tubing spikes or caps or protectors
115779	115767	42221612	Intravenous or arterial tubing needleless injection ports or stopcocks or manifolds
115780	115767	42221613	Intravenous tubing transfer leg closures or snaps
115781	115767	42221614	Intravenous tubing with catheter administration kits
115782	115767	42221615	Secondary or piggyback medication intravenous tubing
115783	115758	42221700	Bolsas de infusión y recipientes y productos relacionados intravenosos y arteriales
115784	115783	42221701	Intravenous or arterial infusion bags or containers
115786	115783	42221703	Intravenous or arterial fluid warmers
115787	115783	42221704	Intravenous or arterial pressure infusion bags
115788	115758	42221800	Aparatos para posicionar aguja y catéter intravenoso o arterial
115789	115788	42221801	Intravenous or arterial arm board covers
115790	115788	42221802	Intravenous or arterial arm boards
115791	115788	42221803	Intravenous or arterial catheter positioning tapes or dressings or straps or cuffs
115792	115758	42221900	Productos de regulación y medida del flujo intravenoso o arterial
115793	115792	42221901	Dial calibrated intravenous flowmeters or regulators
115794	115792	42221902	Intravenous drop counters or regulators
115795	115758	42222000	Bombas de infusión intravenosa
115796	115795	42222001	Intravenous infusion pumps for general use
115797	115795	42222002	Intravenous syringe infusion pumps
115798	115795	42222003	Multichannel intravenous infusion pumps
115799	115795	42222004	Patient controlled analgesia infusion pumps
115800	115758	42222100	Sistemas de transporte y suspensión de equipo arterial y intravenoso
115801	115800	42222101	Intravenous or arterial line equipment hangers
115802	115800	42222102	Mounted tracks or racks for intravenous infusion gravity systems
115803	115800	42222103	Intravenous infusion poles for wheelchairs
115804	115800	42222104	Intravenous or arterial line poles or stands
115805	115758	42222200	Sistemas de inyectar y retirar intravenosos sin aguja
115806	115805	42222201	Needleless intravenous injection syringe sets or injection cannulae
115807	115805	42222202	Needleless vial or bag withdrawal cannulas or adapters or decanters
115808	115758	42222300	Productos de transfusión y administración de sangre
115809	115808	42222301	Blood transfusion administration kits
115810	115808	42222302	Blood transfusion filters or screens
115811	115808	42222303	Blood administration or transfusion identification systems
115812	115808	42222304	Blood administration or transfusion tubing
115813	115808	42222305	Blood administration or transfusion tubing clamps
115814	104269	42230000	Nutrición clínica
115815	115814	42231500	Suministros y equipo de alimentación enteral
115816	115815	42231501	Enteral feeding infusion pumps
115819	115815	42231504	Enteral nutrition bags or containers
115820	115815	42231505	Enteral feeding set adapters or connectors or extensions
115823	115814	42231600	Accesorios o dispositivos de acceso de jejunostomía y gastronomía
115824	115823	42231601	Gastrostomy tubes or kits for general use
115829	115814	42231700	Tubos naso-entéricos
115832	115829	42231703	Gastric decompression tubes
115834	115814	42231800	Fórmulas y productos para apoyo nutritivo
115835	115834	42231801	Fórmulas suplementarias de adulto para uso general
115836	115834	42231802	Fórmulas suplementarias pediátricas
115840	115834	42231806	Alimento nutritivo médico o espesadores de líquido
115841	104269	42240000	Productos medicinales de deportes y prostético y ortopédico
115842	115841	42241500	Suministros de vaciado de escayola y tablillas
115844	115842	42241502	Cast or splint padding materials
115845	115842	42241503	Cast or splint protectors
115846	115842	42241504	Cast or splint stockinet or liners
115847	115842	42241505	Orthopedic casting rolls or tapes
115848	115842	42241506	Orthopedic casting material for splints
115849	115842	42241507	Orthopedic splint systems
115851	115842	42241509	Thermoplastic orthoses components
115852	115842	42241510	Thermoplastic splint kits or materials
115853	115841	42241600	Equipo y piezas y accesorios de vaciado de escayola
115854	115498	42192409	Cast or splint carts or stands
115855	115853	42241602	Cast cutters or saws
115856	115853	42241603	Cast removal systems
115857	115853	42241604	Cast vacuums
115859	115841	42241700	Productos blandos ortopédicos para la extremidad inferior
115860	115859	42241701	Ankle or foot orthopedic softgoods
115861	115859	42241702	Hip orthopedic softgoods
115862	115859	42241703	Knee braces or supports
115864	115859	42241705	Leg orthopedic softgoods
115865	115859	42241706	Orthotics or foot care products
115866	115859	42241707	Walking braces
115867	115841	42241800	Productos blando ortopédicos para el torso y extremidad superior
115868	115867	42241801	Arm orthopedic softgoods
115869	115867	42241802	Back or lumbar or sacral orthopedic softgoods
115870	115867	42241803	Cervical collars or neck braces
115871	115867	42241804	Clavicle orthopedic softgoods
115872	115867	42241805	Elbow orthopedic softgoods
115873	115867	42241806	Forearm or wrist or thumb orthopedic softgoods
115874	115867	42241807	Hand or finger orthopedic softgoods
115875	115867	42241808	Ribs or abdomen orthopedic softgoods
115876	115867	42241809	Shoulder orthopedic softgoods
115877	115841	42241900	Suministros de tablillas dinámicas y batangas
115883	115841	42242100	Suministros y accesorios de tracción ortopédica
115893	104269	42250000	Productos de rehabilitación y terapia ocupacional y física
115894	115893	42251500	Cognitive and dexterity and perceptual and sensory evaluation and therapy products
115895	115894	42251501	Dressing education products
115896	115894	42251502	Cognitive or dexterity or perceptual or sensory evaluation or testing products
115897	115894	42251503	Therapeutic games
115898	115894	42251504	Therapeutic pegboards or activity boards
115899	115894	42251505	Therapeutic puzzles
115912	115893	42251700	Gait training products
115913	115912	42251701	Gait belts for rehabilitation or therapy
115914	115912	42251702	Training ramps for rehabilitation or therapy
115915	115912	42251703	Training stairs for rehabilitation or therapy
115923	104365	42261500	Suministros y instrumentos para disección de patología
115924	115923	42261501	Autopsy scissors
115925	115923	42261502	Autopsy dissection forceps for general use
115926	115923	42261503	Autopsy bullet probes
115927	115923	42261504	Autopsy thread or needle pullers
115928	115923	42261505	Autopsy knives or blades
115929	115923	42261506	Autopsy chisels or osteotomes
115930	115923	42261507	Postmortem threads
115931	115923	42261508	Postmortem needles
115932	115923	42261509	Autopsy dissection kits
115933	115923	42261510	Postmortem incision clips
115934	115923	42261511	Autopsy vein directors
115935	115923	42261512	Autopsy saws
115936	115923	42261513	Autopsy saw blades
115937	115923	42261514	Dissection boards or pads
115938	104365	42261600	Suministros y equipo de autopsia
115939	115938	42261601	Bone dust collectors
115940	115938	42261602	Medical body bags
115942	115938	42261604	Autopsy head rests
115943	115938	42261605	Autopsy body boards
115944	115938	42261606	Autopsy hanging scales
115945	115938	42261607	Autopsy specimen bags or containers
115946	115938	42261608	Autopsy infectious disease kits
115947	115938	42261609	Postmortem identification tags or bracelets
115948	115938	42261610	Autopsy fluid collection vacuum aspirators or tubing
115949	115938	42261611	Postmortem rectal thermometers
115950	115938	42261612	Postmortem finger straighteners
115951	115938	42261613	Cadaver tissue builder kits
115952	104365	42261700	Muebles de autopsia
115960	104365	42261800	Equipo y suministros de transporte y almacenaje del cadáver
115961	115960	42261801	Cadaver storage racks
115962	115960	42261802	Cadaver carriers
115963	115960	42261803	Cadaver scissor lift trolleys
115964	115960	42261804	Morgue cabinet refrigerators
115965	115960	42261805	Morgue walk in refrigerators
115966	115960	42261806	Morgue freezers
115967	115960	42261807	Autopsy carts
115968	115960	42261808	Cadaver trays
115969	115960	42261809	Cadaver lifter or transfer devices
115970	115960	42261810	Body transport containers
115971	104365	42261900	Equipo y suministros forenses clínicos
115976	104365	42262000	Equipo y suministros de embalsamar
115980	104269	42270000	Productos de resucitación y anestesia y respiratorio
115981	115980	42271500	Productos para el control respiratorio
115983	115981	42271502	Arterial blood gas monitors
115984	115981	42271503	End tidal carbon dioxide monitors
115985	115981	42271504	Esophageal stethoscopes
115986	115980	42271600	Productos de comprobación y tratamiento de las funciones pulmonares
116002	104334	42271701	Medical gas cylinders or related devices
116003	104334	42271702	Oxygen concentrators
116004	104334	42271703	Oxygen air blenders
116005	104334	42271704	Oxygen timers
116006	104334	42271705	Oxygen delivery connectors or adapters
116007	104334	42271706	Respiratory therapy compressors
116008	104334	42271707	Flow sensors or regulators or components
116010	104334	42271709	Medical nasal cannulae
116011	104334	42271710	Medical nasal catheters or catheterization kits
116012	104334	42271711	Medical head hoods
116013	104334	42271712	Medical aerosol tents
116015	104334	42271714	Medical incubators
116016	104334	42271715	Medical oxygen tubing or connectors
116017	115980	42271800	Productos de terapia aerosol y humedad respiratoria
116018	116017	42271801	Respiratory humidifiers or vaporizers
116020	115980	42271900	Productos para la gestión de la vía aérea
116022	116020	42271902	Esophageal tubes
116023	116020	42271903	Endotracheal tubes
116024	116020	42271904	Tracheostomy tubes
116025	116020	42271905	Endobronchial tubes
116030	115980	42272000	Suministros de intubación
116032	142546	42192617	Laryngeal sprays
116033	116030	42272003	Bite blocks
116034	116030	42272004	Intubation stylets
116035	116030	42272005	Intubation forceps
116036	116030	42272006	Introducers
116037	116030	42272007	Bender tools
116038	116030	42272008	Intubation gauges or guides
116039	116030	42272009	Patient carbon dioxide detectors
116041	202519	42144406	Suction catheters
116045	115980	42272100	Ventiladores de presión mecánica negativa
116048	115980	42272200	Ventiladores y accesorios de presión mecánica positiva
116052	116048	42272204	Transport ventilators
116053	116048	42272205	Intensive care ventilators
116055	116048	42272207	High frequency ventilators
116063	116048	42272215	Ventilator testing supplies
116064	116048	42272216	Ventilator thermometers
116065	116048	42272217	Ventilator water traps
116066	116048	42272218	Ventilator gas sampling ports or lines
116067	116048	42272219	Ventilator heat or moisture exchangers or filters
116068	116048	42272220	Ventilator accessories
116070	116048	42272222	Ventilator weaning products
116071	115980	42272300	Suministros de resucitadores
116078	114918	42142537	Thoracentesis sets or trays
116079	104269	42280000	Productos para la esterilización médica
116080	116079	42281500	Equipo y accesorios de esterilizadores y de autoclave
116086	116079	42282000	Instrument cleaning devices and accessories
116088	116080	42281508	Steam autoclaves or sterilizers
116089	116080	42281509	Sterilization containers or trays
116094	116079	42281600	Soluciones de desinfectantes y esterilización en frío
116098	116094	42281604	Medical surface disinfectants
116099	116079	42281700	Soluciones y equipo de limpieza pre- esterilización
116100	116099	42281701	Chamber cleaners for autoclaves or sterilizers
116102	116099	42281703	Instrument care kits
116103	116099	42281704	Instrument cleaners or detergents
116104	116086	42282010	Medical equipment and instrument disinfectant washing equipment
116111	116086	42282017	Ultrasonic cleaning equipment
116112	116079	42281800	Controles y indicadores de esterilización
116113	116112	42281801	Disinfectant test strips
116114	116112	42281802	Sterilization labels
116115	116112	42281803	Sterilization biological kits
116116	116112	42281804	Sterilization controls
116117	116112	42281805	Sterilization indicator records
116118	116112	42281806	Sterilization indicator strips
116119	116112	42281807	Sterilization indicator tapes
116120	116079	42281900	Suministros de empaquetar y envoltura de esterilización
116121	116120	42281901	Holders or carts for sterilization wrappers or pouches
116122	116120	42281902	Sterilization wraps or overwraps
116123	116120	42281903	Sterilization dust covers
116124	116120	42281904	Sterilization pouches
116125	116120	42281905	Sterilization heat sealers
116126	116120	42281906	Sterilization instrument bands
116127	116120	42281907	Sterilization instrument protectors
116128	116120	42281908	Sterilization instrument tray liners
116129	116120	42281909	Sterilization labeling guns
116132	116120	42281912	Sterilization towels
116133	116120	42281913	Sterilization tubing
116134	104269	42290000	Productos quirúrgicos
116135	116134	42291500	Instrumentos quirúrgicos y productos relacionados para biopsia de los huesos
116138	116134	42291600	Instrumentos quirúrgicos de cortar y lazos y productos relacionados
116159	116134	42291700	Taladros quirúrgicos de mano y escariadores y instrumentos de punzonar y accesorios y productos relacionados
116160	116159	42291701	Surgical hand or twist drills or drill kits
116164	116134	42291800	Abrazaderas quirúrgicas y fórceps y ligadores quirúrgicos y instrumentos relacionados
116165	116164	42291801	Surgical band ligator appliers or bands or related products
116168	116134	42291900	Posicionadores y portadores de tubos y instrumentos quirúrgicos
116171	116134	42292000	Espejos quirúrgicos
116172	116171	42292001	Surgical mirrors
116173	116134	42292100	Insertadores y extractores quirúrgicos y productos relacionados
116180	116134	42292300	Hierros de flexión y herramientas de plegar y tenazas y tensionadores y torceduras quirúrgicos y productos relacionados
116188	116134	42292400	Machos de roscar y impulsores quirúrgicos y productos relacionados
116191	116188	42292403	Surgical ratchet handles
116192	116134	42292500	Martillos y malletes y impactores y prensas quirúrgicos y productos relacionados
116197	116134	42292600	Dilatadores y sondas y ranuras quirúrgicas y productos relacionados
116201	116134	42292700	Disectores y Elevadores y Piquetas quirúrgicos y productos relacionados
116206	116134	42292800	Instrumentos quirúrgicos de marcar
116207	116206	42292801	Ophthalmic marking instruments
116208	116206	42292802	Surgical marking instruments for general use
116209	116134	42292900	Instrumentos quirúrgicos de cerrar la sutura de tejido y productos relacionados
116210	116209	42292901	Surgical cerclage instruments
116212	116209	42292903	Surgical needle holders
116213	116209	42292904	Surgical suture or wire passers or related products
116214	116134	42293000	Dispositivos quirúrgicos de medir y productos relacionados
116215	116214	42293001	Surgical calipers or rulers or protractors
116216	116214	42293002	Surgical measuring gauges or rods
116217	116214	42293003	Surgical graft measuring instruments
116218	116214	42293004	Surgical sizing instruments or templates
116219	116214	42293005	Surgical valve sizing instruments
116232	116134	42293300	Distractores y extendedores y separadores quirúrgicos y productos relacionados
116237	116134	42293400	Manipuladores y posicionadores quirúrgicos de implante y productos relacionados
116244	116134	42293500	Cánulas y puntas y estilets de irrigación y succión quirúrgica y productos relacionados
116249	116134	42293600	Bougies quirúrgicos y sondas y obturadores y productos relacionados
116253	116134	42293700	Machacadoras y excavadoras y fragmentadoras quirúrgicas y productos relacionados
116257	116134	42293800	Agarradores y buscadores y horadores y desmoldadores quirúrgicos y productos relacionados
116262	116134	42293900	Instrumentos quirúrgicos para empaque de heridas y productos relacionados
116263	116262	42293901	Surgical laparotomy rings
116264	116262	42293902	Surgical wound packing instruments
116265	116134	42294000	Espátulas y cucharas y cucharones quirúrgicos y productos relacionados
116269	116134	42294100	Dispositivos esqueléticos quirúrgicos de tracción y productos relacionados
116273	116134	42294200	Juegos de instrumentos y sistemas y bandejas quirúrgicos
116275	116273	42294202	External fixation instrument sets or systems
116276	116273	42294203	General surgical instrument sets
116285	116273	42294212	Urological surgical instrument sets
116286	116134	42294300	Instrumentos de biopsia de invasiva mínima del pecho y suministros y equipo
116292	116134	42294400	Sistemas cardiacos y vasculares
116293	116292	42294401	Vein harvest kits or systems
116294	116292	42294402	Coronary visualization systems
116304	116134	42294600	Productos de autotransfusión
116305	116304	42294601	Autotransfusion blood or transfer bags
116306	116304	42294602	Autotransfusion bowl kits or centrifugal kits
116307	116304	42294603	Autotransfusion units
116308	116304	42294604	Autotransfusion filters
116309	116304	42294605	Autotransfusion reservoirs 
116310	116304	42294606	Autotransfusion tubing sets or kits
116311	116304	42294607	Autotransfusion valves
116312	116134	42294700	Equipo de perfusión de corazón abierto y monitores y accesorios y productos relacionados
116333	116134	42294900	Instrumentos endoscopicos y suministros accesorios y productos relacionados
116334	203315	42296401	Endoscope or instrument positioners or holders
116335	116333	42294902	Endoscopic applicators or elevators
116336	116333	42294903	Endoscopic aspiration or biopsy needles
116337	116333	42294904	Endoscopic bite blocks or straps
116338	116333	42294905	Endoscopic cleaning brushes or related products
116339	116333	42294906	Endoscopic cutting instruments
116340	116333	42294907	Endoscopic cytology or microbiology brushes
116341	116333	42294908	Endoscopic clamp or dissector or grasper or forceps
116342	116333	42294909	Endoscopic dilators or inflation devices
116343	116333	42294910	Endoscopic monopolar or bipolar cable
116345	203315	42296402	Endoscopic fluid management systems or accessories
116346	116333	42294913	Endoscopic hemostatic balloons or needles or tubes or accessories
116347	116333	42294914	Endoscopic instrument sets
116348	116333	42294915	Endoscopic instrument spreaders
116349	203315	42296413	Endoscopic insufflation filters
116350	116333	42294917	Endoscopic insufflation needles
116351	203315	42296414	Endoscopic insufflation tubing
116352	116333	42294919	Endoscopic guidewire or glidewire
116353	116333	42294920	Endoscopic laser instruments
116354	116333	42294921	Endoscopic knot pushers or delivery systems
116355	116333	42294922	Endoscopic ligators
116356	116333	42294923	Endoscopic manipulators
116357	116333	42294924	Endoscopic monopolar or bipolar hand instruments
116358	116333	42294925	Endoscopic needles or punches
116359	116333	42294926	Endoscopic overtubes
116360	116333	42294927	Endoscopic instrument packs or trays or kits
116361	116333	42294928	Endoscopic probes
116362	116333	42294929	Endoscopic retractors
116363	116333	42294930	Endoscopic snares or snare wires
116364	116333	42294931	Endoscopic specimen retrieval forceps
116366	116333	42294933	Endoscopic suction or irrigation tips or coagulation probes
116367	116333	42294934	Endoscopic suturing devices
116368	116333	42294978	Endoscopic trocars or sheathes or obturators or cannulae
116369	116333	42294936	Endoscopic working elements or working channels
116370	116333	42294937	Fog reduction devices for endoscopes or mirrors
116371	116134	42295000	Equipo endoscopico y accesorios y productos relacionados
116372	116371	42295001	Endoscope maintenance units
116373	116371	42295002	Endoscope storage cabinets
116374	116371	42295003	Endoscope wall hangers
116375	116371	42295004	Endoscopic equipment or procedure carts
116376	116371	42295005	Endoscopic equipment sets
116377	116371	42295006	Endoscopic heater probe units or heater probes
116378	203315	42296404	Endoscopic imaging systems or accessories
116379	203315	42296406	Endoscopic insufflation or distention units or accessories
116380	116333	42294972	Endoscopic or surgical light sources
116381	203315	42296407	Endoscopic printers or film or accessories
116382	203315	42296408	Endoscopic video cameras or recorders or adapters or accessories
116383	203315	42296409	Endoscopic water bottles or accessories
116384	116134	42295100	Equipo quirúrgico y accesorios y productos relacionados
116385	116384	42295101	Basin or pail stands for surgical use
116388	116384	42295104	Electrosurgical or electrocautery equipment
116396	116384	42295112	Operating room patient procedure tables
116402	116244	42293518	Surgical irrigation pump equipment or pulsed lavage with or without suction
116404	116384	42295120	Surgical lithotripters
116405	116384	42295121	Surgical microscopes or loupes or magnifiers
116406	116384	42295122	Surgical pneumatic or electric tourniquets
116407	116384	42295123	Surgical suction machines or vacuum extractors or ultrasonic surgical aspirators or regulators
116411	116134	42295200	Equipo quirúrgico de energía y accesorios y productos relacionados
116412	116411	42295201	Surgical dermatomes or dermabraders or dermameshers
116413	116411	42295202	Surgical pneumatic or battery or electric saws or drills or pin drivers
116414	116411	42295203	Surgical power equipment sets
116415	116411	42295204	Surgical power reamers 
116417	116134	42295300	Suministros y accesorios para cirugía de corazón abierto y productos relacionados
116424	116134	42295400	Suministros quirúrgicos auxiliares
116425	116424	42295401	Battery operated surgical cautery pencils
116426	116424	42295402	Surgical marking pens
116429	116273	42294222	Introducers or guide pins or guidewires or glidewires or guide rods
116430	116424	42295406	Laparotomy or surgical x-ray detectable sponges or towels
116432	116424	42295408	Surgical scrub brushes
116433	116424	42295409	Surgical applicators
116434	116424	42295410	Surgical basin sets or packs
116435	116424	42295411	Surgical blade holders or breakers
116437	116424	42295413	Surgical canal brushes
116438	116424	42295414	Surgical specialty procedure packs
116439	116424	42295415	Surgical equipment covers
116440	114947	42142734	Urological evacuators
116441	116424	42295417	Surgical light handle covers
116442	116424	42295418	Surgical magnetic mats
116443	116424	42295419	Surgical nerve stimulators
116445	116424	42295421	Surgical prep scrub or paint solutions
116446	116424	42295422	Surgical scrub or prep kits for patient
116447	116424	42295423	Surgical sharps or sponge counters
116448	116424	42295424	Surgical shave kits or prep razors or clippers
116450	116424	42295426	Surgical specimen collection traps or containers
116451	116424	42295427	Surgical instrument brushes or instrument stylets or instrument wipes
116455	114820	42131721	Surgical instrument pouches
116457	114947	42142736	Urological surgical catheters
116459	116134	42295500	Implantes quirúrgico y ensanchadores y extendedores y alambres quirúrgicos y productos relacionados
116460	116134	42296000	Cardiovascular implants
116461	116459	42295502	Human tissue implants
116463	116134	42296100	Neurosurgical implants
116472	116459	42295513	Surgical mesh or tissue barriers
116476	104269	42300000	Suministros para formación y estudios de medicina
116477	116476	42301500	Ayudas para formación médica
116478	116477	42301501	Modelos humanos anatómicos para formación y estudios de medicina
116479	116477	42301502	Anatomical human mannequins for medical education or training
116480	116477	42301503	Cardio pulmonary resuscitation CPR training aids
116481	116477	42301504	Equipos para formación y estudios de medicina
116482	116477	42301505	Nursing or medical clipboards
116483	116477	42301506	Dual earpiece stethoscopes
116484	104269	42310000	Productos para el cuidado de heridas
116485	116484	42311500	Vendas y vendajes y productos relacionados
116486	116485	42311501	Clips for bandages or dressings
116487	116485	42311502	Bandage or dressing trays
116488	116485	42311503	Bandage rollers
116491	116485	42311506	Compression bandages
116495	116485	42311510	Foam dressings
116497	116485	42311512	Gauze sponges
116498	116485	42311513	Gel dressings
116500	116485	42311515	Hydrocolloid dressings
116502	116485	42311517	Liquid adhesives for bandages or dressings
116503	116485	42311518	Medical eye pads or patches
116504	116485	42311519	Medical non adherent straps
116505	116485	42311520	Medical non adherent tapes
116506	146199	42312603	Negative pressure dressings
116508	116485	42311523	Paste bandages
116509	116485	42311524	Petrolatum dressings
116512	116485	42311527	Transparent film dressings
116513	116485	42311528	Wet dressing systems
116514	116484	42311600	Agentes hemoestáticos tópicos exógenos
116522	116485	42311548	Medical or surgical tape dispensers
116523	116485	42311551	Medical or surgical tape removers
116526	116485	42311552	Medical and surgical adherent tapes for general use
116535	116484	42312000	Cierre de tejidos médicos y productos relacionados
116545	116535	42312010	Medical staplers for external use
116550	116484	42312100	Suministros de ostomía y productos no quirúrgicos de drenaje de heridas
116551	116550	42312101	Ostomy appliance adhesives
116552	116550	42312102	Ostomy appliances
116553	116550	42312103	Ostomy cleaners or deodorants
116555	116550	42312105	Ostomy skin barriers or protective care kits
116556	116550	42312106	Ostomy inserts
116557	116550	42312107	Ostomy wafers
116558	116550	42312108	Wound drainage pouches
116559	116484	42312200	Sutura y productos relacionados
116560	116559	42312201	Sutures
116561	116559	42312202	Suturing kits or trays or packs or sets
116562	116559	42312203	Suture buttons or bridges
116563	116559	42312204	Suture boots and capturing devices
116564	115498	42192413	Suture carts or racks
116566	116559	42312207	Suture removal kits or trays or packs or sets
116567	116559	42312208	Suture removers
116568	116484	42312300	Productos para limpiar la herida y debridement
116569	116568	42312301	Absorbers for wound cleansing
116570	116568	42312302	Debridement sponges
116571	116568	42312303	Pulsed lavage systems for wound treatment
116572	116568	42312304	Autolytic debridement products
116573	116568	42312305	Enzymatic debridement products
116574	116568	42312306	Mechanical debridement products
116575	116568	42312307	Surgical debridement products
116577	116484	42312400	Productos para relleno de heridas
116578	116577	42312401	Calcium alginate wound packing
116579	116577	42312402	Nasal splints or stents
116580	116577	42312403	Packing strips for wound care
116591	165204	72141510	Demolition services
116593	108670	80101508	Business intelligence consulting services
116594	103633	41101516	Dounce homogenizers
116595	103633	41101518	Laboratory blenders or emulsifiers
116596	103746	41102422	Dry baths or heating blocks
116597	103746	41102423	Stirring hotplates
116598	103746	41102425	Slide dryers
116599	103746	41102426	Heating or drying equipment or accessories
116600	103781	41102606	Laboratory animal restraints or harnesses
116602	103801	41102915	Histology sampling and dissecting stations
116603	103801	41102917	Microtome blades
116604	103801	41102918	Laboratory cover slippers
116605	103801	41102919	Solvent recyclers
116606	103801	41102920	Histology tissue cassettes
116607	103801	41102921	Histology paraffin
116608	103801	41102922	Automated cover slipping equipment
116609	103816	41103010	Refrigeradores de banco de sangre
116610	103816	41103011	Refrigeradores o congeladores de uso general
116611	103816	41103012	Flammable material storage refrigerators or refrigerator freezers
116612	103816	41103013	Explosion proof refrigerators or refrigerator freezers
116613	103816	41103014	Chromatography refrigerators
116614	103816	41103015	Blood bank freezers
116615	103816	41103017	Flammable material storage freezers
116617	103816	41103019	Plasma storage freezers
116618	103816	41103020	Ultra cold or ultralow chest freezers
116619	103816	41103022	Cool transport or storage
116620	103816	41103023	Laboratory chillers
116621	103816	41103024	Cold traps
116622	103816	41103025	Laboratory cooling equipment accessories
116623	103828	41103205	Washing machine racks or accessories
116624	103828	41103206	Laboratory washing detergents
116625	103828	41103207	Microplate washers
116626	103828	41103208	Blood bank cell washers
116627	103849	41103407	Anaerobic chamber
116628	103849	41103408	Refrigerated reach in environmental or growth chambers
116629	103849	41103409	Heated reach in environmental or growth chambers
116630	103849	41103410	Refrigerated and heated reach in environmental or growth chambers
116631	103849	41103411	Refrigerated walk in environmental or growth chambers
116632	103849	41103412	Heated walk in environmental or growth chambers
116633	103849	41103413	Refrigerated and heated walk in environmental or growth chambers
116634	103849	41103414	Laboratory environmental conditioning equipment accessories
116635	103856	41103506	PCR enclosures
116636	103856	41103507	HEPA filtered enclosures
116637	103856	41103508	Carbon filtered enclosures
116638	103856	41103510	Laboratory blowers
116639	103856	41103511	Laboratory enclosure accessories
116640	103856	41103513	Tissue culture enclosures
116641	103892	41103710	Orbital shaking water baths
116642	103892	41103711	Reciprocating shaking water baths
116643	103892	41103712	Immersion circulators
116644	103892	41103713	Viscosity baths
116645	103892	41103714	Tissue flotation baths
116646	103892	41103715	Laboratory bath accessories or supplies
116647	103632	41103800	Equipo y suministros para la mezcla y la agitación por sacudida o varillas en laboratorio
116648	116647	41103801	Laboratory mixers
116650	116647	41103806	Magnetic stirrers
116651	116647	41103807	Laboratory touch mixers
116652	116647	41103808	Platelet mixers
116653	116647	41103809	Hematology or chemistry mixers
116654	116647	41103810	Overhead stirrers
116655	116647	41103811	Orbital shakers
116656	116647	41103812	Reciprocal shakers
116657	116647	41103813	Rotating shakers
116658	116647	41103814	Vortex mixers
116659	116647	41103815	Tube rotators
116660	116647	41103816	Mixer or shaker accessories or attachments
116662	103647	41103901	Microcentrifuges
116663	103647	41103902	Refrigerated microcentrifuges
116664	103647	41103903	Benchtop centrifuges
116665	103647	41103904	Refrigerated benchtop centrifuges
116666	103647	41103905	Floor centrifuges
116667	103647	41103906	Refrigerated floor centrifuges
116668	103647	41103907	Ultracentrifuges
116669	103647	41103908	Vacuum centrifuges
116670	103647	41103909	Centrifuge rotors
116671	103647	41103910	Centrifuge buckets
116672	103647	41103911	Centrifuge adapters
116673	103647	41103912	Centrifuge brushes
116674	103647	41103913	Laboratory centrifuge accessories
116675	103632	41104000	Equipo de toma de muestras
116677	116675	41104005	Laboratory bailers
116678	116675	41104006	Coliwasas
116679	116675	41104009	Air sampling pumps
116680	103632	41104100	Contenedores de recogida y transporte de especímenes
116681	116680	41104101	Slide or specimen mailers or shippers
116682	116680	41104102	Lancets
116683	116680	41104103	Heel warmers
116684	116680	41104104	Tourniquets
116685	116680	41104105	Specimen collection or transport bags
116686	116680	41104106	Phlebotomy trays or accessories
116687	116680	41104107	Vacuum blood collection tubes or containers
116688	116680	41104108	Non vacuum blood collection tubes or containers
116689	116680	41104109	Blood unit collection bags
116690	116680	41104110	Blood culture bottles
116691	116680	41104111	Cytology collection kits or containers
116692	116680	41104112	Urine collection containers
116694	116680	41104114	Frepp Sepp collection containers
116695	116680	41104115	Serum Filter collection containers
116696	116680	41104116	Swab collection or transport containers
116697	116680	41104119	Bone tissue collection containers
116698	116680	41104120	Sedimentation rate tubes
116699	116680	41104121	Stool collection containers with media
116700	116680	41104122	Stool collection containers without media
116701	116680	41104123	Sputum collection apparatus or containers
116702	103632	41104200	Equipo y suministros de purificación de agua para laboratorio
116704	116702	41104211	Softeners
116705	116702	41104212	Water filtration cartridges
116706	103632	41104300	Equipo de fermentación
116707	116706	41104307	Microbiology fermentation equipment
116708	116706	41104308	Anaerobic environmental culture systems or supplies
116709	103632	41104400	Equipo de incubación de laboratorio
116710	116709	41104401	Gravity convection general purpose incubators
116711	116709	41104402	Forced air or mechanical convection general purpose incubators
116712	116709	41104404	Cooled biological oxygen demand BOD incubators
116719	116709	41104413	Dry wall single chamber carbon dioxide incubators with humidity control
116720	116709	41104414	Dry wall dual chamber carbon dioxide incubators with humidity control
116721	116709	41104415	Water jacketed single chamber three gas incubators
116722	116709	41104416	Water jacketed dual chamber three gas incubators
116723	116709	41104417	Water jacketed single chamber three gas incubators with humidity control
116724	116709	41104418	Water jacketed dual chamber three gas incubators with humidity control
116725	116709	41104419	Dry wall single chamber three gas incubators
116726	116709	41104420	Dry wall dual chamber three gas incubators
116729	116709	41104423	Refrigerated incubators
116730	116709	41104424	Incubator accessories
116731	103632	41104500	Estufas de laboratorio y accesorios
116732	116731	41104501	Laboratory mechanical convection ovens
116733	116731	41104502	Gravity convection ovens
116734	116731	41104504	Cleanroom ovens
116735	116731	41104506	Laboratory safety ovens
116736	116731	41104507	Laboratory microwave ovens
116737	116731	41104510	Drying cabinets or ovens
116738	116731	41104511	Hybridization ovens or incubators
116739	116731	41104512	Laboratory oven accessories
116741	103761	41104601	Laboratory box furnaces
116742	103761	41104602	Programmable box furnaces
116743	103761	41104603	Tube furnaces
116744	103761	41104604	Programmable tube furnaces
116745	103761	41104605	Crucible furnaces
116749	103761	41104609	Laboratory safety furnaces
116750	103761	41104610	Laboratory furnace hearthplates
116751	103761	41104611	Laboratory furnace replacement insulation
116752	103761	41104612	Laboratory furnace accessories
116753	103632	41104700	Secadoras por congelación y liofilizadoras de laboratorio
116754	116753	41104701	Freeze dryers or lyopholizers
116755	116753	41104702	Freeze dryer glassware
116756	116753	41104703	Tray dryers
116757	116753	41104704	Freeze dryer or lyopholizer accessories
116758	103632	41104800	Equipo y suministros de laboratorio para el vertido
116759	116758	41104804	Vacuum or rotary evaporators
116760	116758	41104805	Nitrogen blowdown evaporators
116763	116758	41104811	Density gradient fractionators
116764	116758	41104815	Kjeldahl nitrogen determination apparatus
116765	116758	41104816	Vacuum or centrifugal concentrators
116766	116758	41104817	Extraction thimbles
116767	103632	41104900	Equipo y suministros de filtrado para laboratorio
116768	116767	41104910	Laboratory multi sheet or press filters
116769	116767	41104913	Bioseparation filters
116770	116767	41104914	Bottletops or filtration cups
116771	116767	41104915	Capsules filters
116772	116767	41104916	Centrifugal filters
116773	116767	41104917	Laboratory environmental filters
116774	116767	41104918	Laboratory glass filters
116775	116767	41104920	Hybridization filters
116776	116767	41104921	Laboratory membrane filters
116777	116767	41104922	Syringe filters
116778	116767	41104923	Multiwell plate filters
116779	116767	41104924	Microbiology filters
116780	116767	41104925	Laboratory filtration hardware or accessories
116781	103632	41105000	Equipo y suministros de tamizado y cribado para laboratorio
116782	103632	41105100	Bombas y conductos de laboratorio
116783	116782	41105102	Peristaltic pumps
116784	116782	41105104	Syringe pumps
116785	116782	41105105	Metering pumps
116786	116782	41105106	Chromatography pumps
116787	116782	41105108	Laboratory general purpose tubing
116788	103632	41105200	Equipo de teñido de portaobjetos de laboratorio y accesorios
116790	116788	41105202	Hematology slide stainers
116791	116788	41105203	Microbiology slide stainers
116792	116788	41105204	Laboratory slide stainer accessories
116793	103632	41105300	Sistemas de electroforesis y transferencia para laboratorio y suministros
116794	116793	41105301	Gel boxes
116795	116793	41105302	Gel dryers
116796	116793	41105303	Electrophoresis system power supplies
116797	116793	41105304	Transilluminators
116798	116793	41105305	Electrophoresis system accessories
116799	103903	41111512	Triple beam balances
116800	103903	41111513	Moisture balances
116801	103903	41111515	Balance weighing containers or bowls or boats or papers
116802	103903	41111516	Weight measuring instrument accessories
116803	103903	41111517	Analytical balances
116804	103919	41111620	Etalon wedge
116805	103919	41111622	Micrometer calipers
116806	103919	41111623	Thickness measuring devices
116807	103932	41111717	Binoculares
116808	103932	41111718	Metallurgical microscopes
116809	103932	41111719	Darkfield microscopes
116811	103932	41111721	Transmission electron microscopes
116812	103932	41111722	Fluorescent microscopes
116813	103932	41111723	Scanning light or spinning disk or laser scanning microscopes
116814	103932	41111724	Scanning probe microscopes
116815	103932	41111725	Polarizing microscopes
116816	103932	41111726	Acoustic microscopes
116817	103932	41111727	Projection microscopes
116818	103932	41111728	Wide field microscopes
116819	103932	41111729	Microscope eyepieces
116820	103932	41111730	Microscope condensers
116821	103932	41111731	Microscope collectors
116823	103932	41111733	Microscope tubes
116824	103932	41111734	Microscope stages
116825	103932	41111735	Automated microscope stages
116826	103932	41111736	Microscope covers
116827	103950	41111926	Proximity sensors
116828	103950	41111927	Pressure sensors
116829	103950	41111928	Current sensors
116830	102558	41112103	Fiber sensors
116831	103996	41112213	Handheld thermometer
116832	103996	41112214	Cryogenic temperature controllers
116833	103996	41112215	Humidifier temperature controllers
116834	104010	41112407	Liquid level controls or instruments
116835	104017	41112505	Water meter spares
116836	104017	41112506	Venturis
116837	104017	41112508	Gas gauges
116838	104017	41112509	Air velocity and temperature monitors
116839	103902	41112600	Equipo de monitorización y comprobación higiénica
116840	116839	41112601	Manual swab test kits
116841	116839	41112602	Automated swab test kits
116842	104066	41113116	Gas detector tubes
116843	104066	41113117	Single gas monitors
116844	104066	41113118	Multi gas monitors
116845	104109	41113641	GFI circuit testers
116846	104109	41113642	Circuit tester
116847	104109	41113643	Demand meters or registers
116848	104109	41113644	Circuit tracers
116851	104203	41114410	Estación meteorológica
116852	104203	41114411	Meteorology instrument accessories
116853	103902	41115300	Equipo de generación y medición de luz y ondas
116855	116853	41115312	Bench refractometers or polarimeters
116857	116853	41115319	Tube or plate readers
116858	103902	41115400	Equipo espectroscópico
116859	116858	41115401	Spectrofluorimeters or fluorimeters
116860	116858	41115407	Atomic absorption AA spectrometers
116861	116858	41115408	Infrared spectrometers
116862	116858	41115409	Nuclear magnetic resonance NMR spectrometers
116864	116858	41115411	Inductively coupled plasma ICP spectrometers
116865	103902	41115500	Equipo de generación y medición de sonido
116866	103902	41115600	Instrumentos y accesorios de medición electroquímica
116867	116866	41115601	Karl Fischer titration equipment
116875	103902	41115700	Instrumentos y accesorios de medición cromatográfica
116877	116875	41115709	High pressure liquid chromatography HPLC columns
116889	103902	41115800	Analizadores
116890	116889	41115802	Amino acid analyzer accessories or supplies
116891	116889	41115803	Blood bank analyzers
116892	116889	41115804	Blood bank analyzer accessories or supplies
116893	116889	41115805	Blood gas analyzers
116894	116889	41115806	Blood gas analyzer accessories or supplies
116895	116889	41115807	Chemistry analyzers
116896	116889	41115808	Chemistry analyzer accessories or supplies
116897	116889	41115809	Coagulation analyzers
116898	116889	41115810	Coagulation analyzer accessories or supplies
116899	116889	41115811	Deoxyribonucleic sequence analyzers
116900	116889	41115812	Deoxyribonucleic sequence analyzer accessories or supplies
116901	116889	41115813	Toxicology analyzers
116902	116889	41115814	Toxicology analyzers accessories or supplies
116903	116889	41115815	Hematology analyzers
116904	116889	41115816	Hematology analyzer accessories or supplies
116905	116889	41115817	Histology analyzers
116906	116889	41115818	Histology analyzer accessories or supplies
116907	116889	41115819	Immunology analyzers
116908	116889	41115820	Immunology analyzer accessories or supplies
116909	116889	41115821	Microbiology analyzers
116910	116889	41115822	Microbiology analyzer accessories or supplies
116911	116889	41115824	Protein analyzer accessories or supplies
116912	116889	41115825	Radioisotopic analyzers
116913	116889	41115826	Radioisotopic analyzer accessories or supplies
116914	116889	41115827	Urinalysis analyzers
116915	116889	41115828	Urinalysis analyzer accessories or supplies
116916	103902	41116000	Reactivos de analizadores clínicos y diagnósticos
116917	116916	41116001	Amino acid analyzer reagents
116918	116916	41116002	Blood bank analyzer reagents
116919	116916	41116003	Blood gas analyzer reagents
116920	116916	41116004	Chemistry analyzer reagents
116921	116916	41116005	Coagulation analyzer reagents
116922	116916	41116006	Deoxyribonucleic acid DNA sequence analyzer reagents
116923	116916	41116007	Toxicology analyzer reagents
116924	116916	41116008	Hematology analyzer reagents
116925	116916	41116009	Histology analyzer reagents
116926	116916	41116010	Immunology analyzer reagents
116927	116916	41116011	Microbiology analyzer reagents
116928	116916	41116012	Protein analyzer reagents
116929	116916	41116013	Radioisotopic analyzer reagents
116930	103902	41116100	Kits de ensayos manuales
116931	116930	41116101	Kits de ensayo de banco de sangre o suministros
116932	116930	41116102	Reactivos o soluciones de banco de sangre
116933	116930	41116103	Blood bank quality controls or calibrators or standards
116934	116930	41116104	Chemistry test kits or supplies
116935	116930	41116105	Chemistry reagents or solutions
116936	116930	41116106	Chemistry test strips or test paper
116937	116930	41116107	Chemistry quality controls or calibrators or standards
116938	116930	41116108	Coagulation test kits or supplies
116939	116930	41116109	Coagulation reagents or solutions
116940	116930	41116110	Coagulation quality controls or calibrators or standards
116941	116930	41116111	Cytology test kits or supplies
116942	116930	41116112	Cytology quality controls or calibrators or standards
116943	116930	41116113	Cytology reagents or solutions or stains
116946	116930	41116116	Environmental test kits or supplies
116947	116930	41116117	Environmental reagents or solutions or stains
116948	116930	41116118	Food test kits or supplies
116949	116930	41116119	Food test kits reagents or solutions or stains
116950	116930	41116120	Kits de ensayo hematológicos o suministros
116951	116930	41116121	Reactivos
116952	116930	41116122	Hematology quality controls or calibrators or standards
116953	116930	41116123	Histology test kits or supplies
116954	116930	41116124	Histology reagents or solutions or stains
116955	116930	41116125	Histology quality controls or calibrators or standards
116956	116930	41116126	Immunology or serology test kits or supplies
116957	116930	41116127	Immunology or serology reagents or solutions or stains
116958	116930	41116128	Immunology or serology quality controls or calibrators or standards
116959	116930	41116129	Microbiology or bacteriology test kits or supplies
116960	116930	41116130	Microbiology or bacteriology reagents or solutions or stains
116961	116930	41116131	Microbiology or bacteriology identification or sensitivity disks or panels
116962	116930	41116132	Microbiology or bacteriology quality controls or calibrators or standards
116963	116930	41116133	Molecular biology test kits or supplies
116964	116930	41116134	Molecular biology reagents or solutions or stains
116965	116930	41116135	Molecular biology quality controls or calibrators or standards
116966	116930	41116136	Urinalysis test kits or supplies
116967	116930	41116137	Urinalysis reagents or solutions or stains
116968	116930	41116138	Urinalysis test strips
116969	116930	41116139	Urinalysis quality controls or calibrators or standards
116970	116930	41116140	Parasitology or mycology test kits or supplies
116971	116930	41116141	Parasitology or mycology reagents or solutions or stains
116972	116930	41116142	Parasitology or mycology media
116973	116930	41116143	Parasitology or mycology quality controls or calibrators or standards
116974	116930	41116144	Virology test kits or supplies
116975	116930	41116145	Virology quality controls or calibrators or standards
116976	116930	41116146	Toxicology test kits or supplies
116977	116930	41116147	Toxicology quality controls or calibrators or standards
116978	103902	41116200	Suministros y equipo para lugares de tratamiento de pacientes
116979	116978	41116201	Glucose monitors or meters
116980	116978	41116202	Cholesterol monitors or meters
116981	116978	41116203	Monitor or meter accessories
116983	116978	41116205	Kits de ensayos rápidos
116984	103902	41116300	Comprobadores de punto de inflamación para laboratorio
116985	116984	41116301	Flash point testers
116988	107672	41121501	Robotic or automated liquid handling systems
116989	107672	41121503	Manual multichannel air displacement pipetters
116990	107672	41121504	Manual single channel air displacement pipetters
116991	107672	41121505	Manual single channel positive displacement pipetters
116992	107672	41121506	Manual single channel repeating pipetters
116993	107672	41121507	Electronic single channel pipetters
116994	107672	41121508	Electronic multichannel pipetters
116995	107672	41121509	Pasteur or transfer pipettes
116996	107672	41121510	Volumetric pipettes
116997	107672	41121511	Serological pipettes
116999	107672	41121513	Dropping pipettes
117000	107672	41121514	Pipette pumps
117001	107672	41121515	Pipette bulbs
117002	107672	41121516	Bottle top dispensers
117003	107672	41121517	Pipetter inserts or accessories
117004	103649	41121600	Puntas de pipeta
117005	117004	41121601	Filter tip pipette tips
117006	117004	41121602	Aerosol barrier pipette tips
117007	117004	41121603	Low retention pipette tips
117008	117004	41121604	Reference pipette tips
117009	117004	41121605	Ultramicro pipette tips
117010	117004	41121606	Gel loading pipette tips
117011	117004	41121607	Universal pipette tips
117012	117004	41121608	Robotic pipette tips
117013	103826	41121701	Multipurpose or general test tubes
117014	103826	41121702	Microcentrifuge tubes
117015	103826	41121703	Centrifuge tubes
117016	103826	41121704	Cryogenic tubes
117017	103826	41121705	Nuclear magnetic resonance NMR tubes
117018	103826	41121706	Culture tubes
117019	103826	41121707	Separator test tubes
117020	103826	41121708	Anti coagulant test tubes
117021	103826	41121709	Capillary or hematocrit tubes
117022	103826	41121710	Test tube closures or caps
117023	103649	41121800	Artículos de vidrio o plástico y suministros generales de laboratorio
117029	117023	41121806	Laboratory vials
117030	117023	41121807	Laboratory ampoules
117032	117023	41121809	Laboratory funnels
117033	117023	41121810	Laboratory staining dishes or jars
117034	117023	41121811	Laboratory microchemistry kits
117036	103828	41103209	Laboratory wash bottles
117044	117023	41121815	Laboratory adapters or connectors or fittings
117048	110796	41122001	Chromatography syringes
117049	110796	41122002	Chromatography syringe needles
117050	110796	41122003	Syringe adapters or accessories
117051	110796	41122004	Sampling syringes
117052	103649	41122100	Suministros de cultivo de tejido y cribado de alta definición
117053	117052	41122101	Petri plates or dishes
117054	117052	41122102	Multiwell plates
117055	117052	41122103	Cell scrapers
117056	117052	41122104	Tissue culture flasks
117057	117052	41122105	Roller bottles
117058	117052	41122106	Inoculating devices
117059	117052	41122107	Tissue culture coated plates or dishes or inserts
117060	117052	41122108	Microbiology inoculation loops or needles
117061	103649	41122200	Crisoles
117062	117061	41122201	Glass crucibles
117063	117061	41122202	Ceramic crucibles
117064	117061	41122203	Metal crucibles
117065	103649	41122300	Protectores y revestimientos de banco de laboratorio
117066	117065	41122301	Bench protectors or liners
117067	103649	41122400	Instrumentos de laboratorio
117068	117067	41122401	Magnetic spin bars or stir bars or stirring beads
117070	117067	41122403	Laboratory spatulas
117071	117067	41122404	Laboratory tongs
117072	117067	41122405	Laboratory forceps
117073	117067	41122406	Laboratory knives
117074	117067	41122407	Laboratory scalpels
117075	117067	41122408	Laboratory scissors
117076	117067	41122409	Laboratory tools
117077	117067	41122410	Laboratory sealing film
117078	103649	41122500	Corchos
117079	117078	41122501	Laboratory corks
117081	117078	41122503	Laboratory cork borers
117082	103649	41122600	Portaobjetos de laboratorio y suministros
117084	117082	41122602	Microscopes slide coverslips
117085	117082	41122603	Microscope lens paper
117086	117082	41122604	Hemocytometers
117087	117082	41122605	Microscope immersion oil
117088	117082	41122606	Microscope slide dispensers
117089	103649	41122700	Cintas y etiquetas de laboratorio
117090	117089	41122701	Slide or specimen labels
117091	117089	41122702	Labeling tapes
117092	117089	41122703	Safety tapes
117093	117089	41122704	Tamper proof tapes
117094	103649	41122800	Estantes
117095	117094	41122801	Pipette racks or stands
117096	117094	41122802	Microscope slide racks
117097	117094	41122803	Sedimentation tube racks or stands
117098	117094	41122804	Test tube racks
117099	117094	41122805	Drying racks
117100	117094	41122806	Cryoracks
117101	117094	41122807	Dissecting trays
117102	117067	41122413	Laboratory clamps
117106	112954	41123001	Jar desiccators
117107	112954	41123002	Cabinet desiccators
117108	112954	41123004	Vacuum desiccators
117109	103649	41123100	Suministros de diálisis para laboratorio
117110	117109	41123101	Dialysis tubing
117111	117109	41123102	Dialysis clamps
117112	103649	41123200	Especímenes preservados y suministros
117113	117112	41123201	Preserved prepared slides
117114	117112	41123202	Preserved animals and organisms
117115	103649	41123300	Contenedores y armarios de almacenamiento general para laboratorio
117117	117115	41123302	Microscope slide boxes or folders
117118	117115	41123303	Microscope slide cabinets
117119	117115	41123304	Cryogenic storage boxes
117120	114853	42141503	Skin preparation wipes
117123	106730	51171909	Esomeprazole or omeprazole
117124	108693	80111614	Temporary engineering services
117136	102533	95141710	Phone box or phone booth
117137	165437	72103302	Telecom equipment maintenance or support
117138	165252	72151606	Underground engineering for communication equipment
117139	165252	72151607	Overground engineering for communication equipment
117141	165204	72141511	Digging services
117144	108748	80141506	Internet based market research
117145	108753	80141609	Sponsorship of event or celebrity
117154	107433	93170000	Política y regulación comercial
117159	107557	26101732	Spark plugs
117163	100001	10130000	Recipientes y hábitat para animales
117165	107404	85140000	Medicina alternativa y holística
117166	101666	25173700	Controles de emisión y de escape
117182	102995	31163200	Herraje de retención
117183	103816	41103021	Laboratory plate freezers
117184	116782	41105101	Laboratory vacuum pumps
117185	116782	41105107	Laboratory drum pumps
117186	117189	13111100	Colofonia
117187	107396	84130000	Servicios de seguros y jubilación
117188	117189	13111200	Películas
117189	100650	13110000	Resinas y colofonias y otros materiales derivados de resina
117210	114799	42132200	Guantes y accesorios médicos
117211	117210	42132201	Bathophenanthroline, Colorimetry, Iron (Non-Heme)
117212	117210	42132202	Finger cots
117213	117210	42132203	Medical exam or non surgical procedure gloves
117214	117210	42132204	Medical glove liners
117215	117210	42132205	Surgical gloves
117216	111230	43212001	Computer display glare screens
117217	105460	46181810	Eyewashers or eye wash stations
117218	109069	83101903	District heating
117219	107392	83112500	Capacidades de eje troncal
117220	117219	83112501	Submarine cable capacities and submarine cable PoP to PoP capacities
117221	117219	83112502	Terrestrial backbone capacities
117222	117219	83112503	Rights of way for transit for half circuit systems, DDPs and admin lease
117223	117219	83112504	Indefeasible rights of use IRU for submarine cable or terrestrial cable systems
117224	117219	83112505	Crossconnection functionality
117225	107392	83112600	Acceso del cliente
117226	117225	83112601	Local loop capacities
117227	117225	83112602	Domestic leased lines
117228	117225	83112603	International access lines
117229	117225	83112604	Dial access services
117230	117225	83112605	External international lines
117232	101783	26111608	Generadores de vapor
117233	101844	26131600	Equipo de blindaje o estructuras de tubo de escape
117251	101844	26131800	Equipo de control de producción de energía
117266	101844	26131700	Equipo de detección o vigilancia de producción de energía
117272	104789	43190000	Dispositivos de comunicaciones y accesorios
117273	117272	43191500	Dispositivos de comunicación personal
117279	104844	43211511	Ordenadores vestibles
117280	117272	43191600	Personal communications device accessories or parts
117281	117280	43191601	Mobile phone face plates
117282	117280	43191602	Phone dialers
117283	117280	43191603	Phone extension cords
117284	117280	43191604	Phone face plates
117285	117280	43191605	Phone handset cords
117286	117280	43191606	Phone handsets
117287	117280	43191607	Phone headset ear or speaker cushions
117288	117280	43191608	Phone headset voice tubes
117290	117280	43191610	Personal communication holders or mounts, stands
117291	117280	43191611	Phone line protectors
117293	142994	43202204	External ringer or its parts
117294	117280	43191614	Phone voice converters
117297	104856	43201501	Asynchronous transfer mode ATM telecommunications interface cards
117303	104856	43201507	Daughterboards
117304	104856	43201508	Dispersion compensation fiber module DCFMs
117312	117469	43221803	Optical adapters
117313	117469	43221801	Optical amplifiers
117314	117469	43221802	Optical network or communication filters
117315	127939	43201405	Optical network receive cards
117316	127939	43201406	Optical network transmit cards
117317	117469	43221804	Optical networking lasers
117333	104856	43201537	Print servers
117334	107731	43201600	Componentes del chasis
117337	117334	43201603	Chassis stacking components
117338	117334	43201604	Electronic equipment bays or baskets
117339	117334	43201605	Expanders
117340	104856	43201552	Hardware or telephony adapters
117344	107731	43201800	Dispositivos de soporte de almacenamiento
117346	117344	43201802	Hard disk arrays
117348	117344	43201808	Read only compact disc CD
117351	117344	43201807	Tape drives
117352	107731	43201900	Accesorios de dispositivos de soporte de almacenamiento
117353	117334	43201616	Hard disk drive array towers
117354	117352	43201902	Optical disk changers
117355	117352	43201903	Tape drive libraries
117356	107731	43202000	Soportes de almacenamiento extraíbles
117357	117356	43202001	Discos compactos (CD)
117359	117356	43202003	Discos vídeo digitales (DVD)
117361	107731	43202100	Accesorios de soportes de almacenamiento extraíbles
117362	117361	43202101	Compact disk cases
117363	117361	43202102	Floppy disk cases
117364	117361	43202103	Multimedia storage holders
117365	104789	43210000	Equipo informático y accesorios
117368	104844	43211502	Servidores de gama alta
117372	104844	43211506	Ordenadores cliente ligero
117374	117365	43211600	Accesorios de ordenador
117378	117374	43211604	Peripheral switch boxes
117381	104870	43211702	Magnetic stripe readers and encoders
117387	104870	43211708	Computer mouse or trackballs
117393	104870	43211714	Equipo de identificación biométrica
117394	117365	43211800	Accesorios de dispositivos de entrada de datos de ordenador
117405	104899	43212103	Dye sublimination printers
117411	104789	43220000	Datos-voz
117413	111014	43221501	Automated attendant systems
117414	111014	43221502	Automatic call distributor ACD
117415	111014	43221503	Telecom announcers
117417	111014	43221505	Standalone telephone caller identification
117418	111014	43221506	Teleconferencing console
117419	111014	43221507	Autodialers
117420	111014	43221508	Telephone busy lamp fields
117421	111014	43221509	Telephone call accounting systems
117422	111014	43221510	Telephone call diverter or forwarder
117425	111014	43221513	Telephone call sequencers
117426	111014	43221514	Telephone dial backup units
117427	111014	43221515	Telephone line sharing devices
117428	111014	43221516	Telephone line status monitors
117429	111014	43221517	Telephony equipment service observing units
117430	111014	43221518	Telephony equipment toll restrictors
117433	111014	43221523	Music or message on hold player
117434	111014	43221521	Telecommunications remote access unit
117435	117456	43222625	Access servers
117436	117456	43222626	Cable modems
117437	117456	43222627	Integrated services digital network ISDN access devices
117442	117411	43221700	Equipo fijo de red y componentes
117445	117442	43221707	Microwave core equipment
117448	117442	43221705	Equipo de acceso de radio
117453	117411	43222500	Equipo de seguridad de red
117454	117453	43222501	Firewall network security equipment
117455	117453	43222502	VPN network security equipment
117456	117411	43222600	Equipo de servicio de red
117458	117456	43222602	Cable head end equipment
117460	117456	43222604	Content delivery networking equipment
117461	117456	43222605	Network gateway
117462	117456	43222606	Internet service node startup kits
117463	117456	43222607	Cache engine equipment
117469	117411	43221800	Dispositivos de red óptica
117471	117456	43222615	Storage area network SAN switch
117472	117469	43221806	Synchronous optical network SONET network equipment
117473	107679	43222822	Time division multiplexer TDM
117475	117456	43222619	Video networking equipment
117477	104823	43222701	Telegraph keys
117478	104823	43222702	Telegraph electromagnets
117479	104823	43222703	Telegraph sounders
117481	107679	43222801	Broadband or narrowband digital cross connect DCX equipment
117483	107679	43222803	Digital loop carrier DLCs
117485	107679	43222805	Private branch exchange PBX equipment
117487	117469	43221808	Synchronous digital hierarchy SDH telecom equipment
117491	107679	43222811	Telephony equipment alarm units
117492	117411	43222900	Accesorios de equipo de telefonía
117494	117492	43222902	Telephony cable air dryers
117496	104824	43223001	Teletype input devices
117498	104943	43231500	Software de funciones de gestión
117499	117498	43231501	Software de centro de llamadas o soporte técnico
117503	117498	43231505	Software de gestión de recursos humanos
117504	117498	43231506	Software de cadena de suministro y logística de planificación de requisitos de materiales
117505	104943	43232000	Software de ocio o juegos de ordenador
117506	117505	43232001	Action games
117507	117505	43232002	Adventure games
117508	117505	43232003	Sports games
117509	117505	43232004	Family software
117510	104943	43232100	Software de edición y creación de contenidos
117511	117510	43232101	Pattern design software
117512	117510	43232102	Graphics or photo imaging software
117513	117510	43232103	Video creation and editing software
117517	117510	43232107	Web page creation and editing software
117518	117510	43232108	Calendar and scheduling software
117521	104943	43232200	Software de gestión de contenidos
117522	117521	43232201	Content workflow software
117524	117521	43232203	File versioning software
117526	104945	43232301	Categorization or classification software
117527	104945	43232302	Clustering software
117528	104945	43232303	Customer relationship management CRM software
117529	104945	43232304	Data base management system software
117530	104945	43232305	Data base reporting software
117531	104945	43232306	Data base user interface and query software
117532	104945	43232307	Data mining software
117533	128842	43231602	Enterprise resource planning ERP software
117534	104945	43232309	Information retrieval or search software
117535	104945	43232310	Metadata management software
117536	104945	43232311	Object oriented data base management software
117537	104945	43232312	Portal server software
117540	104990	43232402	Development environment software
117541	104990	43232403	Enterprise application integration software
117543	104990	43232405	Object or component oriented development software
117545	104990	43232407	Requirements analysis and system architecture software
117548	104970	43232501	Software de idioma extranjero
117556	105034	43232606	Compliance software
117559	105034	43232609	Library software
117560	105034	43232610	Medical software
117562	104943	43232700	Software de aplicaciones de red
117563	117562	43232701	Application server software
117566	117562	43232704	Internet directory services software
117567	104943	43232800	Software de administración de redes
117568	117567	43232801	Network monitoring software
117569	117567	43232802	Network operating system enhancement software
117570	117567	43232803	Optical network management software
117572	105002	43232901	Access software
117574	105002	43232903	Contact center software
117575	105002	43232904	Fax software
117576	105002	43232905	LAN software
117578	105002	43232907	Storage networking software
117580	105002	43232909	WAN switching software and firmware
117581	105002	43232910	Wireless software
117583	105005	43233001	Filesystem software
117588	104990	43232409	Compiler and decompiler software
117590	104943	43233200	Software de seguridad y protección
117591	117590	43233201	Authentication server software
117593	117590	43233203	Network security or virtual private network VPN management software
117594	117590	43233204	Network security and virtual private network VPN equipment software
117595	117590	43233205	Transaction security and virus protection software
117596	128842	43231605	Time accounting software
117597	117498	43231511	Expert system software
117599	104943	43233400	Software de controladores de dispositivos y utilidades
117601	117599	43233402	Data conversion software
117603	117599	43233404	Compact disc CD or DVD or sound card software
117604	117599	43233405	Device drivers or system software
117605	117599	43233406	Ethernet driver software
117606	117599	43233407	Graphics card driver software
117614	109091	83111905	International bilateral services and international private leased lines
117621	108827	81111613	Programming for Perl
117622	114808	42131612	Medical staff isolation or cover gowns
117623	114820	42131704	Surgical towels
117625	115426	42192500	Protectores para equipo médico
117626	117625	42192501	Medical equipment covers
117627	117625	42192502	Medical equipment bags
117628	111014	43221520	Interactive voice recognition equipment
117629	117456	43222621	Content switch
117630	117456	43222620	Multiservice switch
117631	117456	43222632	Broadband aggregators
121093	103571	40151503	Centrifugal pumps
121393	103932	41111711	Electron microscopes
121992	114918	42142523	Hypodermic needle
122187	128842	43231603	Tax preparation software
122190	117498	43231508	Programas de gestión de inventario
122196	117510	43232111	Optical character reader OCR or scanning software
122198	117510	43232112	Desktop publishing software
122205	105034	43232612	Computer aided manufacturing CAM software
122208	139187	43233506	Map creation software
122209	117498	43231507	Programas de gestión de proyectos
122213	117505	43232005	Music or sound editing software
122215	117498	43231510	Label making software
122222	117599	43233415	Backup or archival software
122223	117498	43231509	Bar coding software
122227	117599	43233414	Storage media loading software
122229	105002	43232915	Platform interconnectivity software
122234	105002	43232911	Network connectivity terminal emulation software
122237	105002	43232912	Gateway software
122239	117567	43232804	Administration software
122244	105002	43232913	Bridge software
122248	105002	43232914	Modem software
122250	139187	43233502	Software de vídeo conferencia
122252	117562	43232705	Internet browser software
122283	117442	43221719	Aircraft antennas
122284	117442	43221720	Automotive antennas
122325	117374	43211605	Signal processor upgrades
122327	117442	43221701	Equipo básico de televisión
122329	117374	43211606	Multimedia kits
122340	104870	43211719	Voice microphones for computers
122346	117344	43201813	High capacity removable media drives
122361	104899	43212105	Impresoras de láser
126280	117374	43211607	Computer speakers
126300	117442	43221721	Equipo de comunicación de datos de radiofrecuencia
126301	104870	43211718	Camera based vision systems for automated data collection
127491	100803	15111700	Aditivos para carburante
127939	107731	43201400	Tarjetas del sistema
128842	104943	43231600	Software de planificación de recursos empresariales (ERP) y contabilidad financiera
128884	117394	43211803	Key board skins
128917	111230	43212002	Monitor arms or stands
128922	104870	43211721	Punch card readers
132487	110244	56101705	Showcases
132488	105422	46182300	Protección anti caída
132489	132488	46182301	Lifelines or lifeline equipment
132493	105472	46182105	Anti static worktable mats
132495	107492	14121809	Masking paper
132496	105422	46182400	Equipo de limpieza de seguridad y materiales de descontaminación
132497	132496	46182401	Decontamination shower
132498	107751	46191503	Fire resistant coatings or putties or sealants
132499	101020	23190000	Mezcladores y sus partes y accesorios
132500	132499	23191000	Batch mixers
132501	132500	23191001	Change can mixers
132506	132499	23191100	Continuous mixers
132507	132506	23191101	Single screw mixers
132512	105091	44102606	Typewriter ribbon
132518	100776	14111606	Art or craft paper
132519	107492	14121810	Carbon papers
132522	103615	40161800	Medios de filtrado
132528	105118	44111521	Copy holders
132529	105177	44121624	Embossing tools
132533	101020	23200000	Equipamiento par transferencia de masa
132534	132533	23201000	Gas liquid contacting systems
132543	117344	43201810	Read only digital versatile disc DVD
132551	101342	24111813	Tanques de lavado
132554	105118	44111506	Paper or pad holder or dispensers
132557	103475	39111810	Lamp starter
132567	117456	43222622	Server load balancer
132569	104899	43212109	Bag tag printer
132575	104856	43201539	Console controller mainframe
132576	104856	43201540	Channel converter
132577	104856	43201541	Channel to channel interface mainframe
132578	104856	43201542	Control unit
132579	104856	43201543	Coupler facility mainframe
132582	104899	43212110	Multi function printers
132600	105091	44102607	Word processors
132601	105100	44102907	Equipment dust covers
132605	109288	85121810	Drug or alcohol screening
132609	100758	14111523	Papel diamante
132610	107284	55121800	Documentos de identificación
132611	132610	55121801	Car tax discs
132612	132610	55121802	Pulseras o tarjetas de identificación o productos similares
132613	132610	55121803	Pasaportes
132614	109121	84101704	Debt collection services
132615	109121	84101705	Repossession services
132616	109101	83121606	Skip tracing
132621	100989	22101800	Grúas de elevación
132625	103441	39112000	Proyectores móviles
132645	132488	46182302	Fall protection lanyard
132647	100776	14111607	Poster boards
132650	110244	56101706	Conferencing tables
132651	107392	83112300	Servicios de telecomunicaciones por fibra
132652	132651	83112301	Dark fiber
132653	132651	83112302	Dense wavelength division multiplexing DWDM
132654	132651	83112303	Wave division multiplexing WDM
132655	132651	83112304	Ocx optical carrier service
132662	108688	80111506	Personnel relocation
132664	108979	82121512	Embossing
132665	111533	78181700	Transport fueling and vehicle storage and support services
132666	132665	78181701	Vehicle fueling service
132667	132665	78181702	Transportation storage service
132668	108584	78101503	Armored air transport
132670	107392	83112400	Servicios de telecomunicaciones por circuitos de líneas selectivas y líneas dedicadas arrendadas
132671	132670	83112401	High speed circuit switched dial up services
132672	132670	83112402	ISDN integrated services digital network services
132673	132670	83112403	Point to point digital telecommunications circuit
132674	132670	83112404	Multi point analog telecommunications circuit
132675	132670	83112405	Point to point analog telecommunications circuit
132676	132670	83112406	DSL digital subscriber line
132677	107392	83112200	Servicios de telecomunicaciones ensanchadas
132678	132677	83112201	ATM asynchronous transfer mode managed network services
132679	132677	83112202	Frame relay public managed network services
132680	132677	83112203	VPN virtual private network managed network services
132681	132677	83112204	X75 managed network services
132682	132677	83112205	X25 managed network services
132683	105170	44121508	Buzones para mensajes
132687	101324	24111507	Tool bags
132689	101971	27113200	Juegos de herramientas
132690	132689	27113201	General tool kits
132692	107193	53131628	Champús
132693	107188	53131506	Juegos de higiene dental
132697	105100	44102908	Compact disc cleaners or scratch removers
132698	105100	44102909	Compact disc drive cleaner
132702	105131	44122015	File backers
132703	105177	44121625	Paper weights
132704	105207	44121806	Correction pen refills
132705	105196	44121712	Marker refills
132707	105131	44122016	Document holder
132708	105170	44121509	Bolsas de correspondencia
132710	101324	24111508	Tent bag
132718	100990	22101518	Rastrillos elevadores
132721	105555	47121705	Urn sand bags
132722	105633	48101714	Hot water dispenser
132733	104899	43212111	Airline ticket or boarding pass ATB printers
132735	100990	22101519	Máquina giratoria con cazoleta de rastrillos abierta
132736	100990	22101520	Máquina giratoria con rastrillos elevadores
132737	100990	22101521	Rastrilladora arrastrada
132738	100990	22101522	Empujadoras de cadenas
132739	100990	22101523	Empujadoras de ruedas
132740	100990	22101524	Excavadoras móviles
132741	100990	22101525	Excavadoras de ruedas
132742	100990	22101526	Excavadoras de cadenas
132743	100990	22101527	Utiles de carga integrados
132753	101274	24101625	Grúas convencionales sobre camión
132755	105059	44102002	Laminator pouches
132756	105207	44121807	Eraser refills
132760	107739	44122109	Hook and loop fastener
132761	104844	43211510	Terminales elementales o consolas de gran sistema (mainframe)
132763	100990	22101528	Cargadores de ruedas
132764	100990	22101529	Patines dirigibles cargadores
132765	100990	22101530	Rastrillos de flujo abierto
132766	105170	44121510	Cierres para sobres
132767	105177	44121626	Adhesive remover
132768	105108	44103110	Print heads
132769	105100	44102910	Laminator trays
132770	105163	44112007	Suggestion box
132771	105108	44103111	Ink rolls
132773	107177	53121706	Computer bags
132776	112893	95121700	Public buildings and structures
132777	132776	95121701	Post office
132779	132776	95121702	Police station
132780	132776	95121703	Court building
132781	132776	95121704	Prison building
132782	132776	95121705	Fire station
132783	132776	95121706	Ambulance station
132784	132776	95121707	Mountain rescue building
132785	132776	95121708	Lifeboat station
132786	132776	95121709	Coastguard building
132787	132776	95121710	Rescue service station
132788	132776	95121711	Civic center
132790	132776	95121712	Art gallery
132791	132776	95121713	Prehistoric monument
132793	112893	95121800	Utility buildings and structures
132794	132793	95121801	Radar station
132795	132793	95121802	Substation
132796	132793	95121803	Nuclear power station
132797	132793	95121804	Water tower
132798	132793	95121805	Well
132799	132793	95121806	Mobile telephone base station
132800	132793	95121807	Dam
132801	132793	95121808	Oil or gas platform
132813	112897	95121603	Bus station
132814	112897	95121604	Bus garage
132815	112897	95121605	Automotive repair or servicing building
132816	112897	95121606	Railway station
132817	112897	95121607	Railway depot
132818	112897	95121608	Underground railway station
132822	112897	95121611	Airport building
132823	112897	95121612	Airport control tower
132824	112897	95121613	Airfield
132825	112897	95121614	Runway
132832	112897	95121620	Breakwater
132833	112897	95121621	Seawall
132836	112897	95121624	Lighthouse
132837	112897	95121625	Road bridge
132838	112897	95121626	Railway bridge
132839	112897	95121627	Footbridge
132840	112897	95121628	Road viaduct
132841	112897	95121629	Railway viaduct
132842	112897	95121630	Underpass
132843	112897	95121631	Overpass
132844	112897	95121632	Subway
132846	112897	95121634	Road tunnel
132847	112897	95121635	Railway tunnel
132848	112897	95121636	Pedestrian tunnel
132853	174157	95111609	Crossroad
132854	174157	95111610	Ring road
132855	174157	95111611	Trunk road
132856	174157	95111612	Secondary road
132858	174153	95111504	Highway ramp or slip road
132861	174157	95111615	Road junction
132866	112897	95121639	Pipeline carrying bridge
132867	112897	95121640	Pipeline
132868	112897	95121641	Pumping station
132869	112897	95121642	Sewage pumping station
132870	112897	95121643	Sewage outfall
132871	112897	95121644	Parking lot
132872	112897	95121645	Motorway service area
132873	112893	95121900	Educational and research buildings and structures
132875	132873	95121901	Polytechnic school
132876	132873	95121902	Vocational college
132877	132873	95121903	Lecture theater
132878	132873	95121904	Library
132879	132873	95121905	Language laboratory
132880	132873	95121906	Laboratory building
132881	132873	95121907	Meteorological station
132882	132873	95121908	Research or testing facility
132883	112893	95122000	Hospital buildings and structures
132884	132883	95122001	Clinic
132885	132883	95122002	Nursing home
132886	132883	95122003	Operating room or theater
132887	132883	95122004	Intensive care unit
132888	132883	95122005	Diagnostic screening room
132890	132883	95122006	Fluoroscopy room
132891	132883	95122007	Pathology room or laboratory
132892	132883	95122008	Catheter room
132893	112893	95122100	Accommodation buildings and structures
132894	132893	95122101	Residential home
132895	132893	95122102	Flat or apartment
132896	132893	95122103	Childrens home
132897	132893	95122104	Daycare center
132898	132893	95122105	Retirement home
132900	132893	95122106	Hostel
132901	112893	95122300	Sports and health buildings and structures
132910	112893	95122400	Industrial buildings and structures
132914	112893	95122500	Agricultural and farming and fishing buildings and structures
132918	112893	95122700	Defense buildings and structures
132923	112893	95122600	Religious buildings and structures
132927	100990	22101531	Cañones de nieve
132928	101274	24101626	Escaleras mecánicas o pasillos mecánicos
132929	107532	25111903	Sails
132930	107532	25111904	Paddles
132936	107258	55101522	Esferas terrestres y celestes
132943	105100	44102911	Cleaning wipes for office machines
132948	105143	44111812	Drafting kits or sets
132949	105091	44102608	Typewriter printing elements
132953	100789	15101510	Condensado
132958	100758	14111524	Papel ministro
132964	105748	49121510	Drink coolers
132967	117356	43202005	Dispositivos de almacenamiento de memoria flash
132973	105743	60131504	Tuning pins
132974	105743	60131505	Musical instrument stands or sheet holders
132975	105743	60131506	Accessories for stringed instruments
132976	105743	60131507	Percussion instrument accessory
132977	105743	60131508	Music boxes or mechanisms
132979	100084	10152200	Semillas de cultivos fibrosos y semilleros
132980	132979	10152201	Cotton seeds or seedlings
132981	114206	10171702	Fungicides
132982	100085	10151522	Semillas o plantas de remolacha
132983	100085	10151523	Semillas o plantas de coliflor
132984	100085	10151524	Semillas o plantas de perejil
132994	100278	11121900	Productos de perfumería
133003	164080	11122001	Plywood
133004	100282	11121610	Maderas duras
133016	100990	22101532	Cargadores de cadenas
133017	100401	11162118	Tejido de hilado de papel
133018	100401	11162119	Tela transparente para dibujar
133019	100401	11162120	Tejidos para cerner
133020	100401	11162121	Arreglos ornamentales
133022	105468	46182005	Mask or respirators filters or accessories
133024	105559	47121809	Degreasing pans
133027	105406	46171617	Door eyes
133039	105196	44121713	Pen nibs
133040	107492	14121812	Photography paper
133041	101791	26111716	Mercury oxide battery
133045	101366	24112209	Jerrycans
133053	100804	15111507	Gas ciudad
133054	100804	15111508	Gas de gasógeno
133064	105108	44103112	Printer ribbon
133067	145105	43223310	Fiber optic connector
133068	101274	24101629	Accesorios o suministros de elevador de horquilla o transportador vertical
133075	144682	23271712	Welding or soldering kit
133076	101274	24101630	De las grúas del taller
133077	101266	24101511	Carretillas del estante
133079	108116	72101505	Servicios de cerrajero
133080	107532	25111905	Marine ballast systems
133084	101323	24112600	contenedores para líquidos
133091	178427	24113101	Mail box
133092	165678	30181601	Soap dish
133093	165678	30181602	Towel bar or ring or stand or hook
133095	102648	31380000	imanes y materiales magnéticos
133100	104970	43232503	Spell checkers
133101	105118	44111509	Pen or pencil holders
133102	105177	44121627	Bookmarks
133103	105177	44121628	Clip holders or dispensers
133104	105555	47121706	Ash trays
133110	108735	80131605	Sale of commercial building
133123	108860	81112006	Servicios de almacenaje de datos
133125	109048	83101510	Chilled water
133126	102529	95141604	Garage
133136	107134	53112000	accesorios para el calzado
133139	107188	53131507	Toothpicks
133140	107193	53131629	Makeup kits
133141	107193	53131630	Lip balm
133145	109072	83111508	Toll free inbound telephone service
133149	107123	53102511	pañuelos de cabeza
133180	144484	55121905	Flagpoles or parts or accessories
133185	105472	46182107	Antistatic maintenance kits
133187	178427	24113102	Antistatic box
133188	110244	56101707	Drafting tables
133189	132689	27113203	Computer tool kits
133190	100758	14111525	Multipurpose paper
133192	105586	47131824	Glass or window cleaners
133193	107739	44122110	Adhesive mounts
133194	101791	26111717	Manganese batteries
133195	101791	26111718	Silver oxide batteries
133196	105559	47121810	Cleaning rag dispenser
133197	100776	14111608	Gift certificate
133198	105620	48101617	Commercial use plastic shovels
133201	101316	24102108	Packaging compresor
133207	105118	44111510	Hanging organizers or accessories
133208	107048	52161600	Accesorios de equipo audiovisual
133211	105131	44122017	Hanging folders or accessories
133213	105108	44103113	Phasers or inkjet kits
133214	105118	44111511	Display systems or its accessories
133220	100776	14111609	Cover paper
133222	105131	44122018	File inserts or tabs
133228	105308	45131700	Almacenamiento para soportes audiovisuales
133229	133228	45131701	Slide trays or organizers
133230	117280	43191629	Notebook or palmtop skins or face plates
133236	107739	44122111	Hole reinforcements
133237	105118	44111512	Literature rack
133238	111239	44103204	Time card racks
133239	105177	44121630	Stapler kit
133241	107193	53131634	Chemical protection products
133247	111239	44103205	Time cards or sheets
133248	105047	44101706	Photoconductor or imaging units
133250	105177	44121631	Glue dispensers or refills
133251	107739	44122112	Round head fasteners
133252	107739	44122113	Tag fasteners
133254	105118	44111513	Supports for diaries or calendars
133255	105131	44122020	Card pockets
133256	107739	44122114	Screw posts
133257	105163	44112008	Wall planners or refills
133258	105143	44111813	Drafting dots or tapes
133259	105196	44121714	Pencil or pen grips
133260	105196	44121715	Combination pen or pencil
133261	105108	44103114	Laserjet coating kits
133262	105118	44111514	Stamp racks or organizers
133265	107739	44122115	Adhesive corners
133267	105118	44111515	Organizadores o cajas de almacenamiento de archivos
133275	102519	30191600	Escaleras y accesorios de andamiaje
133278	101120	23153000	Dispositivos y sistemas de guía
133284	101020	23210000	Maquinaria de fabricación electrónica
133332	102533	95141709	Conservatory
133339	101120	23153100	Componentes y accesorios de maquinaria industrial
133347	100757	14111800	Papeles de uso comercial
133348	133347	14111801	Tickets or ticket rolls
133349	133347	14111802	Receipts or receipt books
133350	133347	14111803	Vouchers
133351	133347	14111804	Bills or bill books
133352	133347	14111805	Checks or check books
133354	105298	45121604	Camera shutters
133355	105298	45121605	Screen frames
133356	105298	45121606	Camera harnesses
133357	105298	45121607	Camera blocks or holders
133358	105298	45121608	Camera assemblies
133359	105298	45121609	Camera brackets
133360	105298	45121610	Camera cables
133361	105298	45121611	Lens cover
133362	105298	45121612	Camera tables
133363	105298	45121613	Camera enclosures or covers
133364	105298	45121614	Retrofit kits
133365	105298	45121615	Camera rings
133366	105100	44102912	Cleaning solutions for office equipment
133367	100754	14121504	Packaging paper
133371	102487	30171510	Automatic doors
133372	105100	44102913	Compact disc destroyer
133374	105406	46171618	Door bells
133375	105131	44122021	Postage stamp albums
133380	105170	44121511	Cajas de envío postal
133387	105052	44101804	Cash registers
133392	105123	44111608	Coin banks
133393	107739	44122116	Bag clips
133402	105722	60131207	Harmonicas
133413	132610	55121804	Distintivos o portadistintivos
133414	110244	56101708	Mobile files
133420	144484	55121908	Sign holders or stands
133422	107523	24141510	Cable protectors
133425	105559	47121811	Duct cleaning machines
133427	106838	51201626	Hepatitis A virus vaccine
133430	105683	48102106	Cool containers
133431	104856	43201538	Central processing unit coolers
133437	105131	44122022	Folder binding accessories
133438	103441	39111900	Señalización e iluminación de emplazamientos peligrosos
133442	102486	30172000	Puertas
133447	117334	43201608	Removable drive frames
133448	108	60000000	Instrumentos musicales
133449	133448	60100000	Materiales didácticos profesionales y de desarrollo y accesorios y suministros
133452	133448	60110000	Decoraciones y suministros del aula
133459	142994	43202206	Storage drive or input device components
133460	142994	43202207	Head mount arms and assembly
133461	142994	43202208	Lead assemblies
133462	142994	43202209	Head stack assemblies
133463	142994	43202214	Comb assemblies
133464	142994	43202210	Crash stops
133465	142994	43202211	Platters or disks
133467	142994	43202212	Read write head assemblies
133468	142994	43202213	Disc motor drives
133469	106404	51101905	chloroquina
133470	106404	51101906	proguanil
133471	106404	51101907	Pirimetamina
133474	109028	82151508	Taxidermy services
133478	106895	56101529	Magazine racks
133480	104856	43201550	Network packet data synchronization device
133481	117456	43222623	Digital cross connects DCX equipment
133482	117456	43222624	Optical cross connects equipment
133485	107679	43222819	Port connection panels
133486	107679	43222823	Wave division mulitplexer WDM
133488	107679	43222820	Voice echo cancellers
133490	102487	30171511	Swing door
133494	101768	26112100	Sistemas de frenado industriales
133511	107188	53131508	Denture cleaning tablets
133513	105659	48101917	Food service fondue pots
133514	102360	30111506	Grout
133517	132689	27113204	Electrician kits
133525	102487	30171512	Door openers
133527	107258	55101523	Libros de ejercicios
133531	108693	80111615	Temporary machinist personnel
133532	111091	56112108	Combination chair with desk
133533	105423	46181532	Lab coats
133536	100758	14111526	Blocs para mensajes telefónicos
133537	105154	44111909	Board cleaning kits or accessories
133548	101791	26111719	Battery testers
133552	106996	52152200	Lavado de platos y accesorios de almacenamiento de platos
133609	111070	56120000	Mobiliario institucional
133610	133609	56121000	Mobiliario de biblioteca
133634	133609	56121400	Mobiliario de cafetería y comedor
133638	133609	56121500	Mobiliario general de aula
133639	133638	56121501	Activity tables
133640	133638	56121502	Classroom chairs
133641	133638	56121503	Classroom benches
133642	133638	56121504	Classroom stools
133643	133638	56121505	Classroom tables
133644	133638	56121506	Student desks
133645	133638	56121507	Study carrels
133646	133638	56121508	Student computer desks
133647	133638	56121509	Student computer tables
133659	133609	56121700	Módulos de almacenamiento general y de libros para las aulas
133670	133609	56121900	Demonstration furnishings
133672	105268	45111700	Equipo de composición y presentación de sonido
133673	133672	45111701	Assistive listening devices
133674	133672	45111702	Audio jack boxes
133675	133672	45111703	Listening centers
133676	105268	45111800	Equipo de presentación de vídeo y de mezcla de vídeo y sonido
133677	133676	45111801	Media control systems
133678	133676	45111802	Television mounts
133679	133676	45111803	Scan converters
133680	133676	45111804	Line doublers
133681	133676	45111805	Video editors
133682	133676	45111806	Distance learning systems
133683	133676	45111807	Interfaces
133684	133676	45111808	Lighting controls
133685	105268	45111900	Equipos
133686	133685	45111901	Sistemas de audioconferencia
133687	133685	45111902	Sistemas de videoconferencia
133688	105272	45111612	Dissolve controls
133689	105272	45111613	Cathode ray tube projector
133690	105272	45111614	Liquid crystal display projector
133691	105272	45111615	Projection lenses
133692	105287	45121516	Digital camcorders or video cameras
133693	105287	45121517	Document camera
133694	105272	45111616	Video projectors
133746	105878	49211800	Physical education classroom equipment
133748	133746	49211802	Hula hoops or hoop equipment
133749	133746	49211803	Orienteering equipment
133750	133746	49211804	Team identification materials or markers
133751	133746	49211805	Lanyard
133752	133746	49211806	Physical education equipment storage
133753	133746	49211807	Physical education assessment tools
133761	142146	14122203	Transfer paper
133854	133449	60101700	Teacher resource materials
134081	133449	60103700	Recursos de lenguas extranjeras
134082	134081	60103701	Recursos para aprender a hablar español
134083	134081	60103702	Recursos para aprender a hablar francés
134085	134081	60103704	Recursos para aprender a hablar inglés
134098	133449	60103900	Organismos vivos
134103	134098	60103905	Culture kits or supplies
134121	133449	60104100	Sistemas del cuerpo y materiales relacionados
134127	133449	60104200	Pruebas del agua
134128	134127	60104201	Water testing chemicals
134129	134127	60104202	Water testing and sampling kits
134130	134127	60104203	Water models
134131	134127	60104204	Water ecology supplies
134135	133449	60104400	Geology and earth science
134167	133449	60104700	Energy and power physics materials
134168	134167	60104701	Solar collecting devices
134169	134167	60104702	Solar kits
134222	133449	60105300	Career education instructional materials
134223	134222	60105301	Career education or planning or decision making skills instructional materials
134224	134222	60105302	Basic job skills instructional materials
134225	134222	60105303	Job search skills instructional materials
134226	134222	60105304	Time management skills instructional materials
134227	134222	60105305	Interview skills instructional materials
134228	134222	60105306	Resume skills instructional materials
134229	134222	60105307	Work ethics or attitude training instructional materials
134230	134222	60105308	Team building skills instructional materials
134231	134222	60105309	Business etiquette instructional materials
134268	133449	60105600	Materiales educativos de preparación de alimentos
134281	134268	60105613	Kitchen utensils instructional aids
134313	133449	60105900	Materiales educativos sobre las relaciones y el sexo
134314	134313	60105901	Materiales educativos sobre educación sexual o enfermedades de transmisión sexual
134315	134313	60105902	Materiales educativos sobre los recursos de nutrición prenatal y el abuso fetal
134316	134313	60105903	Materiales educativos de aptitudes de crianza
134317	134313	60105904	Materiales educativos sobre el desarrollo del niño
134318	134313	60105905	Materiales educativos de comprensión de la violación por conocido
134319	134313	60105906	Materiales educativos de educación sobre el parto
134320	134313	60105907	Materiales educativos sobre el embarazo
134321	134313	60105908	Materiales educativos de comprensión sobre los riesgos de defectos de nacimiento
134328	134313	60105915	Materiales educativos sobre la resucitación cardiopulmonar o el soporte vital básico
134338	133449	60106100	Materiales de enseñanza vocacional
134339	134338	60106101	Materiales de enseñanza de automoción
134340	134338	60106102	Materiales de enseñanza de construcción
134342	134338	60106104	Electronics or electricity teaching aids or materials
134346	133449	60106200	Materiales de enseñanza de tecnología
134347	134346	60106201	Materiales de enseñanza de agricultura
134348	134346	60106202	Materiales de enseñanza de biotecnología
134349	134346	60106203	Materiales de enseñanza de comunicaciones
134350	134346	60106204	Materiales de enseñanza de informática
134351	134346	60106205	Materiales de enseñanza de energía o electricidad
134352	134346	60106206	Materiales de enseñanza del medio ambiente
134354	134346	60106208	Materiales de enseñanza de medicina
134355	134346	60106209	Transportation teaching aids or materials
134451	110238	60121300	Art and craft cutting products
134452	134451	60121301	Guillotine paper trimmers
134506	110238	60121600	Studio aids
134737	105712	60131600	Musical instrument sets
134738	134737	60131601	Rhythm band sets
134739	105712	60131700	Alternative sounds musical instruments
134740	134739	60131701	Boomwhackers
134741	134739	60131702	Disco taps
134742	105712	60131800	Music and dance accessories
134743	134742	60131801	Dancing scarves
134744	134742	60131802	Rhythm sticks or lummi sticks
134745	134742	60131803	Rhythm wands or hoops
134782	105108	44103116	Kit for printer
134783	102529	95141605	Gazebo
134785	117344	43201815	Peripheral component microchannel interconnect architecture reader and writer drives
134786	107049	52161535	Digital voice recorders
134790	102533	95141708	Office kitchen
134792	117344	43201812	Magneto optical MO drives
134799	105108	44103117	Facsimile ribbons
134802	109176	84131607	Liability insurance
134803	117334	43201614	Console extenders
134804	112970	53102702	Uniformes de aduanero
134805	112970	53102703	Uniformes de policía
134806	105047	44101707	Stapler units
134808	111091	56112109	Benches
134809	105298	45121616	Pan heads
134811	107193	53131635	Shaving brushes
134812	108924	81151705	Archaeological services
134820	178427	24113103	Box lid
134823	101842	26121635	Cable reels
134824	101842	26121636	Power cord
134827	105108	44103118	Transparency film
134829	100758	14111527	Papel autocopiativo
134830	105118	44111516	Personal organizers
134832	105272	45111617	Overhead projector or video trolleys
134837	112970	53102704	Atuendo de servicio o preparación de alimentos institucional
134838	105659	48101918	Food service table covering rolls
134839	105177	44121632	Scissor sharpener
134840	105108	44103119	Heat transfer paper for copiers
134850	132533	23201200	Industrial drying equipment
134861	105118	44111517	Study stands
134862	106895	56101530	Storage cabinets
134863	106895	56101531	Shoe racks
134864	106895	56101532	Furniture set
134866	105269	45111503	Gavels or sounding blocks
134867	144484	55121906	Flag stands
134869	100758	14111528	Magnet paper
134872	133609	56122000	Muebles de laboratorio
134874	105287	45121518	Camera kits
134875	105272	45111618	Presentation light boxes
134881	109125	84111507	Inventory accounting service
134887	104081	41113320	Lubricating oil testing kit
134888	100758	14111529	Telex rolls
134900	105326	46101800	Accesorios de armas y municiones
134907	105448	46181606	Footwear covers
134909	105564	47132100	Kits de limpieza
134910	134909	47132101	Industrial cleaning kits
134911	134909	47132102	General purpose cleaning kits
134914	105422	46182500	Armas o dispositivos de seguridad personal
134930	100758	14111530	Notas de papel autoadhesivo
134931	133449	60106300	Forensic science teaching equipment and supplies
134934	134931	60106301	Forensic science kits
134950	106358	51270000	Anaesthetic drugs and related adjuncts and analeptics
134961	102365	30111607	Unslaked lime
134965	108860	81112007	Content or data standardization services
134970	107739	44122117	Book rings
134971	105555	47121707	Motion sickness bags
134974	106173	50171551	Cooking or table salt
134977	104032	41113034	pH test strips or papers
134979	104032	41113035	Chemical test strips or papers
135298	116916	41116014	Urinalysis analyzer reagents
135486	104081	41113322	Nitrogen or nitrate or nitrite analyzer
135487	100169	10171504	Compost
135489	101456	25101907	Remolques de camping o caravanas
135490	107350	76111800	Limpieza de vehículo de transporte
135491	135490	76111801	Car or boat detailing
135492	106707	51171505	Simethicone
135495	105047	44101708	Ozone filters
135496	104899	43212112	Point of sale POS receipt printers
135499	105593	48101532	Commercial use cotton candy machines or accessories
135500	105633	48101715	Ice shaver machines or accessories
135505	101430	25101508	Coche deportivo
135510	109072	83111510	Interactive voice response service
135517	109148	84121607	Operating lease finance service
135519	112970	53102705	Uniformes escolares
135522	105382	46151607	Security lanyards
135531	105108	44103120	Toner collectors
135533	105298	45121617	Camera bags
135534	105298	45121618	Camera lens adapters
135535	104899	43212113	Compact disc CD or labeling printers
135537	105298	45121619	Picture card wallets
135538	101020	23220000	Equipo y maquinaria de procesamiento de pollos
135539	135538	23221000	Arrival department machinery and equipment
135540	105298	45121620	Camera power adapters
135541	117344	43201814	Equipo de duplicación de datos o soportes electrónicos
135542	135539	23221001	Crate unloading system
135545	105298	45121621	Picture card adapters
135551	107123	53102516	Gorras
135552	112970	53102706	Uniformes de seguridad
135553	112970	53102707	Doctors coat
135557	105177	44121633	Postage stamp dispensers
135559	112906	44103503	Binding spines or snaps
135560	112906	44103504	Binding coils or wire loops
135561	112906	44103505	Binding combs or strips
135562	105196	44121716	Highlighters
135563	105154	44111910	Hanging rails or holders
135564	101617	25191513	Ground support vehicle maintenance kit
135567	110244	56101710	Projector stands or carts
135568	107188	53131509	Mouth fresheners
135569	117094	41122808	General purpose trays
135570	105559	47121812	Cleaning scrapers
135571	105559	47121813	Scraper replacement blades
135572	102550	39121000	Equipamiento para distribución y conversión de alimentación
135573	135572	39121001	Distribution power transformers
135577	102550	39121100	Centros de control y distribución y accesorios
135578	135577	39121101	Load centers
135597	101146	23151816	Columnas de cromatografía
135598	101146	23151817	Medios de cromatografía
135601	104010	41112412	Pressure gauge
135603	110244	56101711	Modular furniture connectors
135604	110244	56101712	Pedestals
135610	107421	90111800	Habitaciones de hotel
135611	135610	90111801	Single room
135612	135610	90111802	Double room
135613	135610	90111803	Suite
135615	116767	41104927	Filter support screens
135625	117334	43201615	Drive bay cover kits
135631	105586	47131829	Toilet cleaners
135633	105659	48101919	Food service glasses or cups or mugs or container lids
135635	105131	44122023	Archboards
135636	105131	44122024	Binder handles
135637	105131	44122025	Binder pockets or accessories
135638	105118	44111518	Tarjeteros
135640	105549	47121900	Accesorios de equipo de limpieza
135641	135640	47121901	Squeege or washer holsters
135642	135640	47121902	Squeege or washer accessories
135652	105268	45112000	Equipo y suministros de microfilm
135653	135652	45112002	Microfiche reader printers
135656	105298	45121622	Camera lens cleaners
135658	105406	46171619	Sistemas de control de acceso o de seguridad
135659	105207	44121808	Electrical erasers
135661	101438	25101610	Camiones cisterna
135662	101456	25101908	Vehículos Quad
135663	105286	45121800	Equipo y suministros de producción de microfilmes
135664	135663	45121802	Microfilm duplicators
135665	135663	45121803	Microfilm jacket fillers
135666	135663	45121804	Microfilm processors
135667	105108	44103121	Printer or facsimile or photocopier roller guides
135668	105123	44111610	Coin trays
135669	105118	44111519	Collating racks
135670	104870	43211720	Point of sale payment terminal
135671	107526	25102106	Tractor head
135672	101438	25101611	Camiones de transporte
135681	181623	51271613	Lidocaine
135693	183449	51391734	Phenylephrine
135695	106645	51151606	Tropicamide
135698	106706	51172100	Antispasmodics
135708	106724	51171806	Metoclopramide
135719	181984	51284014	Oxitetraciclina
135721	181930	51283501	Cloxacilina
135723	184075	51452305	Naftanato de cobre
135724	106370	51101693	Toltrazuril
135725	184087	51453404	Flumetrín
135726	184081	51452801	Ivermectina
135728	184073	51451604	Oxfendazol
135729	106832	51201700	Poultry vaccines
135731	135729	51201702	E Coli vaccines
135732	135729	51201703	Gumboro vaccines
135733	135729	51201704	Avian infectious bronchitis vaccines
135734	135729	51201705	Newcastle virus vaccine
135735	181732	51281618	Neomicina
135738	106358	51240000	 eye
135749	181851	51282916	Enrofloxacina
135790	106319	50201714	Non dairy creamers
135792	105302	45121706	Photo cutters or trimmers
135795	105247	45101808	Thermal book binding machines
135796	105044	44101604	Base protection boards
135797	100758	14111531	Libros o cuadernos de registro
135798	105131	44122026	Paper claws
135800	105143	44111814	Work surface protection covers
135801	105683	48102107	Catering gloves or glove dispensers
135802	110244	56101715	Mail sorters or organizers
135805	105269	45111504	Lighting or power or data components for lecterns
135811	110244	56101716	Desktop organizer hutches
135813	105044	44101605	Paper jogging machines
135814	105044	44101606	Paper sorting machines
135815	105143	44111815	Drafting table covers
135816	105131	44122027	Expandable file folders
135820	117344	43201811	DVD de lectura y escritura
135822	105123	44111611	Money clips
135823	102603	39121534	Indicator or pilot lights
135830	108846	81111818	Third party warranty service
135831	133347	14111807	Multipurpose business book
135834	101266	24101512	Carretillas mecánicas
135836	135652	45112003	Microfiche or microfilm viewer components or accessories
135837	135652	45112004	Microfiche reader printer components or accessories
135838	135663	45121805	Microfilm camera components or accessories
135839	135663	45121806	Microfilm duplicator components or accessories
135840	135663	45121807	Microfilm jacket filler components or accessories
135841	135663	45121808	Microfilm processor components or accessories
135842	135663	45121809	Microfilm film supplies
135843	135663	45121810	Microfilm sundry components or accessories
135848	105123	44111612	Coin bag seal
135850	107739	44122119	Self adhesive fasteners
135851	133347	14111808	Accounting forms or accounting books
135852	133347	14111809	Bill of lading forms or bill of lading books
135853	133347	14111810	Personnel forms or personnel books
135854	133347	14111811	Sales forms or sales books
135855	133347	14111812	Inventory forms or inventory books
135856	133347	14111813	Correspondence forms or correspondence books
135857	133347	14111814	Tax forms or tax books
135863	105468	46182006	Protective films
135864	108748	80141507	Consumer based research or clinics or focus groups
135865	108748	80141508	Syndicated or proprietary forecast studies
135866	108748	80141509	Market intelligence or competitive analysis
135867	108753	80141612	Sales or marketing programs
135868	108753	80141613	After sales programs
135873	108753	80141618	Sales marketing agencies including print
135874	108753	80141619	Customer relationship center CRC management services
135877	107368	80141900	Ferias comerciales y exposiciones
135878	135877	80141901	Auto shows or other exhibits
135879	135877	80141902	Meetings events
135906	101120	23153200	Robótica
135915	144670	23241615	Taps
135925	105468	46182007	Powered air purifying respirator system PAPRs or accessories
135928	103649	41123400	Dispositivos de dosificación
135929	135928	41123401	Dosing cups
135930	135928	41123402	Dosing spoons
135931	135928	41123403	Dosing droppers
135935	117280	43191615	Pack de teléfono manos libres para el automóvil
135945	116853	41115320	Signal generators
135950	105170	44121512	Tapones de tubos de envío postal
135951	133347	14111815	Tent cards
135953	133672	45111704	Audio mixing consoles
135958	107751	46191504	Flame detectors
135965	102558	41112104	Audio transducers
135969	103950	41111929	Radiation detectors
135970	103950	41111930	Electrical power sensors
135971	103950	41111931	Flow sensors
135972	105406	46171620	Safety light curtains
135973	103950	41111932	Liquid leak detectors
135975	108721	80121706	Employment law services
135977	101120	23153400	Ensambladoras
135978	101120	23153500	Sistemas de pintura
135994	117273	43191507	Special purpose telephones
135998	117280	43191616	Centrex phone console
136004	142994	43202201	Telephone piece parts
136019	117280	43191618	Conversation recording units
136028	143019	43223211	Paging controllers
136029	143019	43223212	Paging terminals
136058	117280	43191623	Pay phone coin mechanisms
136059	117280	43191624	Pay phone coin chutes
136060	117280	43191625	Pay phone coin boxes
136061	117280	43191626	Pay phone hoppers
136062	117280	43191627	Pay phone coin box vault doors
136067	117469	43221807	Telecommunications dense wavelength division multiplexing DWDM filters
136073	117469	43221805	Asynchronous transfer mode ATM network equipment
136125	103950	41111933	Electrical charge sensors
136126	103950	41111934	Force or torque sensors
136127	103950	41111935	Tilt sensors
136128	103950	41111936	Complementary metal oxide semiconductor CMOS image sensors
136129	103950	41111937	Rotary position sensors
136130	103950	41111938	Level sensors or transmitters
136131	108721	80121707	Labor disputes law services
136132	105298	45121623	Camera controllers
136133	103950	41111939	Acoustic sensors
136136	103950	41111940	Color sensors
136137	103950	41111941	Olfactory sensors
136138	103950	41111942	Opacity or dust or visibility sensors
136139	103950	41111943	Electrical resistance or conductance sensors
136141	102558	41112105	Temperature transmitters
136142	103996	41112216	Thermowells
136143	103996	41112217	Thermoheads
136144	102558	41112106	Humidity transmitters
136147	103932	41111737	Videoscopes
136148	103932	41111738	Fiberscopes
136149	105287	45121519	Low light camera
136150	103849	41103415	Clean benches
136151	104017	41112516	Flow transmitters
136152	104870	43211717	Optical character recognition systems
136153	104010	41112408	Pressure intensifiers
136154	104010	41112409	Pressure scanners
136155	134850	23201202	Air dryers
136156	103941	41111809	Leak testing equipment
136159	104032	41113036	Microplates
136161	104032	41113037	Microplate readers
136162	103833	41103316	Pycnometers
136167	103902	41116400	Instrumentos de medición de la aceleración y la vibración
136179	101791	26111720	Battery holders
136182	116853	41115321	Infrared imagers
136184	116853	41115322	Laser beam analyzers
136199	104150	41113716	Fiber optic fault locators
136200	104150	41113717	Fiber optic test sources
136206	116675	41104018	Solid phase extraction preparations
136207	117052	41122109	Petri pads
136208	117052	41122110	Petri pad dispenser
136209	105177	44121634	Adhesive rollers
136210	100758	14111532	Assorted paper kits
136212	116782	41105109	Rotary vane pumps
136232	117361	43202104	Vertical helix scan VHS videotape storage or accessories
136239	112970	53102708	Nurses uniforms
136240	112970	53102709	Ambulance officers uniforms
136241	100776	14111610	Construction paper
136250	102511	30181511	Toilet bowls
136251	165678	30181603	Toilet seat
136252	165678	30181604	Toilet seat lid
136253	103311	32140000	Dispositivos de tubo electrónico y accesorios
136301	104010	41112410	Pressure transmitters
136303	102511	30181514	Toilet tank covers
136304	102511	30181515	Toilet tanks
136305	107532	25111906	Anchor chocks
136306	107532	25111907	Anchor lines
136309	105555	47121708	Hygienic bags
136314	107558	26101412	Motor repair kit
136319	103902	41116500	Piezas y accesorios de instrumentos
136320	136319	41116501	Meter dials or dial kits
136323	102641	39121721	Electrical insulators
136324	100925	21101708	Mower parts or accessories
136326	100845	20101800	Sistemas mecanizados de soporte en tierra
136332	100845	20101900	Sistemas secundarios de arranque
136336	100845	20102000	Sistemas de prospección y desarrollo
136349	100845	20102200	Maquinaria de carga de explosivos
136353	100845	20102300	Vehículos de servicio de minería subterránea
136354	136353	20102301	Transportes de personal
136355	136353	20102302	Vagones grúa
136356	136353	20102303	Transportes de material de plataforma
136357	136353	20102304	Transportes de material a granel
136358	136353	20102305	Vehículos de servicio
136359	136353	20102306	Vehículos de plataforma elevada o ascensores pantográficos
136360	136353	20102307	Piezas de recambio de vehículo de servicio de minería subterránea o accesorios
136362	103950	41111944	Electrical admittance sensors
136363	103950	41111945	Linear position sensors
136364	103950	41111946	Electrical inductance sensors
136365	102558	41112107	Electro pneumatic transducers
136366	104017	41112510	Sight flow indicators
136367	104017	41112511	Sight flow windows
136368	103833	41103317	Surface tension measuring instruments
136369	104017	41112512	Flow computers or totalizers
136370	104066	41113119	Dissolved carbon dioxide analyzers
136386	101503	25111807	Dinghies
136403	105052	44101805	Calculator ribbons
136406	108860	81112008	Cd rom mastering services
136410	104017	41112513	Orifice plate
136428	103950	41111947	Chart recorder pens
136430	101969	27140000	Herramientas especializadas de automoción
136431	136430	27141000	Body tools
136437	103996	41112219	Thermocouple probes
136441	104010	41112411	Pressure controllers
136442	102558	41112108	Loadcells
136444	104017	41112514	Oil gauges
136447	117023	41121813	Cuvettes
136448	132496	46182402	Safety wash units
136456	105123	44111613	Credit card holders
136475	114356	25174213	Steering cylinder assemblies
136478	105052	44101806	Cash register ribbons
136480	117334	43201609	Storage device trays or assemblies
136501	114450	26112004	Clutch repair kits
136503	117334	43201610	Backplane or panels or assemblies
136507	117394	43211805	Service kits for storage devices
136511	101503	25111808	Yachts
136516	101274	24101633	Tambores de elevación
136518	101666	25174700	Componentes de ciclo no motorizado o accesorios
136530	105076	44102412	Adhesive label cartridges
136531	105177	44121635	Adhesive tape spindles
136533	105131	44122028	Binder mounting channels
136534	107739	44122120	Binder posts
136535	108704	80111704	Permanent marketing staff needs
136536	108704	80111705	Permanent machinist personnel
136542	109000	82121907	Velo binding services
136544	139187	43233501	Software de correo electrónico
136545	101791	26111721	Nickel metal hydride batteries
136553	105196	44121717	Combination pen and highlighter
136556	105886	49221511	Sports equipment bags
136560	133676	45111809	Television mount accessories
136561	112906	44103506	Binding tape
136562	112906	44103507	Binding Kits
136564	105108	44103122	Print bands
136565	117334	43201611	Computer cradles
136569	104899	43212114	Digital image printers
136570	102487	30171513	Kick plates
136574	105091	44102609	Accessory or supply kits for typewriters
136578	105059	44102003	Transfer foils
136579	133672	45111705	Public address systems
136580	100758	14111533	Cuadernillos o formularios para exámenes
136581	133347	14111816	Applicant fingerprint cards
136583	105059	44102004	Creative foils
136584	105123	44111614	Bill strap racks
136585	107063	53103000	Camisetas
136587	107063	53103100	Chalecos
136588	136587	53103101	Mens waistcoats
136589	105406	46171621	Surveillance video or audio recorders
136595	105196	44121718	Secured pen sets
136596	107739	44122121	Wall or board clips
136599	105061	44102107	Stamp affixers
136600	105091	44102610	Typewriter starter kits
136607	102529	95141606	Home kitchen
136608	117334	43201612	Computer faceplates
136611	105118	44111520	Surface protectors or pads
136612	105047	44101709	Mirror assemblies
136613	105047	44101710	Magnetic pickup assemblies
136619	107557	26101764	Cylinder liners
136625	104006	41112304	Moisture meters
136634	105375	46151700	Equipo forense y accesorios y suministros
136636	136634	46151702	Fingerprint applicators or brushes
136637	136634	46151703	Fingerprint ink
136638	136634	46151704	Fingerprint ink removers
136639	136634	46151705	Fingerprint or palmprint ink rollers
136640	136634	46151706	Fingerprint latent print kits
136641	136634	46151707	Fingerprint lifters
136642	136634	46151708	Forensic magnifiers
136643	136634	46151709	Fingerprint marking pens
136644	136634	46151710	Fingerprint powders
136645	136634	46151711	Footprint lifters
136646	136634	46151712	Forensic chemical workstations
136647	136634	46151713	Forensic latent print chemicals
136648	136634	46151714	Evidence drying cabinets
136649	103632	41105500	Kits y componentes de extracción
136650	136649	41105501	Deoxyribonucleic acid DNA cleanup or gel extraction kits
136651	136649	41105502	Kits for deoxyribonucleic acid DNA extraction from food
136653	136649	41105504	Genomic deoxyribonucleic acid DNA purification kits
136655	136649	41105506	Kits for purification of messenger ribonucleic acid mRNA
136657	136649	41105508	Nucleic acids coprecipitants
136658	136649	41105509	Nucleic acids quantitation kits
136659	136649	41105510	Phage deoxyribonucleic acid DNA purification kits
136660	136649	41105511	Kits for plasmids deoxyribonucleic acid DNA extraction from yeast
136661	136649	41105512	Plasmids or cosmids or bacterial artificial chromosomes BAC purification kit
136662	136649	41105513	Labeled nucleic acid purification kits
136663	136649	41105514	Reagents for nucleic acid extraction or precipitation or resuspension
136664	136649	41105515	Ribonucleic acid RNA cleanup or stabilization materials
136665	136649	41105516	Ribonucleic acid RNA gel extraction kits
136666	136649	41105517	Kits for nucleic acid extraction from plant cells or tissue
136667	136649	41105518	Total ribonucleic acid RNA purification kits
136668	136649	41105519	Viral deoxyribonucleic acid DNA purification kits
136669	136649	41105520	Viral ribonucleic acid RNA purification kits
136670	103632	41105600	Productos secuenciadores de ácido desoxirribonucleico (ADN)
136671	136670	41105601	Kits or enzymes for sequencing
136672	103632	41105700	Matrices génicas
136674	103632	41105800	Productos de transcripción y traducción in vitro
136677	136674	41105803	Transcription or translation systems or kits
136678	136674	41105804	Translation labeling accessories
136679	103632	41105900	Bibliotecas y material relacionado
136681	136679	41105902	Complementary deoxyribonucleic acid cDNA libraries
136682	136679	41105903	Complementary deoxyribonucleic acid cDNA synthesis kits
136685	136679	41105906	Protein or peptide display libraries
136686	136679	41105907	Two hybrid libraries or systems
136687	136679	41105908	Viral packaging kits
136688	103632	41106000	Sistemas de etiquetado y detección de ácidos nucleicos
136692	136688	41106004	Nucleic acid non radioactive labeling kits
136693	136688	41106005	Nucleic acid radioactive labeling kits
136695	103632	41106100	Kits de análisis de ácido desoxirribonucleico (ADN)
136696	136695	41106101	Cytogenetics kits
136697	136695	41106102	Differential display or subtraction kits
136698	136695	41106103	Deoxyribonucleic acid DNA typing kits
136699	136695	41106104	Nuclease protection assays
136700	103632	41106200	Entornos
136703	136700	41106203	Bacteria transformation kits
136704	136700	41106204	Bottled agar media or stabs for bacteria
136710	136700	41106210	Media or supplements for schizosaccharomyces pombe
136711	136700	41106211	Media ingredients or additives schizosaccharomyces pombe
136712	136700	41106212	Media ingredients or additives for bacteria
136713	136700	41106213	Premixed media dry
136714	136700	41106214	Reagents for preparing competent bacteria
136715	136700	41106215	Reagents for preparing competent yeast
136716	136700	41106216	Rich media for yeast
136717	136700	41106217	Specialty plates for bacteria
136718	136700	41106218	Specialty premixed media dry
136719	136700	41106219	Synthetic complete supplement mixtures for yeast
136720	136700	41106220	Synthetic media for yeast
136721	136700	41106221	Yeast competent cells
136722	136700	41106222	Yeast transformation kits
136723	136700	41106223	Yeast nitrogen bases YNB or yeast nitrogen base YNB variants
136724	103632	41106300	Productos de reacción en cadena de la polimerasa (PCR) y reacción en cadena de transcriptasa inversa de la polimerasa (RT PCR)
136726	136724	41106302	Gene specific polymerase chain reaction PCR kits
136727	136724	41106303	Kits for polymerase chain reaction PCR purification
136730	136724	41106306	Polymerase chain reaction PCR buffers
136731	136724	41106307	Polymerase chain reaction PCR optimizing products
136732	136724	41106308	Polymerase chain reaction PCR or reverse transcriptase polymerase chain reaction RT PCR primers
136733	136724	41106309	Premade complementary deoxyribonucleic acid cDNA
136735	136724	41106311	Purified ribonucleic acids RNA
136737	136724	41106313	Reverse transcriptase polymerase chain reaction RT PCR kits
136738	136724	41106314	Thermostable deoxyribonucleic acid DNA polymerases or kits
136739	103632	41106400	Iniciadores
136740	136739	41106401	Adaptors or linkers
136741	136739	41106402	Miscellaneous primers
136742	136739	41106403	Sequencing primers
136743	103632	41106500	Productos de expresión proteínica
136744	136743	41106501	Bacterial expression kits
136745	136743	41106502	Eucariotic transfection reagents
136748	136743	41106505	Insect expression kits
136749	136743	41106506	Insect media
136750	136743	41106507	Insect medium supplements or reagents
136751	136743	41106508	Mammalian cell expression kits
136752	136743	41106509	Mammalian cells
136753	136743	41106510	Kits for protein extraction from mammalian cells or tissues
136754	136743	41106511	Kits for protein extraction from bacteria
136755	136743	41106512	Kits for protein extraction from yeast
136756	136743	41106513	Reporter gene assay
136757	136743	41106514	Stable mammalian cell lines
136758	136743	41106515	Yeast expression kits
136759	103632	41106600	Vectores
136760	136759	41106601	Chromosome targeting vectors
136763	136759	41106604	Display vector maps or sequences
136764	136759	41106605	Enzyme reporter vector maps or sequences
136765	136759	41106606	Expression complementary deoxyribonucleic acid cDNA vectors
136766	136759	41106607	Fluorescent protein vector maps or sequences
136767	136759	41106608	Fusion vectors
136768	136759	41106609	Gene targeting vectors
136769	136759	41106610	General cloning vectors
136770	136759	41106611	Hybrid system vectors or kits
136771	136759	41106612	Insect expression vectors
136774	136759	41106615	Polymerase chain reaction PCR cloning vectors or kits
136775	136759	41106616	Phage or viral deoxyribonucleic acids DNA
136776	136759	41106617	Plasmid mutagenesis vectors or kits
136778	136759	41106619	Sequencing vectors
136779	136759	41106620	Signal transduction reporter vector maps or sequences
136780	136759	41106621	Virus mediated expression vectors or kits
136781	136759	41106622	Yeast expression vectors
136782	116793	41105307	Instrumentation for capillary electrophoresis
136783	116793	41105308	Capillaries or cartridges
136784	116793	41105309	Kits or reagents for capillary electrophoresis
136785	116793	41105310	Blotting or transfer accessories
136786	116793	41105311	Blotting or transfer apparatus
136787	116793	41105312	Combs or plates or spacers or trays
136788	116793	41105313	Cassettes or related detection accessories
136789	116793	41105314	Gel documentation systems
136790	116793	41105315	Gel documentation accessories
136791	116793	41105316	Ultraviolet crosslinkers
136792	116793	41105317	Agarose gel making reagents
136794	116793	41105319	Polyacrylamide gel making reagents
136795	116793	41105320	Polyacrylamide premade gels
136796	116793	41105321	Nucleic acid gels stain
136797	116793	41105322	Polyacrylamide gels stain
136798	116793	41105323	Electrophoresis premade buffers or solutions
136800	116793	41105325	Microwells plates for deoxyribonucleic acid DNA or deoxyribonucleic acid DNA hybridization
136801	116793	41105326	Hybridization reagents or buffers
136802	116793	41105327	Conjugated nucleotides or oligomers
136803	116793	41105328	Premade northern or southern or western blots
136804	116793	41105329	Blocking agents
136805	116793	41105330	Control proteins or cell lysates or tissue lysates
136806	116793	41105331	Protein chemifluorescent detection reagents or kits or substrates
136807	116793	41105332	Protein chemiluminescent detection reagents or kits or substrates
136808	116793	41105333	Protein chromogenic detection reagents or kits or substrates
136809	116793	41105334	Deoxyribonucleic acid DNA quantitation markers
136810	116793	41105335	Deoxyribonucleic acid DNA size markers or standards
136811	116793	41105336	Isoelectric focusing IEF markers
136812	116793	41105337	Protein electrophoresis markers
136813	116793	41105338	Ribonucleic acid RNA markers or standards
136816	181896	51283112	Gramicidina
136818	181851	51282956	Ofloxacina
136819	182100	51284303	Tianfenicol
136820	182920	51343702	Moroxidina
136822	181808	51282302	Claritromicina
136823	200977	51286801	Clorquinaldol
136825	143977	51241237	Peróxido de benzoil
136828	181785	51282005	Tirotricina
136829	106370	51101604	Antimoniato de meglumina
136831	181936	51283603	Rifapentina
136832	106370	51101607	Óxido de calcio
136835	182403	51302701	Clorocresol
136836	182109	51284605	Meropenem
136837	106370	51101612	Polinoxilina
136838	106370	51101613	Isetionato de pentamidina
136839	106370	51101614	Furoato de diloxanida
136841	106370	51101616	Melarsoprol
136842	181844	51282801	Tinidazol
136843	106370	51101618	Taurolidina
136844	184070	51451907	Niclosamida
136845	184084	51453001	Piperazina
136846	184076	51452402	Citrato de dietilcarbamazina
136848	182407	51302901	Ciclopirox
136850	200151	51162713	Guayacol
136851	106409	51281503	Tiacetazona
136852	106409	51281504	Pirazinamida
136853	106870	51172332	Ácido acetohidroxámico
136855	143957	51241128	Hipromelosa
136856	200151	51162728	Naphazoline
136857	184238	51473001	Cloruro de benzalkonio
136860	106370	51101630	Isetionato de propamidina
136862	106358	51470000	Antisépticos
136863	182010	51285502	Clofoctol
136864	184269	51473504	Agua destilada para irrigación
136869	184074	51452202	Benzoato de bencilo
136870	184075	51452302	Butóxido de piperonilo
136871	184077	51452502	Lindane
136873	106482	51111739	Etoposide
136876	181765	51281803	Epirubicin
136879	106491	51111815	Triptorelin
136885	199900	51123906	Propafenone
136894	183952	51432803	Enalapril
136907	181549	51263002	Prazosin
136910	182564	51321604	Polidocanol
136912	182571	51321808	Fenofibrate
136913	183991	51433903	Nifedipine
136917	106358	51410000	Vasodilators
136923	143650	51132001	Pentoxifylline
136929	106545	51131506	Erythropoietin
136932	106554	51131705	Dipyridamole
136933	106544	51131800	Coagulants and systemic hemostatic agents
136934	136933	51131801	Fibrinogen
136937	106560	51141509	Vigabatrin
136941	106560	51141513	Carbamazepine
136953	182697	51332812	Fluphenazine
136961	183605	51401501	Bromazepam
136968	183281	51383304	Diclofenac
136972	183211	51381502	Etofenamate
136975	183400	51385805	Piroxicam
136985	200062	51144601	Caffeine or trimethylxanthine
136994	183449	51391717	Ephedrine
136997	182514	51313301	Promethazine
137002	182496	51313101	Cetirizine
137009	200136	51162626	Dextromethorphan
137012	200151	51162704	Bromhexine
137018	106707	51171510	Magnesium trisilicate
137020	106712	51171610	Senna glycosides or sennosides
137022	106724	51171807	Cinnarizine
137023	106724	51171808	Difenidol or diphenidol
137028	106730	51171910	Pancreatin
137038	200311	51184007	Gliclazide
137049	183833	51422101	Prednisone
137054	183858	51422408	Deflazacort
137055	183841	51422206	Fluocinolone acetonide
137058	180868	51352422	Desogestrel and ethinyl estradiol
137065	182923	51351514	Progesterone
137080	106838	51201627	Haemophilus B vaccine
137081	106832	51201800	Immunostimulating agents
137088	178662	50501500	Vitamin supplements
137098	181686	51272406	Isoflurane
137120	106559	51143200	Anti abuse drugs
137124	104109	41113645	Earth leakage devices
137129	108704	80111706	Permanent clerical or administrative assistance
137130	108704	80111707	Permanent technical staffing needs
137131	108704	80111708	Permanent financial staffing needs
137132	108704	80111709	Permanent medical staff needs
137133	108704	80111710	Permanent legal staffing needs
137134	108704	80111711	Permanent information technology software developers
137135	108704	80111712	Permanent information technology networking specialists
137136	108704	80111713	Permanent information technology systems or database administrators
137137	108704	80111714	Permanent drivers
137138	108704	80111715	Permanent professional staff
137140	135538	23221100	Killing and defeathering department machinery and equipment
137142	103833	41103318	Nuclear densitometer
137143	182456	51312304	Diphenhydramine
137170	105376	46151506	Porras antidisturbios
137189	105047	44101711	Compressor assembly
137206	106264	50193100	Materiales y mezclas instantáneas
137210	108663	78141703	Marine navigational or communication services
137211	105047	44101712	Mailbox stackers
137212	111014	43221526	Telephone entry systems
137213	137120	51143202	Nicotine
137219	106549	51131607	Enoxaparin
137220	106895	56101535	Furniture carts
137221	200311	51184004	Glibenclamide or glyburide
137223	182546	51313802	Fexofenadine hydrochloride
137224	183946	51432705	Ramipril
137227	107049	52161542	Pantallas de plasma
137231	106707	51171511	Algeldrate or aluminium hydroxide
137233	117361	43202105	Multiple media cabinets
137234	106404	51101908	Artemeter
137239	106645	51151617	Biperiden
137241	184031	51434502	Valsartan
137243	106544	51131900	Blood plasma substitutes and extenders and expanders
137244	137243	51131901	Poligeline or polygeline
137246	200363	51202501	Leflunomide
137247	106730	51171911	Sucralfate
137250	182369	51302309	Isoconazol
137257	105104	44103005	Fuser lamps or assemblies
137258	105123	44111615	Deposit bags
137259	105047	44101713	Copy counters
137260	105047	44101714	Facsimile units for office machines
137261	105047	44101715	Platen covers
137262	105047	44101716	Hole punching units
137268	200289	51183505	Metformin
137271	181731	51283800	Estreptograminas
137272	181844	51282804	Secnidazol
137273	181841	51282701	Teicoplanina
137276	181936	51283602	Rifamicina
137281	100776	14111611	Invitation or announcement cards
137284	109000	82121908	Case making services
137286	106832	51201900	Multiple sclerosis MS agents
137287	137286	51201901	Glatiramer acetate
137294	116889	41115829	Meat or dairy product analyzers
137295	104081	41113323	Sugar analyzers
137298	105088	44102503	Coin wrapper machines
137299	105069	44102307	Collators
137301	135640	47121903	Pressure or steam cleaner accessories
137304	105123	44111616	Check separators
137305	101020	23230000	Equipo y maquinaria de procesamiento de madera y aserrado
137306	137305	23231000	Log debarkers and accessories
137307	137306	23231001	Tool holder
137343	110574	12352100	Derivados orgánicos y compuestos sustituidos
137384	110574	12352400	Mezclas
137388	110454	12164500	Aditivos de alimentos y fármacos
139146	104021	41112704	Analizadores de alimentación
139148	108860	81112009	Content or data classification services
139160	101617	25191514	Aircraft towbar
139167	117411	43221600	Componentes y equipo de acceso de abonado de línea digital (DSL) y accesorios
139168	139167	43221601	Digital subscriber loop DSL captive office plain old telephone system POTS splitter
139169	139167	43221602	Digital subscriber loop DSL captive office splitter shelf
139170	139167	43221603	Digital subscriber loop DSL customer premise equipment CPE plain old telephone system POTS splitter
139176	108704	80111716	Permanent information technology staffing needs
139178	100637	12131708	Caja de fulminante
139179	116675	41104020	Calcine element flow tray
139180	133676	45111810	Visual presenters
139181	116889	41115830	Glucose analyzers
139185	112970	53102710	Corporate uniforms
139187	104943	43233500	Software de intercambio de información
139188	105154	44111911	Interactive whiteboards or accessories
139189	109169	84131507	Business interruption insurance
139190	109169	84131508	Cash in transit insurance
139191	109169	84131509	Comprehensive projects insurance
139192	109169	84131510	Seguro a todo riesgo de contratistas
139193	109169	84131511	Seguro de deterioro de valores
139194	109169	84131512	Electronic equipment insurance
139195	109169	84131513	Erection all risks insurance
139196	109169	84131514	Fidelity guarantee insurance
139197	109169	84131515	Jewelers block insurance
139198	109169	84131516	Professional indemnity insurance
139199	109169	84131517	Seguro de viaje
141910	100776	14111613	Banner paper
141911	105047	44101718	Infrared adapters
141919	105047	44101719	Copy or scan accessories
141920	105041	44101504	Digital senders
141921	105047	44101720	Language fonts
141923	105047	44101721	Media spindles
141924	105047	44101722	Multi bin mailbox power upgrades
141925	105047	44101723	Multi bin mailboxes
141926	105047	44101724	Multi function upgrades
141927	105047	44101725	Printer cabinets
141928	105047	44101726	Printer emulation upgrades
141929	105047	44101727	Printer stands
141930	105047	44101728	Roll feeds
141931	105067	44102202	Scanner document feeders
141932	105067	44102203	Scanner transparency adapters
141943	107753	46191608	Fire suppression system
141945	105047	44101729	Output stackers
141947	105041	44101505	Digital duplicators
141951	132665	78181703	Vehicle parking service
141954	108712	80121611	Healthcare claim law services
141956	108748	80141510	Market research telephone surveys
141957	108748	80141511	Market research paper surveys
141958	108748	80141512	Market research on location surveys
141959	108748	80141513	Market research one on one interviews
141960	105376	46151507	Sistemas de control de formación de colas
141963	111079	56111514	Modular counter office packages
141967	108688	80111507	Outplacement services
141971	108748	80141514	Market research mail surveys
141972	107751	46191505	Sistemas de alarma de incendio
141973	109061	83101808	Power quality monitoring
141975	108799	81101703	Engineering testing services
141976	108783	81101513	Gestión de construcción de edificios
141977	108647	78131603	Furniture storage
141978	108781	80161602	Servicios de inventariado o recepción
141979	107193	53131637	Nursing pads
141982	114820	42131706	Surgical jumpsuits and coveralls
141985	114853	42141504	Medicated applicators or absorbents
141987	115498	42192406	Urinal carrying carts
141989	108860	81112010	Data conversion service
141990	109072	83111511	Frame relay telecommunications service
141991	116550	42312109	Ostomy bag rings
141992	116550	42312110	Ostomy starter kits
141993	116550	42312111	Ostomy bag covers
141994	116550	42312112	Ostomy belts
141995	116550	42312113	Ostomy bag plugs
142012	105041	44101506	Faxswitch machines
142016	143006	43223102	2G GSM wireless access network equipment and components
142028	116485	42311531	Dressing covers for general use
142032	115615	42203406	Removal devices of diagnostic or interventional vascular catheters
142033	107134	53112100	Chanclos
142034	115453	42191811	Infant positioning cradles
142050	101842	26121629	Power cable
142051	101842	26121630	Cable accessories
142053	164080	11122002	Particleboard
142059	117394	43211804	Keyboard drawers or shelves
142070	104025	41112803	Tachometer disks
142073	104870	43211715	Portable data input terminals
142074	101791	26111722	Battery adapter or accessories
142075	101791	26111723	Battery cabinets or covers or doors
142076	101791	26111724	Tool kits for batteries
142078	104856	43201545	Fax boards
142079	104856	43201546	Audio conferencing boards
142080	104856	43201547	Voice boards
142083	117280	43191619	Telephone signaling devices
142088	100043	10122100	Miscellaneous animal food
142096	100085	10151525	Semillas o plántulas de brécol
142097	100085	10151526	Semillas o plántulas de repollo
142098	184323	10152401	Semillas o plántulas de patata
142099	184323	10152403	Semillas o plántulas de boniato
142100	100085	10151529	Semillas o plántulas de calabaza
142101	184323	10152405	Semillas o plántulas de rábano
142102	100085	10151531	Semillas o plántulas de col de Bruselas
142103	100085	10151532	Semillas o plántulas de calabaza dulce
142104	100085	10151533	Semillas o plántulas de okra
142105	100085	10151534	Semillas o plántulas de melón cantalupo
142106	100085	10151535	Semillas o plántulas de cacahuete
142112	100180	10191507	Repelentes para pájaros
142113	100188	10191704	Matamoscas
142114	100180	10191508	Corazas antitermitas
142115	100188	10191705	Lazos
142116	100188	10191706	Cepos
142121	100256	11111611	Gravel
142125	100401	11162122	Tejidos remallados
142126	100401	11162123	Tejidos de cinta
142127	100401	11162124	Tejidos de fieltro
142128	100401	11162125	Tejidos entramados
142129	100401	11162126	Tela acolchada
142130	100401	11162127	Tela de camuflaje
142131	100401	11162128	Tela de paracaídas
142132	100401	11162129	Tela marquisette
142133	100401	11162130	Dosel
142134	100401	11162131	Tejidos de cerquillo
142137	100758	14111534	Papeles manuscritos o de pentagrama
142138	100758	14111535	Papeles de telegrama
142139	100758	14111536	Library book or borrowers cards
142140	100758	14111537	Papel de etiquetas
142141	100776	14111614	Album papers or tissues
142142	100776	14111615	Poster papers
142143	100754	14121505	Fiberboards
142144	107492	14121811	Sensitized copying papers
142145	107497	14121905	Tympan papers
142146	100752	14122200	Papeles especializados de uso industrial
142147	142146	14122201	Seed germinating papers
142171	106894	56101900	Piezas de mobiliario y accesorios
142181	106895	56101539	Bedframes or parts or accessories
142187	117280	43191621	Handset adapters
142190	142994	43202202	Telephone ring generators
142193	107679	43222825	Telephone modification kits
142194	142994	43202205	Keycaps or keytops or keys
142195	107679	43222818	Telephone distributing terminal frame
142196	107679	43222814	Telecommunication equipment installation or modification kits
142197	107679	43222815	Telecommunication terminal units
142198	107679	43222816	Telephony keyers
142199	107679	43222817	Telecommunication repeaters
142200	107679	43222813	Telephone switchboard part kits
142201	107679	43222824	Aerial cable rollers
142208	117280	43191628	Pay phone microphone windscreens
142209	117280	43191622	Pager modules or accessories
142226	101324	24111509	Water bags
142228	158498	50221301	Vegetable flour
142231	107258	55101527	Cancioneros
142232	107258	55101528	Libros religiosos
142236	144484	55121907	Title boards
142241	132610	55121806	Personnel identification band kits or accessories
142242	132610	55121807	Identification product holders or accessories
142243	104774	42121700	Mobiliario clínico veterinario
142246	104775	42121506	Veterinary surgical instrument and supply sets
142247	104775	42121507	Veterinary injection or suction units or accessories
142260	115859	42241709	Post operative shoes
142263	114800	42131510	Patient trousers
142268	114852	42143100	Equipo y suministros de obstetricia y ginecología
142269	142268	42143101	Intrauterine catheters or catheterization kits
142270	142268	42143102	Uterine devices
142271	142268	42143103	Dispositivos anticonceptivos intrauterinos o accesorios
142272	142268	42143104	Amniocentesis kits
142273	142268	42143105	Obstetrical extraction units
142274	142268	42143106	Gynecology drainage kits
142275	114852	42143200	Equipo y suministros de tratamiento de la fertilidad y la esterilidad
142276	142275	42143201	Semen preparation kits
142277	114852	42144500	Impotence and sexual disorder devices and supplies
142278	114852	42143300	Equipo y suministros de quimioterapia
142279	142278	42143301	Chemotherapy administration sets or kits
142280	114852	42143400	Equipo y suministros de control de hiperhídrosis
142282	114852	42143500	Productos y accesorios de otorrinolaringología
142298	104282	42141808	Diathermy electrodes
142299	104282	42141809	Muscle stimulator lead sets
142300	114878	42141905	Enema soaps
142301	114891	42142114	Therapeutic hot or cold therapy pants
142304	116244	42293523	Medical or surgical suction sets or kits
142305	116244	42293524	Cases for medical suction cannulae
142307	114918	42142518	Biopsy aspirator products 
142308	114918	42142519	Needle guides
142309	114918	42142520	Dispensing pins or needles
142310	114918	42142521	Blood collection needles
142313	114918	42142525	Irrigation needles
142315	114918	42142527	Needle cleaning wires
142316	114918	42142528	Sternum puncture needles or sets
142317	114918	42142529	Needle trays or holders
142318	114918	42142530	Diagnostic procedure needles
142319	114935	42142612	Irrigation syringe sets
142320	114935	42142613	Injection guns
142321	114935	42142614	Hypodermic injection apparatus
142322	114935	42142615	Syringe accessories
142323	114935	42142616	Blood collection syringes
142324	114935	42142617	Fountain syringes
142325	114935	42142618	Blood gas analysis syringe kits
142326	114947	42142707	Urinary irrigation tubings
142327	114947	42142708	Urological instrument adapters
142328	114947	42142709	Nephrostomy sets
142329	114947	42142710	Urinary drainage tubes
142330	116249	42293605	Surgical sound sets
142331	114947	42142712	Stone remover sets
142332	114947	42142713	Urological sheaths or sets
142333	114947	42142714	Urological percolators
142334	114947	42142715	Urinary catheterization kits
142404	115088	42152446	Dental cavities lining or thinner materials or sets
142423	115088	42152465	Dental lubricants
142424	115132	42152511	Dental dishes
142425	115132	42152512	Dental tongs
142426	115132	42152513	Dental measuring cups
142445	115171	42161510	Peritoneal lavage kits
142446	115181	42161633	Hemodialysis apparatus dialyzer membranes
142447	115181	42161634	Hemodialysis procedure trays
142448	115181	42161635	Hemodialysis apparatus cartridges
142450	115498	42192422	Immobilization set carrying or storage cases
142451	115498	42192420	First aid kit cases or bags
142452	115498	42192421	Gas casualty treatment set cases
142453	115498	42192418	Evacuation bags or liners
142454	115498	42192415	Clothing cases
142457	115271	42172014	Mobile medical services patient transport kits or supplies
142458	115271	42172015	Mobile medical services dental treatment kits
142459	115271	42172016	Mobile medical services fracture kits
142460	115271	42172017	Mobile medical services field medical or laboratory medical equipment kits or related products
142461	115283	42172103	Mobile resuscitator or aspirator kits
142463	115288	42183200	Equipo y suministros de alergología
142464	142463	42183201	Allergy detecting or testing instruments
142465	142282	42143516	Accesorios de unidades de examen de otorrinolaringología y productos relacionados
142469	115289	42181506	Kits de determinación de agresión sexual
142477	115289	42181514	Hemoglobin photometers
142478	104489	42181608	Blood pressure measuring instruments accessories
142479	104489	42181609	Blood pressure monitor dome kits
142480	104489	42181610	Blood pressure cuff kits
142487	115315	42181804	Pulse oximeter probe or sensor accessories
142488	142268	42143116	Intrauterine pressure monitoring catheters
142489	115319	42181907	Basal metabolism apparatus
142490	115319	42181908	Intracompartmental pressure monitoring sets
142492	142268	42143118	Transcervical intrauterine kits
142494	115325	42182015	Otoscope speculums
142496	115325	42182017	Ear specula sets
142497	203282	42296305	Bronchoscopes
142500	104280	42182107	Stethoscope headsets
142502	104276	42182209	Thermometer probes
142503	115355	42182304	Psychological examination medical equipment sets
142504	104317	42201853	Myelographic procedure sets
142505	115355	42182306	Neurological discriminators
142506	115355	42182307	Neurological pins
142507	115355	42182308	Electroencephalograph EEGs
142510	115355	42182311	Neurologic sensors
142511	115289	42181541	Electromyograph electrodes or sets
142512	115355	42182313	Neurological diagnostic sets
142520	115389	42182808	Covers or liners for weighing scales
142535	115402	42183037	Chart projectors
142546	115426	42192600	Dispositivos de dosificación y medición de medicamentos y suministros
142547	142546	42192601	Suppository molds
142548	142546	42192602	Medication or pill dispensers
142549	142546	42192603	Medicine feeding cups or bottles
142550	142546	42192604	Drug delivery systems
142555	115427	42191502	Medicine trays or covers
142556	115225	42171503	Patient holding or evacuation system heater units
142558	115453	42191812	Infant incubator supply kits
142559	115453	42191813	Patient care cot covers
142560	115464	42191907	Medical or surgical instrument storage cabinets or chests
142561	115482	42192211	Patient shifting boards
142562	115482	42192212	Patient transfer mats or sheets
142563	115493	42192305	Infant slings
142565	115531	42201718	Medical ultrasound ophthalmic scanners
142567	104317	42201818	Combination step wedges and spin tops for radiographic units
142568	104317	42201819	Medical x ray film hangers
142569	104317	42201820	Medical radiographic equipment grids
142570	104317	42201821	Radiographic film cassette holders
142571	104317	42201822	Medical x ray equipment cases or covers  in a medical setting
142572	104317	42201823	Medical x ray tube and transfomer units
142573	104317	42201824	Medical arthrography sets
142574	104317	42201825	Medical x ray apparatus tube inserts
142575	104317	42201826	Medical x ray apparatus repair kits
142576	104317	42201827	Medical x ray darkroom tent repair kits
142577	104317	42201828	Medical x ray apparatus filters
142578	104317	42201829	Radiographic locators
142579	104317	42201830	Medical x ray intensifying screens
142580	104317	42201831	Medical x ray films or cassettes masks
142581	104317	42201832	Radiographic film or cassette covers
142582	104317	42201833	Radiographic film or cassette changers
142583	104317	42201834	Medical radiographic x ray apparatus rectifier assemblies
142584	104317	42201835	Medical x ray apparatus tube unit assemblies
142585	104317	42201836	Medical x ray apparatus compression band assemblies
142586	104317	42201837	Medical x ray water coolers
142587	104317	42201838	Medical enteroclysis catheters or catheters kits
142588	115566	42201904	Medical x ray film illuminator windows or screens
142589	115566	42201905	Medical x ray film transfer cases
142590	115566	42201906	Medical x ray film illuminator clips
142591	115566	42201907	Medical x ray film stereoscopes
142592	115566	42201908	Medical fluoroscopic screen hoods
142596	115615	42203407	Angiography contrast medium delivery sets
142597	115615	42203408	Cardiovascular sheath kits
142598	115615	42203409	Angioscopic valvulotomes
142599	115615	42203410	Cardiovascular catheter sheathes
142600	115498	42192429	Catheter carts
142601	115632	42203706	Medical x ray film processing chemical kits
142602	115632	42203707	Medical x ray darkroom accessories
142603	115632	42203708	Medical x ray film processing fixers
142604	115632	42203709	Combination displays and printers for x ray system calibrator sets
142605	115632	42203710	Medical x ray film markers
142606	115681	42211712	Cases for hearing aids
142608	115759	42221508	Intravenous or arterial catheter skin care kits or sets
142609	115759	42221509	Intravenous or arterial catheter trays
142612	115759	42221512	Intravenous catheters
142613	115615	42203447	Cardiovascular catheterization kits or sets
142614	115767	42221616	Intravenous or arterial tubing extension sets
142615	115767	42221617	Needle resheathers
142616	115783	42221705	Analgesia infusion vial assemblies
142617	115783	42221706	Intravenous or arterial infusion transfer bags or container spouts
142618	115783	42221707	Analgesic infusion sets or kits
142619	115792	42221903	Ultrasonic blood flow detectors
142620	115795	42222005	Intravenous pump parts or accessories
142621	115795	42222006	Intravenous infusion pump analyzers or sensors
142622	115795	42222007	Intravenous infusion pump transducers
142623	115795	42222008	Infusion pump kits
142624	116304	42294611	Autotransfusion waste collection systems
142625	115808	42222307	Blood warming or transfusion systems
142628	115814	42231900	Equipo y suministros de lactancia materna
142629	142628	42231901	Breast pumps
142630	142628	42231902	Breast shells or shields
142631	142628	42231903	Breast pump kits
142632	115814	42232000	Trituradores de pastillas
142637	115815	42231510	Enteral feeding infusion pump tubing sets
142639	114891	42142119	Hypothermia apparatus
142650	115842	42241511	Traction splint sets
142651	115842	42241512	Cast or splint bonding materials
142652	115842	42241513	Carrier and storage cases for splints or precut splints or splint systems
142653	115842	42241514	Instrument rolls for splint sets
142654	115255	42171922	Cases for splints
142655	115853	42241606	Cast impression trays
142657	115859	42241708	Femoral fracture pillows
142661	115894	42251506	Therapeutic decorating boxes
142673	115912	42251704	Gait bars for rehabilitation or therapy
142674	104365	42262100	Equipo y suministros funerarios
142680	115498	42192431	Cases for postmortem surgical instruments
142681	115923	42261516	Instrument rolls for postmortem surgical instruments
142687	115980	42272500	Aparatos de anestesia
142688	142687	42272501	Gas anesthesia apparatus or machines
142689	142687	42272502	Absorber units for gas anesthesia apparatus or machines
142690	142687	42272503	Anesthesia inhalers or inhaler units
142692	142687	42272505	Gas anesthesia apparatus tubes or tubing assemblies or tube fittings
142693	142687	42272506	Anesthesia apparatus screen filters
142694	115981	42271505	Respiratory monitoring kits
142700	104334	42271716	Cases for nasal insufflators
142701	104334	42271717	Inhalators or sets
142702	104334	42271718	Oxygen therapy delivery system products
142703	104334	42271719	Oxygen insufflators
142704	104334	42271720	Liquid oxygen converters
142705	104334	42271721	Oxygen concentrator filters
142706	116017	42271803	Transfer sets for respiratory therapy
142715	116030	42272017	Intubator components
142716	116048	42272223	Breathing apparatus accessories or supplies
142717	116048	42272224	Ventilator circuit kits
142722	166785	42144101	Pleural cavity drainage units or containers
142728	116080	42281519	Needle sterilizers
142730	116080	42281521	Sterilization sets
142737	116112	42281808	Sterilization papers or sheets
142738	116112	42281809	Sterilization record storage envelopes
142739	116120	42281914	Sterilization disposable containers
142744	116424	42295435	Ear protectors or shields
142756	116209	42292907	Skin stretching systems
142757	116214	42293006	Surgical measuring tapes
142802	203282	42296335	Resectoscopes
142803	203282	42296323	Laparoscopes or laparoscopic telescopes
142804	203282	42296311	Cystoscopes or cystourethroscopes
142805	116333	42294959	Endoscopic sphincterotomes
142806	203282	42296318	Esophagoscopes or oesophagoscopes
142807	116333	42294938	Sealing caps for endoscopes
142808	116333	42294939	Endoscopic valves
142809	203315	42296411	Endoscopic converters
142810	116333	42294941	Endoscopic biliary drainage sets
142811	116333	42294942	Endoscopic instrument seals
142812	116333	42294943	Endoscopic valve units
142813	116333	42294944	Endoscopic accessory kits
142815	116333	42294946	Endoscopic gages
142816	203315	42296412	Endoscopic diaphragms
142817	116333	42294948	Endoscopic mouthpieces
142818	116333	42294949	Endoscopic guidewire handles
142819	116333	42294950	Endoscopic drills or drill bits
142820	116333	42294951	Endoscopic small joint instrument sets
142821	116333	42294952	Endoscopic retrievers or sets
142822	116333	42294953	Endoscopic extractors
142823	116333	42294954	Endoscopic tissue or specimen removing devices
142824	116333	42294955	Endoscopic hooks
142825	116333	42294956	Endoscopic guidewire tracers
142826	116371	42295013	Endoscope tip protector or covers
142827	116371	42295014	Endoscopic instrument cases
142828	116371	42295015	Endoscopic lenses
142839	116384	42295137	Gastroenterology equipment or supplies
142847	116535	42312014	Anastomosis rings
142851	116424	42295440	Endoscopic catheter adapters
142852	203342	42296818	Surgical retriever sets
142857	116424	42295446	Internal organ retainers
142859	116424	42295448	Surgical splash guards
142860	115442	42191711	Surgical compressed air tanks
142862	116424	42295451	Surgical preparation mitts
142863	116424	42295452	Skin preparation cups
142864	116424	42295453	Surgical drains or drain sets
142865	116424	42295454	Surgical hand protectors
142866	203340	42296701	Cranial repair resin kits
142867	116424	42295456	Surgical felt or fabric or patch or pledget
142869	116424	42295458	Drying or powdering equipment for surgical gloves
142874	116568	42312311	Wound disinfectant kits
142875	116485	42311537	Bandage scissors or its supplies
142877	116550	42312115	Ostomy irrigation sleeves
142878	116568	42312309	Wound irrigation systems
142879	116568	42312310	Wound cleansing bottles
142883	134338	60106108	Materiales de enseñanza de seguridad o peligro
142891	134931	60106302	Forensic science teaching aids or materials
142900	134506	60121606	Background screens
142916	105729	60131307	Mandolins
142917	105729	60131308	Violoncellos
142920	105743	60131509	Mouthpieces
142923	105743	60131512	Tuning bars
142927	100989	22101900	Maquinaria y accesorios de construcción de edificios
142928	142927	22101901	Concrete mixers or plants
142935	100989	22102000	Equipo y maquinaria de demolición de edificios
142937	100990	22101533	Destroncadoras
142938	100990	22101534	Excavadoras de campaña
142966	133347	14111817	Deposit verification form
142971	104109	41113646	Temperature calibrator or simulator
142977	107408	85122200	Servicios de evaluación y revisiones de salud individuales
142978	142977	85122201	Individual health assessment
142983	100776	14111616	Lining papers
142984	106838	51201628	Measles and mumps and rubella virus vaccine
142985	106838	51201629	Diphtheria and tetanus toxoids absorbed
142987	106838	51201631	Diptheria and tetanus toxoids and acellular pertussis vaccine
142988	106838	51201632	Diptheria and tetanus and wholecell pertussis vaccine
142989	106838	51201633	Haemophilus influenzae b with diptheria and tetanus and acellular pertussis
142990	106838	51201634	Haemophilus influenzae B with diptheria and tetanus and wholecell pertussis conjugated vaccine
142991	104109	41113647	Frequency calibrator or simulator
142992	127939	43201410	Switch ports or cards
142993	104856	43201549	Interface bus switches
142994	107731	43202200	Subconjuntos para dispositivos electrónicos
142995	104844	43211508	Ordenadores personales (PC)
142996	104844	43211509	Ordenadores portátiles tipo tableta
142997	104895	43211904	Plasma display panels PDP
142998	104895	43211905	Organic light emitting displays
142999	111014	43221524	Music on hold adapter
143000	117442	43221708	Microwave access equipment
143001	117442	43221710	Equipo básico de satélite
143002	117442	43221714	Shortwave access equipment
143003	117442	43221715	Shortwave antennas
143004	117442	43221716	Pager core equipment
143005	117442	43221717	Pager access equipment
143006	117411	43223100	Componentes y equipo de infraestructura de redes móviles y digitales
143007	143006	43223101	2G GSM mobile core network equipment and components
143008	143006	43223103	2,5G GPRS mobile core network equipment and components
143009	143006	43223104	2,5G GPRS wireless access network equipment and components
143010	143006	43223105	3G UMTS mobile core network equipment and components
143011	143006	43223106	3G UMTS wireless access network equipment and components
143012	143006	43223107	WLAN mobile core network equipment and components
143013	143006	43223108	WLAN wireless access network equipment and components
143014	143006	43223109	IN SSP switching equipment
143015	143006	43223110	IN mobile core equipment
143016	143006	43223111	OSS mobile core network equipment and components
143017	143006	43223112	OSS wireless access network equipment and components
143018	143006	43223113	GSM UMT LAN antenna
143019	117411	43223200	Plataformas de mensajería por móvil
143020	143019	43223201	Voice messaging portal
143021	143019	43223202	Short message service center
143022	143019	43223203	Multimedia service center
143023	143019	43223204	Unified messaging platform
143024	143019	43223205	Instant messaging platform
143025	143019	43223206	Wireless internet gateway
143026	143019	43223207	Video streaming system
143027	143019	43223208	Mobile or messaging game platform
143028	143019	43223209	Location based messaging service platforms
143029	143019	43223210	Micropayment messaging systems
143030	104970	43232504	Route navigation software
143031	139187	43233503	Software de conferencias en red
143032	139187	43233504	Software de mensajería instantánea
143033	139187	43233505	Ambient music or advertising messaging software
143034	139187	43233507	Mobile operator specific standard software
143035	139187	43233508	Mobile operator specific application software
143036	139187	43233509	Mobile messaging service software
143037	139187	43233510	Mobile internet services software
143038	139187	43233511	Mobile location based services software
143039	104317	42201839	Medical imaging procedure trays
143040	106370	51101620	Iodoquinol
143041	184089	51453601	Tiocianoacetato de isobornilo
143042	184082	51452901	Antiparasitario tópico Malation
143043	184074	51452201	Metilparaben
143047	184087	51453401	Antiparasitario tópico Permetrina
143048	184077	51452501	Tetracloroetileno
143049	106370	51101629	Glucuronato de trimetrexato
143050	182425	51303407	Terconazol
143056	106404	51101911	Clorhidrato de halofantrina
143057	106404	51101912	Sulfato de hidroxicloroquina
143060	182914	51343502	Cidofovir
143063	182832	51341903	Efavirenz
143064	182819	51341501	Amprenavir
143067	182845	51342307	Penciclovir
143068	182852	51342402	Saquinavir
143071	182832	51341901	Zanamivir
143073	184232	51472802	Gluconato de clorhexidina
143077	184238	51473013	Oxiquinolina
143079	184190	51471502	Povidona yodada
143082	199865	51112902	Temozolomide
143083	179094	51112001	Capecitabine
143084	106469	51111617	Gemcitabine
143088	106482	51111716	Rituximab
143089	106482	51111717	Trastuzumab
143093	199893	51123601	Amiodarone
143105	106813	51191555	Isosorbide mononitrate
143124	183898	51431801	Irbesartan
143134	183899	51431902	Telmisartan
143142	106545	51131507	Darbepoetin alfa
143154	106549	51131615	Fondaparinux
143158	183722	51412004	Cilostazol
143161	106554	51131711	Tenecteplase
143167	183071	51362601	Gabapentin
143168	106560	51141518	Levetiracetam
143172	106560	51141522	Oxcarbazepine
143176	106560	51141526	Primidone
143178	106560	51141528	Topiramate
143181	106560	51141531	Valproic acid
143184	182157	51292012	Fluoxetine hydrochloride
143194	182693	51332703	Clozapine
143217	183605	51401533	Lorazepam
143221	183211	51381504	Mefenamic acid
143224	183343	51384607	Celecoxib
143233	183400	51385804	Meloxicam
143244	183156	51372305	Fentanyl
143263	106625	51142411	Rizatriptan
143282	106640	51151512	Neostigmine
143284	106640	51151514	Pyridostigmine
143304	106673	51152005	Botulinum toxin
143305	106673	51152006	Cisatracurium
143315	182544	51313702	Bosentan
143334	184072	51452101	Hexilresorcinol
143340	106712	51171614	Bisacodyl
143353	179405	51143104	Bismuth subsalicylate
143357	106724	51171816	Ondansetron
143364	106730	51171915	Pantoprazole
143365	106730	51171916	Rabeprazole sodium
143366	106730	51171917	Ranitidine
143375	183816	51421501	Fluticasone
143378	183858	51422417	Hydrocortisone butyrate
143393	182938	51351612	Medroxyprogesterone acetate
143399	106779	51181912	Follitropin or follitropin alfa and follitropin beta
143409	106813	51191515	Hydrochlorothiazide
143411	106813	51191517	Isosorbide
143417	106870	51172327	Sodium lactate
143419	200360	51202402	Basiliximab
143421	182741	51333202	Imiquimod
143425	200370	51202801	Pimecrolimus
143426	200370	51202803	Sirolimus
143432	106870	51172311	Activated carbon or activated charcoal for medical use
143443	181686	51272401	Desflurane
143449	181684	51272302	Etomidate
143457	181699	51272901	Propofol
143458	181686	51272408	Sevoflurane
143461	100804	15111509	Gas metilacetileno propadieno (MAPP)
143467	116680	41104124	Laboratory bone marrow biopsy trays
143468	116767	41104928	Laboratory bottle receiver
143469	116767	41104929	Laboratory filter papers
143470	103932	41111739	Laboratory microscope replacement bulbs
143471	103950	41111948	Manual or electronic hematology differential cell counters
143472	103996	41112220	Laboratory freezer or refrigerator thermometers
143473	103996	41112221	Laboratory incubator thermometers
143475	117004	41121609	Variable volume pipette tips
143476	103826	41121711	Urinalysis testing tubes or accessories
143477	117023	41121814	Laboratory lids or covers or coverslips
143479	117067	41122411	Laboratory timers or watches
143480	117067	41122412	Laboratory tube sealants
143481	117094	41122809	Petri dish racks
143482	117115	41123305	Histology or tissue cassette cabinets
143484	114800	42131509	Hospital robes
143485	114947	42142716	Pessary devices
143487	115289	42181516	Electromyography EMG units
143490	115315	42181805	Pulse oximeter unit accessories
143493	115453	42191814	Clinical incubator or infant warmer accessories
143494	104317	42201840	Vascular sealing devices
143495	146198	42295911	Peripheral stents
143496	115767	42221618	Intravenous or arterial procedure trays
143497	115867	42241811	Hernia truss
143498	115912	42251705	Parallel bars for rehabilitation or therapy
143500	116048	42272225	Bi level positive airway pressure Bi PAP accessories
143501	116112	42281810	Sterilization test packs
143502	116209	42292908	Surgical purstring devices
143503	116424	42295459	Fluid decanting devices for surgical use
143504	116424	42295460	Protective caps for orthopedic implants
143505	116424	42295461	Tissue glues or systems or applicators
143506	116477	42301507	Vídeos de formación para personal sanitario
143507	116477	42301508	Vídeos operativos o de instrucciones del equipo médico
143508	116485	42311539	Bandage applicators
143509	116568	42312312	Wound care or cleansing trays
143510	116568	42312313	Wound cleaning solutions
143511	104844	43211512	Ordenadores centrales
143512	105659	48101920	Straw dispensers
143513	117273	43191510	Comunicaciones bilaterales por radio
143515	108631	78111809	Leasing de vehículos
143516	117273	43191508	Teléfonos digitales
143517	117273	43191509	Teléfonos analógicos
143518	109077	83111605	Spacesegment leasing
143519	109176	84131608	Medical Claims Review and Management
143539	117453	43222503	Vulnerability Assessment Security Equipment
143540	105061	44102108	Mail machine accessories
143542	181996	51284115	Ceftibuteno
143543	181820	51282517	Cefradina
143546	181851	51282926	Levofloxacina
143548	181851	51282921	Gatifloxacina
143549	181851	51282953	Enoxacina
143550	181851	51282909	Ciprofloxacina
143552	181939	51283711	Loracarbef
143554	181851	51282932	Norfloxacina
143555	181939	51283709	Cefprozilo
143557	181916	51283303	Linezolid
143558	181820	51282514	Cefalexina
143559	181996	51284119	Ceftriaxone
143560	181996	51284108	Ceftazidima
143561	181851	51282902	Alatrofloxacina
143563	182107	51284502	Aztreonam
143564	181984	51284012	Minociclina
143565	181984	51284006	Doxiciclina
143566	181984	51284004	Demeclociclina
143567	181984	51284002	Clortetraciclina
143568	181812	51282411	Ticarcilina
143569	181812	51282409	Piperaciclina
143572	181812	51282407	Mezlocilina
143574	181812	51282404	Carbenicilina
143575	181756	51281703	Ampicilina
143576	181903	51283210	Troleandomicina
143577	181808	51282308	Roxitromicina
143578	181808	51282304	Eritromicina
143579	181808	51282303	Diritromicina
143580	181808	51282301	Azitromicina
143581	181939	51283712	Cefuroxime
143582	200938	51285302	Furazolidona
143585	181996	51284103	Cefdinir
143586	181820	51282511	Cefazolina
143587	181939	51283702	Cefamandole
143588	181820	51282502	Cefadroxilo
143589	181939	51283701	Cefaclor
143590	181732	51281626	Tobramicina
143591	181996	51284104	Cefditoren
143592	181732	51281607	Gentamicina
143593	181732	51281614	Netilmicina
143594	181732	51281627	Amikacin
143595	181732	51281616	Kanamicina
143596	181851	51282944	Esparfloxacina
143599	181841	51282702	Vancomicina
143600	181805	51282202	Cefoxitina
143601	181996	51284109	Cefotaxima
143602	181834	51282602	Cefepima
143603	181805	51282201	Cefotetan
143604	181996	51284121	Cefoperazone
143605	200969	51286501	Mupirocina
143606	181939	51283706	Cefonicid
143607	181996	51284106	Cefixima
143608	182409	51303002	Voriconazol
143612	184271	51473602	Clioquinol
143614	184252	51473104	Nitrofurazona
143615	184269	51473502	Nitrato de plata
143616	184235	51472902	Yodoformo
143617	184259	51473302	Cloroxilenol
143620	184256	51473203	Merbromina
143623	182938	51351609	Fulvestrant
143624	106491	51111820	Letrozole
143625	106506	51111906	Pegaspargase
143628	181554	51263139	Metoprolol
143629	182596	51322301	Cholestyramine or colestyramine
143630	182567	51321701	Atorvastatin
143631	182595	51322201	Ezetimibe
143636	183778	51413504	Nimodipine
143638	183772	51413301	Alprostadil
143645	137243	51131911	Dextran
143648	137243	51131908	Hetastarch
143649	137243	51131909	Albumin human
143650	106544	51132000	Hemorrheologic agents
143669	200360	51202401	Adalimumab
143675	106625	51142413	Zolmitriptan
143677	200035	51144014	Methylphenidate
143724	106679	51161563	Zafirlukast
143731	106693	51161708	Desoxyribonuclease or dornase alfa
143732	106693	51161709	Poractant alfa
143738	106712	51171628	Potassium phosphate
143742	106753	51181608	Levothyroxine or thyroxine or triiodothyronine
143745	183841	51422202	Fluorometholone
143761	106786	51182014	Dutasteride
143762	106795	51182204	Ergometrine or ergonovine
143764	106802	51182415	Zoledronic acid
143765	106802	51182416	Pamidronate disodium or pamidronic acid
143766	106802	51182417	Risedronate sodium or risedronic acid
143773	106838	51201646	Measles and rubella virus vaccine
143774	106838	51201647	Bacillus calmette–guerin or BCG vaccine
143775	106838	51201648	Rubella and mumps virus vaccine
143776	137081	51201802	Filgrastim
143777	137081	51201803	Pegfilgrastim
143779	137081	51201805	Rho D immunoglobulins
143780	137081	51201806	Gamma IGG or immunoglobulin
143782	106870	51172308	Methylene blue or methylthioninium chloride
143783	106870	51172309	Antivenins
143784	106870	51172310	Folinic acid or leucovorin
143804	107049	52161543	Grabadoras o reproductores de MP3
143816	107235	54111709	Watch or clock repair kits
143819	108116	72101506	Servicios de mantenimiento de ascensores
143820	108776	80161508	Servicios de destrucción de documentos
143821	109159	84121806	Securities Custodial Services
143823	100804	15111510	Gas de petróleo licuefactado
143827	101316	24102109	Portasacos
143828	101791	26111725	Nickel sodium chloride batteries
143831	103781	41102608	Animal testing equipment
143832	116916	41116015	Flow cytometry analyzers reagents or antibodies
143833	116930	41116148	Flow cytometry test kits or supplies
143834	114820	42131707	Surgical isolation suits or helmets or shields or accessories
143835	114918	42142531	Needle or blade or sharps disposal containers or carts
143836	114918	42142532	Pericardiocentesis needles or kits
143837	114852	42143600	Sujeciones y accesorios
143838	143837	42143601	Restraint vests and jackets
143839	143837	42143602	Torso and belt restraints
143840	143837	42143603	Extremity restraints
143841	143837	42143604	Non EMS head restraints
143842	143837	42143605	Restraint straps or buckles or supplies
143843	143837	42143606	Full body restraints
143844	143837	42143607	Patient motion sensors or alarms
143845	143837	42143608	Patient stabilization or fall prevention devices
143847	104317	42201841	Medical diagnostic x ray papers
143848	115655	42211508	Multifunctional mobility devices
143852	115912	42251706	Gait training walkers or bikers or exercisers
143853	142687	42272507	Temperature control for anesthesia apparatus
143855	116120	42281915	Sterilization reels
143856	116120	42281916	Sterilization bags
143859	116424	42295462	Urodynamic catheters or accessories
143860	114947	42142733	Ureteral catheter or catheter set
143863	116484	42312500	Dispositivos de sujeción de heridas
143864	143863	42312501	Mammary support binders
143865	143863	42312502	Abdominal binders
143866	143863	42312503	Scrotal supports
143867	117280	43191630	Mobile phone starter kits
143868	117374	43211609	Universal serial bus hubs or connectors
143869	105040	44103600	Equipo de eliminación de cassettes y accesorios
143870	143869	44103601	Cassette or tape shredders
143871	107753	46191609	Fire escape equipment
143884	106264	50193200	Ensaladas preparadas
143891	184269	51473503	Peróxido de carbamida
143892	182410	51303104	Yoduro de timol
143893	184217	51472302	Perborato sódico
143902	111528	51191919	Iron sucrose
143906	136933	51131808	Aminocaproic acid
143908	183605	51401505	Alprazolam
143909	183605	51401518	Diazepam
143915	106645	51151616	Atropine
143925	182267	51294001	Aprepitant
143936	106823	51191604	Lactated ringers solution
143949	184307	51441600	Diagnostic agents and radiopharmaceuticals
143957	135738	51241100	Ophthalmic agents
143960	143957	51241103	Bimatoprost
143967	143957	51241110	Latanoprost
143977	135738	51241200	Dermatologic agents
143982	143977	51241205	Calamine
143986	143977	51241209	Hydroquinone
143987	183389	51385608	Methyl salicylate
143992	143977	51241215	Podophyllum resin
143997	111528	51191923	Tretinoin
144004	143977	51241227	Topical turpentine oil preparations
144013	112970	53102712	Uniformes de personal médico
144014	165437	72103301	Parking lot or road maintenance or repairs or services
144015	165437	72103304	Parking lot or road sweeping services
144016	112978	72102905	Mantenimiento de terrenos
144017	108688	80111508	Service recognition programs
144018	108693	80111616	Temporary customer service personnel
144019	108693	80111617	Temporary architectural services
144020	108693	80111618	Temporary construction services
144021	108693	80111619	Temporary creative services
144022	108781	80161603	Gestión o administración de proyectos de mobiliario
144023	107384	82101900	Satisfacción e inserción en los medios
144024	144023	82101901	Radio placement
144025	144023	82101902	Television placement
144026	144023	82101903	Internet placement
144027	144023	82101904	Cinema placement
144028	144023	82101905	Print placement
144029	109176	84131609	Employee assistance programs
144030	109176	84131610	Flexible spending accounts FSA
144032	109512	90111604	Marquees
144034	100189	11170000	Aleaciones
144035	144034	11171500	Aceros básicos
144036	144035	11171501	Acero E24-2 o A37-2
144037	144034	11171600	Aleaciones de acero inoxidable
144038	144037	11171601	Aleación de acero inoxidable X5CrNi18-10 o 304
144039	144037	11171602	Aleación de acero inoxidable X2CrNi19-11o 304L
144040	144037	11171603	Aleación de acero inoxidable X5CrNiMo17-12-2 o 316
144041	144034	11171700	Aceros rápidos
144042	144041	11171701	Acero rápido Z90WDCV.6.5.4.2 o M2
144043	144041	11171702	Acero rápido Z90WDKCV6.5.5.4.2 o M35
144044	144034	11171800	Superaleaciones de níquel
144045	144044	11171801	Superaleación Inconel 600
144046	144034	11171900	Superaleaciones de titanio
144047	144046	11171901	Superaleación TA6V
144048	144034	11172000	Aleaciones de aluminio
144049	144048	11172001	Aleación 7178
144050	144034	11172100	Superaleaciones de cobalto
144051	144050	11172101	Aleación Pymalion u 846
144052	100189	11180000	Óxido metálico
144055	100189	11190000	Desechos metálicos y chatarra
144084	103497	40101707	Accesorios de torre de refrigeración
144094	103828	41103210	Laboratory ultraviolet UV sterilizers
144095	116793	41105339	Blotting membranes
144096	104856	43201553	Transceivers and media converters
144097	105287	45121520	Web cameras
144098	107753	46191610	Fire sprinkler heads
144100	106724	51171822	Palonosetron
144102	108448	76111505	Fabric and furniture cleaning services
144104	133347	14111818	Thermal paper
144105	134850	23201203	Fluidbed dryers
144116	103441	39112100	Optical lighting
144122	102550	39121800	Intelligent Building Installations IBI
144123	144122	39121801	Controlling units or devices
144126	136743	41106516	Enzyme expression consumables
144127	117273	43191511	IP phones
144128	117273	43191512	Digital enhanced cordless telecommunications DECT cordless phones
144129	117280	43191631	Phone or modem jack adapters or country kits or travel kits
144130	104856	43201554	Personal computer television PC TV tuners
144131	104856	43201555	PC radio tuners
144132	104856	43201556	Small computer system interconnect SCSI adapters
144133	104856	43201557	Redundant array of independent disks RAID controllers
144134	104856	43201558	Fibre channel controller
144135	117356	43202006	Magneto Optical MO disks
144136	117356	43202007	High capacity removable media blank disks
144137	117374	43211610	Computer country or localization kits
144138	117374	43211611	Handheld PDA Starter Kits
144139	104895	43211906	Character displays
144140	104895	43211907	Head mounted displays
144141	117456	43222633	Remote management adapters
144142	117456	43222634	Network management or monitoring device
144143	104970	43232505	Multi-media educational software
144144	104970	43232506	Encyclopedia software
144145	105108	44103123	Plotter pens
144146	105108	44103124	Thermal ribbon
144148	111078	56112200	Desking systems
144155	108448	76111506	Interior plant landscaping services
144157	117344	43201816	Ultra density optical UDO drives or autoloaders or libraries
144158	117356	43202008	Ultra density optical UDO blank disks
144170	101324	24111510	Rope bags and rope packs
144171	101355	24112007	Material handling racks
144172	144122	39121803	Building environmental control system
144176	144839	95131603	Site office
144183	103441	39112200	Special effects devices
144185	103441	39112300	Stage and studio lighting and accessories
144194	103441	39112400	Stage and studio lighting dimming and control devices
144198	103441	39112500	Stage and studio luminaires
144211	102631	39121621	Lightning protection apparatus and accessories
144212	103903	41111518	Axle load scales
144213	116978	41116206	Diagnostic beverages for laboratory testing
144214	114918	42142533	Needle for intravenous or arterial administration ports
144215	143837	42143609	Patient restraint boards
144216	114852	42143700	Phototherapy systems and accessories
144217	144216	42143701	Phototherapy air circulators
144218	144216	42143702	Phototherapy blankets
144219	144216	42143703	Phototherapy bulbs
144220	144216	42143704	Phototherapy light mats
144221	144216	42143705	Phototherapy patient protection devices
144222	144216	42143706	Phototherapy power units
144223	144216	42143707	Phototherapy warmer beds
144224	114852	42143800	Urological pressure measurement instruments and supplies and equipment
144225	144224	42143801	Cystometry systems
144226	144224	42143802	Cystometry transducers
144227	144224	42143803	Urodynamic catheters
144228	115464	42191908	Medical chart caddies
144229	115645	42204009	Medical radiological shielding eyewears
144230	142687	42272509	Anesthesia machine calibrators
144231	142687	42272510	Anesthesia machine upgrade kits
144232	117334	43201617	Card cages
144233	117374	43211612	Computer accessory kits
144234	117374	43211613	Computer or notebook stands
144235	117498	43231514	Sales and marketing software
144236	117521	43232204	Embedded text entry software
144237	117521	43232205	Fonts software
144238	104970	43232507	Dictionary software
144239	104970	43232508	Phonebook software
144240	105002	43232916	Infrared data transfer irda software
144241	117599	43233416	Codec stacks
144242	117599	43233417	Handwriting recognition software components
144243	117599	43233418	Memory drivers
144244	117599	43233419	Multimedia stacks
144245	117599	43233420	Text to speech conversion software
144246	117599	43233421	Video drivers
144247	139187	43233512	Ring tone software
144248	105217	45101516	Pad printing cliché
144249	105287	45121521	Inspection camera
144250	132488	46182307	Evacuation harnesses
144252	132488	46182309	Safety rope ladders and wire rope ladders
144253	107751	46191506	Flame arrestor
144254	105620	48101618	Commercial use dishwashing machine parts
144255	105675	48102008	Condiment counters
144282	114614	50301500	Apples
144484	107284	55121900	Signage equipment
144485	144484	55121901	Advertising pillars
144486	144484	55121902	Barker stands or stalls
144487	106895	56101542	Folding chairs
144489	111070	56130000	Merchandising furniture and accessories
144503	114259	73152105	Test equipment refurbishment
144504	114259	73152103	Engineering equipment maintenance services
144507	111534	78181505	Vehicle inspection service
144508	108693	80111620	Temporary human resources services
144509	108693	80111621	Temporary research and development services
144510	108693	80111622	Temporary safety health environmental services
144511	108693	80111623	Temporary sourcing and logistics services
144512	107372	81102400	Electrical power transmission engineering
144513	144512	81102401	High voltage overhead line construction
144514	144512	81102402	High voltage overhead line maintenance and repair
144515	108840	81111706	Network planning services
144516	108840	81111707	Systems planning services
144517	108840	81111708	Telecommunications planning services
144518	108846	81111819	Quality assurance services
144519	108846	81111820	System usability services
144520	116333	42294957	Endoscopic shaver blades
144591	108111	71141103	Well abandonment platform removal services
144609	114122	71161600	Other oilfield support services
144619	144609	71161605	Oilfield consultancy services
144637	101120	23153600	Part marking machines
144638	101120	23153700	Precision fastening or torque equipment
144646	101169	23161700	Foundry dies and tooling
144651	101020	23240000	Metal cutting machinery and accessories
144652	101020	23250000	Metal forming machinery and accessories
144653	101020	23260000	Rapid prototyping machinery and accessories
144654	101020	23270000	Welding and soldering and brazing machinery and accessories and supplies
144655	144654	23271500	Brazing machinery
144656	145202	23281500	Coating or plating machines
144658	144652	23251700	Forging machines
144659	144651	23242200	Gear manufacturing machines
144662	144651	23242300	Lathes and turning centers
144663	144651	23242400	Machining centers
144665	144652	23251500	Metal bending machines
144666	144651	23241900	Metal boring machines
144668	144651	23242100	Metal cutting machine attachments
144669	144651	23241500	Metal cutting machines
144670	144651	23241600	Metal cutting tools
144671	144651	23241700	Metal deburring machines
144672	144651	23241800	Metal drilling machines
144673	144652	23251800	Metal forming dies and tooling
144675	144651	23242500	Metal milling machines
144676	144652	23251600	Metal rolling machines
144678	144653	23261500	Rapid prototyping machines
144679	144654	23271600	Soldering machines
144680	144651	23242600	Specialized or miscellaneous metal cutting machines
144682	144654	23271700	Welding and soldering and brazing accessories
144683	144654	23271800	Welding and soldering and brazing supplies
144713	144678	23261501	Fused deposition modeling machine
144728	144665	23251501	Hydraulic press brake
144768	144679	23271603	Soldering iron
144795	101265	24102300	Automatic guided vehicles AGV
144828	101791	26111726	Fluorescent ballast battery unit
144835	144839	95131604	Portable kitchen unit
144836	102047	30240000	Portable Structure Building Components
144837	174112	95130000	Portable buildings and structures
144838	144837	95131500	Grandstands and bleachers
144839	144837	95131600	Portable commercial and industrial buildings and structures
144840	144836	30241500	Portable Structure Consolidating Components
144841	144836	30241600	Grandstand bleacher and stair structural components
144842	144836	30241700	Tent and membrane structure framing and covering components
144843	144837	95131700	Tents and membrane structures
144844	144840	30241502	Anchor plate
144845	144840	30241503	Bail ring
144846	144840	30241504	Base plate
144847	144840	30241505	Cupola
144852	144842	30241701	Framing beam or rail or tubing
144853	144840	30241506	Funicular bell
144854	144840	30241507	Gable
144855	144840	30241508	Gin pole and accessories
144856	144841	30241601	Grandstand footboard and accessories
144857	144840	30241509	Mast section and king pole
144860	144839	95131601	Portable box office
144863	144842	30241702	Portable structure canvas section
144865	144840	30241510	Side pole
144866	144841	30241604	Stair riser
144867	144840	30241511	Stake or peg
144868	144841	30241602	Stair step
144869	144841	30241603	Stringer
144870	144840	30241512	Transom
144871	144840	30241501	Tube frame connector
144875	103311	32150000	Automation control devices and components and accessories
144916	103417	39101900	Lamp Ballasts and Lamp Transformers
144927	103442	39111527	Solar lighting fixture
144956	103441	39112600	Non electrical lighting devices
145031	102550	39121900	Electrical safety devices and accessories
145032	102550	39122000	Electrical Variable Speed Drives
145033	145032	39122001	Inverter drive AC
145034	145031	39121901	Circuit breaker lockout
145049	103416	39130000	Electrical wire management devices and accessories and supplies
145050	145049	39131500	Wire Markers and Wire Marking Devices
145051	145049	39131600	Wire protection devices
145052	145049	39131700	Wire Raceways Conduit and Busways
145080	114800	42131511	Hydrotherapy garments
145082	104489	42181611	Central venous pressure CVP manometers
145083	115384	42182705	Body composition analyzers
145084	115471	42192003	Physical therapy massage tables
145085	115615	42203413	Vascular coils
145086	115615	42203414	Vascular filters
145087	115626	42203606	Teleradiography systems
145094	116134	42295600	Cerebral spinal fluid CSF drainage products and accessories
145095	104269	42320000	Orthopedic surgical implants
145100	117334	43201618	Computer rack component
145102	117344	43201817	Compact disc CD drive
145103	117344	43201818	Digital video disc DVD drive
145104	104870	43211722	Business card scanner
145105	117411	43223300	Datacom and network connectivity installation devices and equipment
145106	145105	43223301	Datacom cross connect system and accessories
145107	145105	43223302	Datacom label
145108	145105	43223303	Datacom patch cord
145111	145105	43223305	Network cable management panel assembly
145113	145105	43223306	Network system cabinet or enclosure
145114	145105	43223307	Network system cabling box
145115	145105	43223308	Network system equipment rack
145116	145105	43223309	Patch panel
145117	105005	43233005	Computer firmware
145118	104943	43233600	Electrical Equipment software
145119	145118	43233601	Motor Drive Software
145120	145118	43233602	Power Monitor Software
145122	145118	43233603	Programmable Logic Control Software
145126	105555	47121709	Hazardous waste container
145128	106009	50111513	Beef, minimally processed without additions
145145	111078	56112300	Auditorium or stadium or special use seating parts and accessories
145151	165213	72151005	Boiler pressure controller installation
145152	165213	72151006	Boiler pressure controller maintenance or repair or operation
145153	108693	80111624	Temporary Travel Staffing
145158	145204	81161700	Telecommunication Services
145159	145204	81161500	Access management services
145161	145204	81161600	Electronic mail and messaging services
145166	145158	81161701	Fax Administration Service
145167	145158	81161702	Fax Support Service
145170	145159	81161501	Software application administration service
145178	145161	81161601	Instant Messaging Administration Service
145179	145158	81161703	Mobile Telephone Administration Service
145180	145158	81161704	Mobile Telephone Support Service
145181	145159	81161502	Network Account Administration Service
145182	145159	81161503	Network folder administration service
145185	145158	81161705	Pager Administration Service
145186	145158	81161706	Pager Support Service
145192	145158	81161707	Telephone Administration Service
145193	145158	81161708	Telephone Support Service
145195	145158	81161709	Voice Mail Administration Service
145196	145158	81161710	Voice Mail Support Service
145197	107404	85160000	Medical Surgical Equipment Maintenance Refurbishment and Repair Services
145198	145197	85161500	Medical or surgical equipment repair
145199	145198	85161501	Medical capital equipment maintenance or repair
145200	145198	85161502	Medical minor equipment maintenance or repair
145201	145198	85161503	Medical or surgical instrument maintenance or repair
145202	101020	23280000	Metal treatment machinery
145204	107371	81160000	Information Technology Service Delivery
145207	144654	23271400	Welding machinery
145208	144651	23241400	Metal grinding machines
145212	145207	23271401	Submerged arc welding machine
145221	145208	23241401	Bench grinder
145228	101313	24112701	Wood pallet
145229	101313	24112702	Plastic pallet
145230	101323	24112800	Freight containers
145231	145230	24112801	Dry freight container
145232	145230	24112802	Open top freight container
145233	145230	24112803	Platform freight container
145271	107581	27111913	Edge trimmer
145289	102447	30162000	Interior laminates
145294	144840	30241513	Steel A-frame
145295	144840	30241514	Structural brace
145296	144840	30241515	Structural alignment tool
145299	165681	30181802	Faucet aerator
145300	114918	42142534	Intraosseous needles
145301	114852	42143900	Fecal incontinence products
145302	145301	42143901	Fecal incontinence collection bags
145303	145301	42143902	Fecal management systems or kits
145306	116424	42295464	Organ preservation solutions
145307	117273	43191513	Video phone
145308	117280	43191632	Phone antenna
145309	104844	43211513	Ultra mobile personal computer
145310	117456	43222635	Network equipment upgrade kit
145311	117456	43222636	Network application engine
145312	105170	44121513	Postage stamp
145313	105177	44121636	Electric pencil sharpener
145314	105302	45121707	Photo print dryer
145315	105302	45121708	Photo print washer
145316	105302	45121709	Automated film processor
145317	105302	45121710	Sheet film drum
145318	105318	45141503	Photo development processing kit
145319	105318	45141504	Photo enhancing and correcting solution
145320	105382	46151608	Bomb protection devices and supplies
145321	105683	48102108	Aluminum food wrapping foil
145340	145158	81161711	Videoconferencing service
145341	100267	11111811	Haydite
145342	145359	23291500	Industrial drilling tools
145359	101020	23290000	Industrial machine tools
145361	101374	24112412	Equipment transportation case
145432	110941	27121504	Industrial hydraulic press
145449	102486	30172100	Garage doors and operators
145451	102519	30191700	Construction sheds and trailers
145452	102373	30121700	Road and railroad construction materials
145453	102447	30162100	Stairs and stairways
145483	102374	30121504	Bitumen
145484	102384	30131505	Haydite block
145485	102384	30131506	Natural rock slab
145486	102384	30131507	Light concrete block
145493	102474	30161803	Domestic cupboard
145496	102487	30171515	Inspection door
145500	102360	30111505	Ready mix concrete
145501	102384	30131508	Glass block
145502	102389	30131605	Sandlime brick
145504	102413	30151511	Concrete roofing tile
145505	102413	30151512	Brick roofing tile
145508	102497	30171907	Window sill
145509	145452	30121701	Geomesh
145510	145452	30121702	Geotextile
145511	145452	30121703	Bridge rail
145512	145452	30121704	Concrete slab
145513	145452	30121705	Paving slab
145514	145452	30121706	Concrete curb
145515	145452	30121707	Noise protection board
145516	145452	30121708	Brick tile
145517	145452	30121709	Ungraded crushed rock
145518	145452	30121710	Paving stone
145519	145452	30121711	Natural curbstone
145562	103485	40102100	Fireplaces and accessories
145587	103950	41111949	Hour meter
145588	103941	41111810	Hot testing equipment station
145589	103941	41111811	Cold testing equipment station
145590	104194	41114207	Total station
145592	115615	42203416	Cardiac ablation catheters
145594	105375	46151800	Explosives control equipment and accessories and supplies
145595	105375	46151900	Chemical biological control equipment and accessories and supplies
145596	145594	46151801	Blast guard container
145597	145595	46151901	Chemical biological decontamination trailer
145604	105559	47121814	Dust separator
145644	106996	52152300	Domestic kitchen supplies
145653	107351	76122000	Landfill services
145654	107351	76122100	Waste to fuel blending services
145655	107351	76122200	Waste incineration services
145656	107351	76122300	Recycling services
145657	145653	76122001	Landfill for non hazardous generic waste
145658	145653	76122002	Landfill for non hazardous special waste
145659	145653	76122003	Landfill for hazardous waste
145677	145653	76122004	Landfill for low risk hazardous or universal waste
145678	108783	81101514	Geotechnical or geoseismic engineering
145679	108783	81101515	Plant or facility infrastructure engineering
145681	164080	11122003	Medium density fiberboard
145735	101971	27113300	Precision hand tools
145743	102048	30103800	Metallic fibers and filaments
145748	165681	30181804	Faucet handle
145811	102966	31152100	Cords
145839	103919	41111624	Alexometer
145840	103919	41111625	Curvimeter
145841	103919	41111626	Gauge block
145842	104032	41113038	Alcoholometer
145843	103919	41111627	Vee block
145846	103919	41111628	Wire meter
145847	103919	41111629	Cable or wire extension linear position sensor
145848	104317	42201843	Medical x ray skin markers
145857	142268	42143135	Amniocentesis hooks
145859	115615	42203417	Endografts
145860	104317	42201844	Medical diagnostic x ray rulers
145861	115823	42231613	Gastric lavage tubes or kits
145862	117361	43202106	Portable media case or wallet
145863	117273	43191514	Satellite phone
145870	105423	46181540	Welder gloves
145871	105423	46181541	Chemical resistant gloves
145883	105423	46181543	Waterproof jacket or raincoat
145893	105593	48101533	Commercial use combination oven
145894	105593	48101534	Commercial use boiling table
145895	105593	48101535	Commercial use salamander grill
145896	105593	48101536	Commercial use pastry oven
145897	105593	48101537	Commercial use conveyor oven
145898	105593	48101538	Commercial use double contact grill
145899	105593	48101539	Commercial use oil fat filtration unit
145900	105593	48101540	Commercial use wok heating unit
145901	105593	48101541	Commercial use chip and french fry storage and scuttle
145902	105593	48101542	Commercial use jacketed tilting kettle
145903	105593	48101543	Commercial use jacketed boiling pan
145904	105593	48101544	Commercial use direct heat boiling pan
145905	105593	48101545	Commercial use oven stand
145916	107372	81102500	Permitting services
145917	145916	81102501	Mine permitting service
145918	107372	81102600	Sampling services
145919	145918	81102601	Coal sampling service
145920	112934	81112203	Firmware patching or upgrade service
145925	107351	76122400	Refuse disposal and treatment fees
145932	145925	76122407	Refuse transportation fee
145937	100282	11121614	Teak wood
145939	100282	11121616	Pine wood
145943	164080	11122004	Wood veneers
145944	100637	12131709	Explosive tamper
145946	133347	14111823	Control forms or control books
145947	142146	14122202	Tea bag paper
145948	100758	14111538	Digital paper
145949	133347	14111819	Booking forms or reservation books
145950	133347	14111820	Game of chance forms or coupons
145951	133347	14111821	Order forms or order books
145952	133347	14111822	Delivery forms or delivery books
145953	100799	15101609	Briquette
145966	101438	25101612	Concrete transport truck
145967	101438	25101613	Concrete pump truck
145974	101405	24131513	Refrigerant
145988	101324	24111511	Fiber mesh bag
145989	101714	25172509	Heavy truck tire tube
145999	101456	25101909	Amphibious vehicle
146000	101466	25111514	Icebreaker
146011	103950	41111950	Level indicator
146035	102047	30250000	Underground mining structures and materials
146053	165678	30181606	Robe hook
146055	102487	30171516	Door screen
146057	102413	30151509	Rubber support block
146058	165681	30181805	Combination fixed and hand held shower head
146077	102550	39122100	Electrical transmission and distribution equipment 
146083	102631	39121635	Voltage regulator
146101	116702	41104213	Distilled or deionized water
146102	116853	41115323	Function generator
146103	102558	41112109	Current transducer
146104	102558	41112110	Pressure transducer
146105	102558	41112111	Displacement transducer
146106	104109	41113649	Psophometer
146107	116916	41116016	Electrolyte analyzer reagent
146108	104032	41113039	Osmometer accessories
146109	117115	41123306	Histology tissue cassette accessories
146110	116680	41104125	Histology or pathology preservative specimen container
146111	116680	41104126	Histology or pathology specimen container
146112	104774	42121800	Veterinary artificial insemination equipment and supplies
146113	133347	14111824	Pharmacy prescription pad
146114	100758	14111539	Medical monitoring or tracing or recording paper
146115	104317	42201845	Radiology film jacket or inserts or mailers
146116	115842	42241516	Marker for splinting materials
146125	114947	42142717	Nephrostomy catheters or drains
146126	144216	42143708	Phototherapy vests
146129	115842	42241517	Cast spreaders
146132	116134	42295800	Surgical thermo ablation systems and accessories
146140	115615	42203418	Artherectomy catheters
146141	146198	42295910	Biliary stents
146142	115615	42203420	Vascular imaging snares
146143	115615	42203421	Diagnostic or interventional vascular trays or packs
146144	115615	42203422	Embolization glues
146145	115615	42203423	Embolization spheres
146146	104555	42203504	Cardiac recorders
146147	115759	42221514	Pulmonary artery catheters
146149	115767	42221619	Needleless injection manifold kits
146154	115615	42203424	Arteriotomy site closure devices
146155	115464	42191911	Blood pressure mobile stands
146197	115615	42203425	Thrombectomy or embolectomy catheters
146198	116134	42295900	Stents
146199	116484	42312600	Negative pressure and oxygen therapy wound care products
146200	104870	43211723	Electronic voting or vote-counting equipment
146201	117344	43201819	Read only high definition digital versatile disc HD DVD
146202	117344	43201820	Read write high definition digital versatile disc HD DVD
146203	117344	43201821	Read only blu-ray disc BD
146204	117344	43201822	Read write blu-ray disc BD
146205	117374	43211614	Bluetooth universal serial bus USB adapter
146206	127939	43201412	PCMCIA or PC card
146207	139167	43221604	Digital subscriber loop or line XDSL equipment
146208	117456	43222639	Internet protocol IP multimedia subsystem hardware
146209	117374	43211615	Notebook computer expansion dock
146210	117374	43211616	Personal digital assistant PDA holder
146211	104870	43211724	Computer peripheral kit
146212	117394	43211806	Keyboard wrist rest
146213	117394	43211807	Mouse wrist rest
146214	104870	43211725	Compact disc or digital versatile disc CD/DVD cleaner
146215	104870	43211726	Digital pen
146216	127939	43201411	Peripheral component interconnect PCI card
146217	117374	43211617	Universal serial bus USB extension cable
146218	117361	43202107	Compact disc or digital versatile disc CD/DVD briefcase
146219	117344	43201823	Multimedia hard disc drive HDD player
146220	117356	43202010	Pen or flash drive
146221	117361	43202108	Memory card case
146222	117344	43201825	Disc publisher
146223	142994	43202215	Keyboard or mouse cable
146224	142994	43202216	Printer connection cable
146225	117273	43191515	Speaker phone
146226	142994	43202217	Computer cable holder
146227	104870	43211727	Magnetic ink character recognition MICR device
146228	142994	43202218	Computer cable cover
146229	104844	43211514	Computer kiosk
146230	127939	43201413	Magnetic stripe card
146231	117456	43222637	Gigabyte passive optical network GPON
146232	117456	43222638	Managed lease line network MLLN equipment
146233	117567	43232805	Internet protocol IP multimedia subsystem software
146234	105131	44122029	Classification folder
146235	107739	44122122	Magnetic thumbtack
146236	105052	44101810	Printer calculator
146237	105196	44121719	Disposable fountain pen
146238	105041	44101507	Inkjet fax machine
146239	105041	44101508	Laser fax machine
146240	105041	44101509	Thermal fax machine
146241	105211	44121906	Felt pen cartridge
146242	105131	44122030	Folder kit
146243	105052	44101807	Pocket calculator
146244	105052	44101808	Scientific calculator
146245	105052	44101809	Desktop calculator
146246	105076	44102413	Compact disc or digital versatile disc CD/DVD labeling system kit
146247	105211	44121907	Fountain pen ink refill
146248	105211	44121908	Ballpoint pen ink refill
146249	105131	44122031	Side rails for hanging folder frame
146250	105076	44102414	Self-inking stamp
146251	105098	44102802	Thermal binding machine
146252	105098	44102803	Spiral binding machine
146253	105098	44102804	Comb binding machine
146254	105098	44102805	Binding punch machine
146255	105098	44102806	Wire binding machine
146256	112906	44103508	Binding die punch
146257	105131	44122032	Conference folder
146258	105131	44122033	Accordion file folder
146259	105154	44111912	Whiteboard eraser
146260	105154	44111913	Battery driven whiteboard eraser
146261	105196	44121720	Multifunction pen
146262	105196	44121721	Erasable ink pen
146263	105207	44121809	Eraser holder
146264	105118	44111522	Book holder
146266	105423	46181552	Mining headlamp
146269	105643	48101818	Tableware disinfector
146272	106823	51191605	Sterile water for injection
146279	106895	56101543	Dining table
146292	108116	72101513	Offsite construction service
146293	108116	72101512	Hoist construction service
146294	108116	72101514	Refuse area construction service
146295	107329	72103100	Conveyance systems installation and repair
146296	146295	72103101	Material conveyance system installation
146297	146295	72103102	Material conveyance system repair
146298	108116	72101507	Building maintenance service
146302	111534	78181506	Vehicle glass replacement service
146303	108688	80111509	Job evaluation service
146305	108799	81101706	Laboratory equipment maintenance
146306	108799	81101707	Printing equipment maintenance 
146307	165392	72154065	Electrical copying equipment maintenance
146308	165392	72154066	General office equipment maintenance 
146309	107385	82112000	In person language interpretation services
146310	146309	82112001	In person afghan or pashto or pushto interpretation service
146311	146309	82112002	In person albanian interpretation service
146312	146309	82112003	In person amharic interpretation service
146313	146309	82112004	In person arabic interpretation service
146314	146309	82112005	In person armenian interpretation service
146315	146309	82112006	In person bangledesh interpretation service
146316	146309	82112007	In person belarussian interpretation service
146317	146309	82112008	In person bengali interpretation service
146318	146309	82112009	In person bosnian interpretation service
146319	146309	82112010	In person bulgarian interpretation service
146320	146309	82112011	In person cambodian interpretation service
146321	146309	82112012	In person chinese interpretation service
146322	146309	82112013	In person creole interpretation service
146323	146309	82112014	In person croatian interpretation service
146324	146309	82112015	In person czech interpretation service
146325	146309	82112016	In person danish interpretation service
146326	146309	82112017	In person dinka interpretation service
146327	146309	82112018	In person dutch interpretation service
146328	146309	82112019	In person egyptian interpretation service
146329	146309	82112020	In person fanti interpretation service
146330	146309	82112021	In person fanti or persian interpretation service
146331	146309	82112022	In person french interpretation service
146332	146309	82112023	In person german interpretation service
146333	146309	82112024	In person greek interpretation service
146334	146309	82112025	In person gugarati interpretation service
146335	146309	82112026	In person hebrew interpretation service
146336	146309	82112027	In person hindi interpretation service
146337	146309	82112028	In person hmong interpretation service
146338	146309	82112066	In person hungarian interpretation service
146339	146309	82112029	In person american indian interpretation service
146340	146309	82112030	In person indonesian interpretation service
146341	146309	82112031	In person italian interpretation service
146342	146309	82112032	In person jamaican interpretation service
146343	146309	82112033	In person japanese interpretation service
146344	146309	82112034	In person kirghiz interpretation service
146345	146309	82112035	In person korean interpretation service
146346	146309	82112036	In person kurdish interpretation service
146347	146309	82112037	In person lithuanian interpretation service
146348	146309	82112038	In person malayalam interpretation service
146349	146309	82112039	In person mandingo interpretation service
146350	146309	82112040	In person native american interpretation service
146351	146309	82112041	In person pakistani interpretation service
146352	146309	82112042	In person eastern panjabi interpretation service
146353	146309	82112043	In person western panjabi interpretation service
146354	146309	82112044	In person polish interpretation service
146355	146309	82112045	In person portuguese interpretation service
146356	146309	82112046	In person romanian interpretation service
146357	146309	82112047	In person romany interpretation service
146358	146309	82112048	In person russian interpretation service
146359	146309	82112049	In person rwandan interpretation service
146360	146309	82112050	In person samoan interpretation service
146361	146309	82112051	In person serbian interpretation service
146362	146309	82112052	In person serbo croatian interpretation service
146363	146309	82112053	In person slovenian interpretation service
146364	146309	82112054	In person somali interpretation service
146365	146309	82112055	In person spanish interpretation service
146366	146309	82112056	In person swahili interpretation service
146367	146309	82112057	In person swedish interpretation service
146368	146309	82112058	In person taiwanese interpretation service
146369	146309	82112059	In person thai interpretation service
146370	146309	82112060	In person tibetan interpretation service
146371	146309	82112061	In person turkish interpretation service
146372	146309	82112062	In person ukranian interpretation service
146373	146309	82112063	In person vietnamese interpretation service
146374	146309	82112064	In person yiddish interpretation service
146375	146309	82112065	In person yugoslavian interpretation service
146376	117219	83112506	Directional radio backbone capacity technical infrastructure service
146377	117225	83112606	Directional radio capacity customer access service
146378	132677	83112206	Directional radio capacity disaster recovery management service
146379	109415	86101810	Personnel skills training
146380	109922	93151516	Building permit
146381	109958	93161608	Custom tax or duty
146383	144282	50301501	Akane apples
146384	144282	50301502	Ambrosia apples
146385	144282	50301503	Api apples
146386	144282	50301504	Baldwin apples
146387	144282	50301505	Braeburn apples
146388	144282	50301506	Bramley apples
146389	144282	50301507	Bramley seedling apples
146390	144282	50301508	Calville blanche d'hiver apples
146391	144282	50301509	Cameo apples
146392	144282	50301510	Charles ross apples
146393	144282	50301511	Codlin apples
146394	144282	50301512	Cortland apples
146395	144282	50301513	Costard apples
146396	144282	50301514	Court pendu plat apples
146397	144282	50301515	Cox's orange pippin apples
146398	144282	50301516	Crab apples
146399	144282	50301517	Crispin apples
147564	105924	50310000	Organic fresh fruits
147566	147564	50311500	Organic apples
147567	147566	50311501	Organic akane apples
147568	147566	50311502	Organic ambrosia apples
147569	147566	50311503	Organic api apples
147570	147566	50311504	Organic baldwin apples
147571	147566	50311505	Organic braeburn apples
147572	147566	50311506	Organic bramley apples
147573	147566	50311507	Organic bramley seedling apples
147574	147566	50311508	Organic calville blanche d'hiver apples
147575	147566	50311509	Organic cameo apples
147576	147566	50311510	Organic charles ross apples
147577	147566	50311511	Organic codlin apples
147578	147566	50311512	Organic cortland apples
147579	147566	50311513	Organic costard apples
147580	147566	50311514	Organic court pendu plat apples
147581	147566	50311515	Organic cox's orange pippin apples
147582	147566	50311516	Organic crab apples
147583	147566	50311517	Organic crispin apples
148792	114611	50401500	Artichokes
148793	148792	50401501	Brittany artichokes
149171	114611	50403400	Cucumbers
149331	114611	50404500	Lentils
149714	105924	50410000	Organic fresh vegetables
149718	149714	50411500	Organic artichokes
149719	149718	50411501	Organic brittany artichokes
150642	114611	50407000	Nominant vegetables
150644	100776	14111617	Leathack paper
150645	100804	15111511	Liquefied natural gas LNG
150654	101714	25172511	Tire repair kit
150661	165678	30181607	Shower curtain or assembly
150662	165678	30181608	Shower rod
150663	165678	30181609	Shower caddy
150664	165678	30181610	Toilet tissue holder
150665	165678	30181611	Toothbrush or tumbler holder
150666	165678	30181614	Soap dispenser
150667	165681	30181806	Whirlpool jet
150674	102351	30103619	Precast concrete element
150677	102447	30162300	Cabinet accessories
150695	114947	42142718	Penile support and lengthening devices
150697	115283	42172104	Mobile medical services cardio pulmonary resuscitation CPR boards
150703	116371	42295016	Surgical or endoscopic video cable
150706	105389	46161700	Rescue equipment and accessories
150707	150706	46161701	Descending life line
150708	107753	46191611	Fire hose cart
150709	107753	46191612	Backpack water pump
150714	105643	48101819	Hand sterilizer
150773	114640	50131704	Powdered milk
150775	107193	53131639	Urinary incontinence pad
150813	108476	76121904	Hazardous waste water disposal
150814	108688	80111510	Job description development and writing service
150815	108756	80141706	Product brokerage service
150816	108753	80141624	Recognition program management service
150817	108753	80141625	Incentive program management service
150818	108753	80141626	Promotional program management service
150822	109524	90121603	Passenger ticket verification service
150823	109958	93161609	Tariff or duty
150824	109922	93151517	License or registration fee
150825	109922	93151518	Property title fee
150826	107373	81112300	Computer hardware maintenance and support 
150827	150826	81112301	Disk storage system maintenance
150828	150826	81112302	Nearline or backup system maintenance
150829	150826	81112303	Mainframe computer maintenance
150830	150826	81112304	UNIX server maintenance
150831	150826	81112306	Printer, scanner and multifunctional equipment maintenance
150832	150826	81112307	PC or workstation or notebook maintenance
150833	112934	81112204	Operating system software maintenance
150834	112934	81112205	Database management system software maintenance
150835	112934	81112206	Information retrieval or search software maintenance
150836	112934	81112207	Video conferencing software maintenance
150837	112934	81112208	Security and protection software maintenance
150838	112934	81112209	Development software maintenance
150839	104943	43233700	System management software
150840	150839	43233701	Enterprise system management software
150841	112934	81112210	System management software maintenance
150842	112934	81112211	Enterprise resource planning software maintenance
150843	112934	81112212	Customer relationship management software maintenance
150844	112934	81112213	Accounting software maintenance
150845	112934	81112214	Content authoring and editing software maintenance
150846	112934	81112215	Content management software maintenance
150847	112934	81112216	Educational or reference software maintenance
150848	112934	81112217	Industry specific software maintenance
150849	112934	81112218	Network application software maintenance
150850	112934	81112219	Computer game or entertainment software maintenance
150851	112934	81112220	Server software maintenance
150852	150826	81112305	X86 server maintenance
150925	105924	50320000	Dried fruit
150926	150925	50321500	Dried apples
150927	150926	50321501	Dried akane apples
152187	105924	50330000	Dried organic fruit
152188	152187	50331500	Dried organic apples
152189	152188	50331501	Dried organic akane apples
152190	152188	50331502	Dried organic ambrosia apples
153449	105924	50340000	Frozen fruit
153450	153449	50341500	Frozen apples
153451	153450	50341501	Frozen akane apples
155973	105924	50360000	Canned or jarred fruit
155974	155973	50361500	Canned or jarred apples
155975	155974	50361501	Canned or jarred akane apples
157235	105924	50370000	Canned or jarred organic fruit
157236	157235	50371500	Canned or jarred organic apples
157237	157236	50371501	Canned or jarred organic akane apples
158497	105924	50380000	Fresh fruit purees
158498	114738	50221300	Flour and milled products
158502	105924	50420000	Dried vegetables
158503	158502	50421500	Dried artichokes
158504	158503	50421501	Dried brittany artichokes
158606	158502	50421800	Dried beans
158640	158606	50421834	Dried lima beans
158958	158502	50424000	Dried green peas
159120	158502	50425400	Dried peas
159165	158502	50425600	Dried potatoes
159431	105924	50430000	Dried organic vegetables
159432	159431	50431500	Dried organic artichokes
159433	159432	50431501	Dried organic brittany artichokes
160360	105924	50440000	Frozen vegetables
160361	160360	50441500	Frozen artichokes
160362	160361	50441501	Frozen brittany artichokes
161289	105924	50450000	Frozen organic vegetables
161290	161289	50451500	Frozen organic artichokes
161291	161290	50451501	Frozen organic brittany artichokes
162218	105924	50460000	Canned or jarred vegetables
162219	162218	50461500	Canned or jarred artichokes
162220	162219	50461501	Canned or jarred brittany artichokes
162829	162218	50465300	Canned or jarred peanuts
163066	162218	50466800	Canned or jarred nominant vegetables
163084	163066	50466818	Canned or jarred chickpeas
163147	105924	50470000	Canned or jarred organic vegetables
163148	163147	50471500	Canned or jarred organic artichokes
163149	163148	50471501	Canned or jarred organic brittany artichokes
164076	100180	10191510	Abamectin
164077	100180	10191511	Fipronil
164080	100278	11122000	Engineered wood products
164117	133347	14111825	Menu
164231	113218	20121449	Plunger lift equipment
164266	104017	41112517	Optical flowmeter and accessories
164270	100990	22101535	Pile extractor
164271	100990	22101536	Tire washer
164277	101120	23153800	Coating systems
164281	101020	23300000	Wire machinery and equipment
164295	134850	23201204	Food drying equipment
164312	164281	23301500	Wire working machinery and equipment and accessories
164313	105226	45101612	Doctor blade
164353	101323	24112900	Crates
164355	101323	24113000	Slip sheets
164358	164355	24113003	Plastic slip sheet
164361	101378	24121511	Packaging carton
164381	101666	25174800	Specialized vehicle systems and components
164389	101803	26121800	Automotive cable
164392	101743	26101515	Gasoline outboard motor
164397	101783	26111610	Selsyn generator
164400	101783	26111609	Gas turbine generator
164401	101783	26111611	Auxiliary generator
164464	107585	27112035	Hedge trimmer
164538	102384	30131509	Sound proof block
164539	102384	30131510	Concrete block for revetment
164540	102384	30131511	Concrete armor unit
164541	102384	30131512	Autoclaved lightweight aerated concrete block
164542	102384	30131513	Rubber block
164543	102384	30131514	Reinforced concrete built up culvert block
164544	102389	30131606	Loess brick
164545	102389	30131607	Clay brick
164546	102389	30131608	Salt glazed brick
164547	102389	30131609	Fabricated brick
164548	102389	30131610	Insulating fire brick
164556	102487	30171517	Sound proof door
164557	102487	30171519	Blast proof door
164558	102487	30171521	Water tight door
164559	102487	30171522	Air tight door
164560	102487	30171523	Fire door
164561	102497	30171908	Window arch
164569	102447	30162400	Partition walls
164570	102487	30171518	Blem door
164571	102487	30171520	Door and window loop
164637	102995	31163300	Espaciador
164757	103497	40101709	Air handling unit
164758	103497	40101710	Reciprocating chiller
164759	103497	40101711	Centrifugal liquid chiller
164760	103497	40101712	Screw chiller
164761	103497	40101713	Absorption chiller
164762	103497	40101714	Absorption chiller heater
164764	103497	40101716	Cooling tower
164765	103497	40101717	Air conditioner power saver
164786	103660	41101708	Laboratory grinder or polisher
164787	103668	41101811	Electron probe x ray micro analyzer
164788	103668	41101812	Particle accelerator
164789	103849	41103416	Temperature cycle chamber
164790	103856	41103514	Laboratory steam generator
164791	116675	41104021	Fraction collector
164792	116731	41104513	Magnesium melt oven
164793	116758	41104818	Structured packing
164794	116767	41104930	Molecular sieve
164795	103919	41111630	Dial indicator or dial gauge
164796	103932	41111740	Automated optical inspection system
164797	103950	41111951	Humidistat
164798	103950	41111952	Hydrogen sulfide sensor
164799	103950	41111965	Water sensor
164800	103950	41111967	Lateral long yaw sensor
164801	103950	41111970	Temperature sensor
164802	103950	41111971	Binary counter
164803	103996	41112222	Temperature gauge
164804	103996	41112223	Compound gauge
164805	103996	41112224	Infrared thermometer
164806	103996	41112225	Resistance temperature detector RTD
164807	104032	41113040	Colony counter
164809	104109	41113650	Functional tester
164810	104109	41113651	Ring out board
164811	104109	41113652	Wire assembly board
164812	104109	41113653	In circuit tester ICT
164816	116889	41115831	Stacker or magazine for microplate handling
164817	103950	41111953	Supplemental inflator restraint arming sensor
164818	103950	41111954	Liquid sensor
164819	103950	41111955	Solar sensor
164820	103950	41111956	Infrared temperature sensor
164821	103950	41111957	Oil pressure sensor
164822	103950	41111958	Manifold ambient pressure sensor
164823	103950	41111959	Fuel pressure sensor
164824	103950	41111960	Ultrasonic sensor
164825	103950	41111961	Occupant sensor
164826	103950	41111962	Brake wear sensor
164827	103950	41111963	Fuel level sensor
164828	103950	41111964	Seat belt tension sensor
164829	103950	41111966	Humidity sensor
164830	103950	41111968	Angular rate sensor
164831	103950	41111969	Voltage control sensor
164832	103996	41112226	Low temperature thermocouple sensor
164833	103996	41112227	High temperature thermocouple sensor
164834	104010	41112413	Differentialpressure gauge
164835	116853	41115324	Ultraviolet sensor
164836	116930	41116149	Limulus amebocyte lysate LAL tester
164850	114820	42131708	Surgical cleanup or room turnover packs or kits
164851	114856	42141608	Bedpan liners or bags
164852	104282	42141810	Iontophoresis electrodes
164853	104282	42141811	Extracorporeal shock wave therapy systems
164854	142275	42143203	Artificial insemination catheters
164855	142275	42143204	Embryo transfer catheters
164856	114852	42144000	External hearing device parts and accessories
164862	104511	42161900	Therapeutic apheresis equipment and supplies
164864	115283	42172105	Mobile medical service automated external defibrillator AED accessories
164865	115384	42182706	Wound measuring grids or devices
164867	115615	42203426	Angiography guidewire torque devices
164868	115615	42203427	Angiography introducer needles
164869	104555	42203505	Implantable cardioverter defibrillators ICD or cardiac resynchronization therapy defibrillators CRT-D
164870	115759	42221515	Central venous catheter repair kit or sets
164874	116080	42281530	Steam autoclave or sterilizer accessories
164875	116424	42295465	Neurophysiological monitoring systems
164879	116485	42311540	Alginate dressings
164880	116485	42311541	Biological dressings
164881	143863	42312504	Facial support garments
164899	114918	42142535	Anesthesia nerve block trays or needles
164900	115615	42203428	Angiography control valves and hemostatic valves
164901	116112	42281811	Sterilization container locks
164904	117344	43201827	Portable hard disk storage device
164905	104870	43211728	Smart card dummy terminal
164906	104870	43211729	Optical mark reader
164907	104895	43211908	Vacuum fluorescent display
164908	117456	43222640	Wireless access point
164909	127939	43201414	Hard disk protector
164910	117344	43201826	Compact disk read only memory CD ROM array
164911	117374	43211618	Universal serial bus general packet radio service USB GPRS modem
164912	104899	43212115	Bar code printer
164913	104899	43212116	Radio frequency identification RFID tag printer
164914	105034	43232613	Manufacturing execution system MES software
164915	117344	43201828	Digital video disc audio DVD A
164916	117344	43201829	Digital video disc video DVD V
164917	117352	43201904	Digital video disc audio video DVD AV
164918	142994	43202219	Automotive heating ventilation air conditioning HVAC control head assembly
164919	142994	43202220	Automotive heating ventilation air conditioning HVAC power module
164920	142994	43202221	Automotive heating ventilation air conditioning HVAC resistor assembly
164921	104895	43211909	Poly light emitting diode LED display
164922	104895	43211910	Display tilt mechanism
164923	104895	43211911	Touchscreen glass
164924	104895	43211912	Touchscreen film
164925	117442	43221722	Global positioning system GPS antenna
164926	117442	43221723	Cellular antenna
164927	111239	44103206	Fingerprint time attendance and access control machine
164928	105238	45101709	Printing film
164929	133672	45111706	Combination audio mixer and amplifier
164930	133672	45111707	Audio equipment connector and stage box
164931	105406	46171622	Closed circuit television CCTV system
164932	107751	46191507	Passive firestop system
164939	184088	51453502	Nitazoxanide
164940	181786	51282109	Faropenem sodium
164941	184079	51452601	Febantel
164943	106404	51101913	Amodiaquine
164944	106404	51101914	Artesunate
164945	106404	51101915	Benflumetol or lumefantrine
164948	182830	51341802	Oseltamivir
164949	182845	51342305	Ganciclovir
164950	182882	51343004	Stavudine or stavidine
164951	182845	51342301	Valaciclovir or valacyclovir
164952	182845	51342308	Valganciclovir
164955	200360	51202409	Infliximab
164956	199857	51112705	Oxaliplatin
164958	106491	51111824	Exemestane
164961	106786	51182047	Tibolone
164963	183884	51431602	Atomoxetine
164964	181498	51261703	Nebivolol
164966	183932	51432503	Perindopril
164971	183987	51433804	Levosimendan
164979	183940	51432606	Eplerenone
164982	106560	51141535	Cabergoline
164985	106560	51141538	Donepezil
164989	183605	51401538	Midazolam
164990	182745	51333410	Ziprasidone
164991	182284	51294403	Aripiprazole
165001	183365	51384802	Etoricoxib
165008	106645	51151666	Tolterodine
165015	106679	51161524	Tiotropium
165020	106724	51171823	Granisetron
165025	106720	51171714	Racecadotril
165028	106730	51171926	Sevelamer
165041	137081	51201810	Galsulfase
165042	137081	51201811	Thalidomide
165052	143977	51241232	Isotretinoin
165056	106992	52141804	Domestic electric fan
165068	112970	53102715	Prison officer uniform
165069	112970	53102716	Prisoner uniform
165070	107063	53103200	Disposable clothes
165072	165070	53103201	Disposable work coat
165074	107258	55101529	Bankbook or passbook
165108	105743	60131520	Drum stick
165109	108116	72101509	Fire protection system and equipment maintenance or repair service
165110	107328	72110000	Residential building construction services
165111	165110	72111000	Single family dwelling construction services
165112	165111	72111001	Single family home remodeling addition and repair service
165113	165111	72111002	Single family home general remodeling service
165114	165111	72111003	On site mobile home repair service
165115	165111	72111004	Patio and deck construction and repair service
165116	165111	72111005	Single family home fire damage repair service
165117	165111	72111006	Single family home new construction service
165118	165111	72111007	Single family prefabricated home erection service
165119	165111	72111008	Single family new town home or garden home construction service
165120	165110	72111100	Multiple unit dwelling construction services
165121	165120	72111101	New apartment building construction service
165122	165120	72111102	New cooperative construction service
165123	165120	72111103	New condominium construction service
165124	165120	72111104	New dormitory construction service
165125	165120	72111105	New hotel or motel construction service
165126	165120	72111106	Apartment remodeling service
165127	165120	72111107	Cooperative apartment remodeling service
165128	165120	72111108	Condominium remodeling service
165129	165120	72111109	Dormitory remodeling service
165130	165120	72111110	Hotel or motel remodeling service
165131	165120	72111111	General residential construction contractor service
165132	107328	72120000	Nonresidential building construction services
165133	165447	72121102	Commercial and office building prefabricated erection service
165134	165447	72121103	Commercial and office building renovation and repair service
165135	165447	72121104	Restaurant construction service
165136	165447	72121105	Shopping center and mall construction service
165137	165132	72121200	Agricultural building construction services
165138	165137	72121202	Greenhouse construction service
165139	165132	72121300	Automotive garage and service station construction services
165140	165139	72121301	Automotive garage construction service
165141	165139	72121302	Automotive service station construction service
165142	165451	72121402	Fire station construction service
165143	165451	72121403	Hospital construction service
165144	165451	72121404	Post office construction service
165145	165451	72121406	School building construction service
165146	165451	72121407	Mausoleum construction service
165147	165451	72121408	Stadium construction service
165148	165451	72121409	Public library construction
165149	165451	72121410	Airport terminal and hanger construction
165150	165454	72121501	Chemical plant construction service
165151	165454	72121502	Mine loading and discharging station construction service
165152	165454	72121503	Oil refinery construction service
165153	165454	72121504	Waste disposal plant construction service
165154	165454	72121505	Waste water and sewage treatment plant construction service
165155	165454	72121506	Power plant construction service
165156	107328	72140000	Heavy construction services
165157	165156	72141000	Highway and road construction services
165158	165157	72141001	Highway and road new construction service
165159	165157	72141002	Highway and road sign or guardrail construction and repair service
165160	165157	72141003	Highway and road maintenance service
165161	165157	72141004	Highway reflector installation service
165162	165156	72141100	Infrastructure building and surfacing and paving services
165163	165162	72141101	Airport runway construction service
165164	165162	72141103	Highway and road paving service
165165	165162	72141104	Highway and road resurfacing service
165166	165162	72141110	Oil and gas branch line construction service
165167	165162	72141111	Gas main construction service
165168	165162	72141112	Natural gas compressor station construction service
165169	165162	72141113	Oil and gas pipeline construction service
165170	165162	72141114	Pipeline wrapping service
165171	165162	72141115	Electrical cable laying service
165172	165162	72141116	Television cable laying service
165173	165162	72141117	Telephone and communication cable laying service
165174	165162	72141118	Telecommunication transmission tower construction service
165175	165162	72141119	Aqueduct construction service
165176	165162	72141120	Sewer line construction service
165177	165162	72141121	Water main construction service
165178	165162	72141122	Electric power line construction service
165179	165162	72141123	Manhole construction service
165180	165162	72141124	Pipe laying service
165181	165162	72141125	Pumping station construction service
165182	165162	72141126	Underground utilities construction service
165183	165156	72141200	Marine construction services
165184	165183	72141201	Caisson drilling service
165185	165183	72141202	Canal construction service
165186	165183	72141203	Dam construction service
165187	165183	72141204	Dock construction service
165188	165183	72141205	Drainage system construction service
165189	165183	72141206	Dredging service
165190	165183	72141207	Harbor construction service
165191	108063	70171710	Irrigation system construction service
165192	165183	72141209	Levee construction service
165193	165183	72141210	Marina construction service
165194	165183	72141211	Pier construction service
165195	165183	72141212	Pond construction service
165196	165183	72141214	Sheet pile driving service
165197	165183	72141215	Underwater construction service
165199	165347	72153107	Golf course construction service
165200	165347	72153108	Tennis court construction service
165201	165156	72141400	Detention facility construction and repair services
165202	165201	72141401	Detention facility construction service
165203	165201	72141402	Detention facility remodeling and repair
165204	165156	72141500	Land preparation services
165205	165204	72141502	Land pre-construction assessment service
165206	165204	72141503	Rock removal service
165207	165204	72141504	Timber removal service
165208	165204	72141507	Pile driving service
165209	165204	72141508	Blasting service except building demolition
165210	165204	72141509	Trenching service
165211	165464	72141605	Railway track laying service
165212	107328	72150000	Specialized trade construction and maintenance services
165213	165212	72151000	Boiler and furnace construction and maintenance services
165214	165213	72151001	Boiler maintenance service
165215	165213	72151002	Boiler installation and setup service
165216	165213	72151003	Heating system maintenance and repair service
165217	165213	72151004	Hydronics heating system maintenance and repair service
165218	165212	72151100	Plumbing construction services
165219	165218	72151101	Septic system construction service
165220	165218	72151102	Fire sprinkler system installation service
165221	165218	72151103	Irrigation sprinkler system installation service
165222	165212	72151200	Heating and cooling and air conditioning HVAC construction and maintenance services
165223	165222	72151201	HVAC mechanical construction service
165224	165222	72151202	HVAC process piping construction service
165225	165222	72151203	HVAC solar energy construction service
165226	165222	72151204	HVAC ventilation and duct work construction service
165227	165222	72151205	HVAC refrigeration construction service
165228	165222	72151206	HVAC heating system construction service
165229	165212	72151300	Painting and paper hanging services
165230	165229	72151301	Residential painting service
165231	165229	72151302	Commercial painting service
165232	165229	72151303	Industrial painting service
165233	165229	72151304	Aircraft painting service
165234	165229	72151305	Bridge painting service
165235	165229	72151306	Pavement marking service
165236	165229	72151307	Ship painting service
165237	165229	72151308	Paper hanging service
165238	165212	72151400	Wall covering construction services
165239	165238	72151401	Commercial wall covering construction service
165240	165238	72151402	Residential wall covering construction service
165241	165212	72151500	Electrical system services
165242	165241	72151501	Lighting installation services
165243	165241	72151502	Electric power system construction service
165244	165241	72151503	Cogeneration plant construction service
165245	165241	72151505	Standby or emergency power installation service
165246	165241	72151506	Switchgear and related devices installation service
165247	165241	72151507	Electronic controls installation service
165248	165241	72151508	Computerized controls installation service
165249	165241	72151509	Energy management controls installation service
165250	165241	72151510	Environmental system control installation service
165251	165241	72151511	Lighting system maintenance or repair service
165252	165212	72151600	Specialized communication system services
165253	165252	72151601	Cable television installation service
165254	165252	72151602	Fiber optic cable installation service
165255	165252	72151603	Specialized sound equipment installation service
165256	165252	72151604	Telephone and telephone equipment installation service
165257	165252	72151605	Voice and data and video wiring service
165258	165212	72151700	Safety and security system installation services
165259	165258	72151701	Access control system installation service
165260	165258	72151702	Closed circuit television system installation service
165261	165258	72151703	Fire detection and burglar alarm systems installation service
165262	165212	72151800	Machine installation and maintenance and repair services
165263	165262	72151801	Banking machine installation and maintenance
165264	165212	72151900	Masonry and stonework services
165265	165264	72151901	Foundation building service
165267	165264	72151903	Bricklaying service
165268	165264	72151904	Chimney construction and maintenance service
165269	165264	72151905	Concrete block masonry service
165270	165264	72151906	Drain tile installation service
165271	165264	72151907	Exterior marble masonry service
165272	165264	72151908	Refractory or acid brick masonry service
165273	165264	72151909	Stone masonry service
165274	165264	72151910	Mortar tuckpointing or restoration service
165275	165264	72151911	Unit paver installation service
165276	165212	72152000	Plastering and drywall services
165277	165276	72152001	Drywall installation and repair service
165278	165276	72152002	Fresco installation and repair service
165279	165276	72152003	Mantel installation and repair service
165280	165276	72152004	Plain or ornamental plastering service
165281	165276	72152005	Stucco installation and repair service
165282	165212	72152100	Acoustical and insulation services
165283	165282	72152101	Acoustical and ceiling work service
165284	165282	72152102	Exterior insulation and finishing service
165285	165282	72152103	Building insulation service
165286	165282	72152104	Solar reflecting insulation film service
165287	165212	72152200	Terrazzo tile and marble and mosaic services
165288	165287	72152201	Interior marble installation service
165289	165287	72152202	Mosaic creation and repair service
165290	165287	72152203	Terrazzo installation and repair service
165291	165287	72152204	Ceramic tile installation service
165292	165212	72152300	Carpentry services
165293	165292	72152301	Rough carpentry service
165294	165292	72152302	Finish carpentry service
165295	165292	72152303	Cabinet building and installation service
165296	165212	72152400	Window and door installation and erection services
165297	165296	72152401	Garage door installation or erection service
165298	165296	72152402	Prefabricated window and door installation service
165299	165296	72152403	Entryway and exit framing service
165300	165296	72152404	Metal stud installation service
165301	165296	72152405	Store fixture installation service
165302	165212	72152500	Floor laying services
165303	165302	72152501	Access flooring system installation service
165304	165302	72152502	Asphalt tile installation service
165305	165302	72152503	Carpet laying service
165306	165302	72152504	Ceramic floor tile installation service
165307	165302	72152505	Linoleum installation service
165308	165302	72152506	Resilient floor laying service
165309	165302	72152507	Vinyl floor tile and sheet installation service
165310	165302	72152508	Wood floor installation and refinishing service
165311	165302	72152509	Floor leveling service
165312	165212	72152600	Roofing and siding and sheet metal services
165313	165312	72152601	Roofing service
165314	165312	72152602	Gutter and downspout service
165315	165312	72152603	Skylight installation service
165316	165312	72152604	Architectural sheet metal service
165317	165312	72152605	Ceiling erection and repair service
165318	165312	72152606	Siding installation and repair service
165319	165312	72152607	Chute installation service
165320	165212	72152700	Concrete installation and repair services
165321	165320	72152702	Grouting service
165322	165320	72152703	Gunite installation service
165323	165320	72152704	Curb construction service
165324	165320	72152705	Sidewalk or ramp construction service
165325	165320	72152706	Driveway construction service
165326	165320	72152707	Retaining wall construction service
165327	165320	72152708	Parking lot construction service
165328	165320	72152709	Concrete pumping service
165329	165320	72152710	Foundation and footing construction service
165330	165320	72152711	Concrete patio construction service
165331	165212	72152800	Water well drilling services
165332	165331	72152801	Domestic water well drilling service
165333	165331	72152802	Geothermal water well drilling service
165334	165212	72152900	Structural steel erection services
165335	165334	72152901	Metal building front installation service
165336	165334	72152902	Concrete reinforcement placing service
165337	165334	72152903	Elevator front installation service
165338	165334	72152904	Exterior metal wall system installation service
165339	165334	72152905	Structural iron work service
165340	165334	72152906	Metal lath and furring service
165341	165334	72152907	Precast concrete structural framing panel placing service
165342	165334	72152908	Smoke stack installation service
165343	165334	72152909	Metal storage tank erection service
165344	165212	72153000	Glass and glazing services
165345	165344	72153001	Ballistic resistant glazing installation service
165346	165344	72153002	Glazing installation and repair service
165347	165212	72153100	Athletic and recreational facility construction services
165348	165347	72153101	Bowling alley installation service
165349	165347	72153102	Indoor sport court construction service
165350	165347	72153103	Playground construction and equipment installation service
165351	165347	72153104	Spa or hot tub construction and installation service
165352	165347	72153105	Swimming pool construction service
165353	165212	72153200	Coating and caulking and weather water and fireproofing services
165354	165353	72153201	Plastic coating of concrete structures service
165355	165353	72153202	Metal structure coating service
165356	165353	72153203	Corrosion control service
165357	165353	72153204	Damp proofing service
165358	165353	72153205	Caulking service
165359	165353	72153206	Building fireproofing service
165360	165353	72153207	Glazing of concrete surfaces service
165361	165353	72153208	Insulation of pipes and boilers service
165362	165353	72153209	Waterproofing service
165363	165212	72153300	Service station equipment installation and maintenance services
165364	165363	72153301	Gasoline pump installation service
165365	165363	72153302	Diesel pump installation service
165366	165212	72153400	Rigging and scaffolding services
165367	165212	72153500	Structural exterior cleaning services
165368	165367	72153501	Building exterior cleaning service
165369	165367	72153502	Building exterior sandblasting service
165370	165367	72153503	Building exterior steam cleaning service
165371	165212	72153600	Interior finishing and furnishing and remodeling services
165372	165371	72153601	Bathtub refinishing and repair service
165373	165371	72153602	Closet organizer installation and repair service
165374	165371	72153603	Counter top installation service
165375	165371	72153604	Drapery track installation service
165376	165371	72153605	Kitchen and bathroom remodeling service
165377	165371	72153606	Office furniture installation service
165378	165371	72153607	Plastic wall tile installation service
165379	165371	72153608	Window treatment installation service
165380	165371	72153609	Domestic or commercial appliance installation service
165381	165371	72153610	Prefabricated fireplace installation service
165382	165371	72153611	Kitchen cabinet installation service
165383	165471	72153701	Parking facility equipment installation
165384	165471	72153702	Parking lot maintenance
165389	165212	72153900	Building site preparation services
165390	165389	72153901	Shoring and underpinning work
165391	165389	72153902	Mobile home site set up and tie down
165392	165212	72154000	Specialty building and trades services
165393	165392	72154001	Antenna installation service
165394	165392	72154002	Artificial turf installation service
165395	165392	72154003	Awning installation service
165396	165392	72154004	Building mover service
165397	165392	72154005	Cable splicingservice
165398	165392	72154006	Core drilling and cutting service
165399	165392	72154007	Dewatering service
165400	165392	72154008	Diamond drilling and sawing service
165401	165392	72154009	Industrial dock and dock equipment installation service
165402	165392	72154010	Elevator installation maintenance and repair service
165403	165392	72154011	Epoxy application service
165404	165392	72154012	Concrete forms erection and dismantling service
165405	165392	72154013	Fence construction service
165406	165392	72154014	Fiberglass installation and maintenance service
165407	165392	72154015	Fire escape installation service
165408	165392	72154016	Parade float construction service
165409	165392	72154017	Food service equipment installation service
165410	165392	72154018	Fountain installation service
165411	165392	72154019	Gas leak detection service
165412	165392	72154020	Medical gas system installation service
165413	165392	72154021	Glass tinting service
165414	165392	72154022	Hydraulic equipment installation and maintenance service
165415	165392	72154023	Lightning conductor erection service
165416	165392	72154024	Ornamental metal and iron work service
165417	165392	72154026	Hydrogen cell refueling service
165418	165392	72154027	Posthole digging service
165419	165392	72154028	Sign installation and maintenance service
165420	165392	72154029	Steeple jack installation and repair service
165421	165392	72154030	Tower bell installation and repair service
165422	165392	72154031	On site welding service
165423	165392	72154032	Window and door and screening installation and repair service
165424	165392	72154033	Theatrical prop or set or scenery construction erection and repair service
165425	165392	72154035	Nuclear power refueling service
165426	165392	72154036	Central vacuum cleaning system installation service
165427	165392	72154037	Safe or vault installation service
165428	165392	72154038	Airwave shielding installation for computer room service
165429	165392	72154039	Building board up service
165430	165392	72154040	Underground protective lining installation service
165431	165392	72154042	Flag pole erection service
165432	165392	72154044	Water hewning or use service
165433	165392	72154045	Ground water level reduction service
165434	165392	72154047	Lift table service
165435	165392	72154048	Balcony and external walkway service
165436	165392	72154049	Sun screen service
165437	107329	72103300	Infrastructure maintenance and repair services
165438	165132	72121000	New industrial building and warehouse construction services
165439	165438	72121001	Dry cleaning plant construction and remodeling service
165440	165438	72121002	Food product manufacturing or packing plant construction and remodeling service
165441	165438	72121003	Grain elevator construction and remodeling service
165442	165438	72121004	Paper or pulp mill construction and remodeling service
165443	165438	72121005	Pharmaceutical manufacturing plant construction and remodeling service
165444	165438	72121006	Prefabricated industrial building erection and remodeling service
165445	165438	72121007	Truck and automobile assembly plant constructionand remodeling service
165446	165438	72121008	Warehouse construction and remodeling service
165447	165132	72121100	Commercial and office building construction services
165448	165447	72121101	Commercial and office building new construction service
165449	165137	72121201	Farm building construction service
165450	165137	72121203	Silo and agricultural service building construction service
165451	165132	72121400	Specialized public building construction services
165452	165451	72121401	Bank building construction service
165453	165451	72121405	Religious building construction service
165454	165132	72121500	Industrial plant construction services
165455	165162	72141102	Land grading service
165456	165162	72141105	Sidewalk construction and repair service
165457	165162	72141106	Gravel or dirt road construction service
165458	165162	72141107	Bridge construction and repair service
165459	165162	72141108	Tunnel construction and repair service
165460	165162	72141109	Viaduct construction and repair service
165461	165183	72141213	Waterway construction service
165462	165347	72153106	Athletic field construction service
165463	165204	72141505	Earthmoving service
165464	165156	72141600	Mass transit system construction services
165465	165464	72141601	Light rail construction service
165466	165464	72141602	Right of way cutting service
165467	165464	72141603	Railroad and railway roadbed construction service
165468	165464	72141604	Subway construction service
165469	165241	72151504	Computer power conditioning service
165470	165320	72152701	Exterior concrete stucco service
165471	165212	72153700	Parking facility construction and equipment installation and maintenance and repair services
165472	165392	72154025	Petroleum storage tank pumping and draining service
165473	165392	72154034	Underground petroleum storage tank installation service
165474	165392	72154041	Target systems installation service
165475	165392	72154043	Industrial and commercial sprayingservice
165476	165392	72154046	Escalator installation service
165481	114259	73152104	Packaging equipment maintenance and repair service
165482	114259	73152107	Machining equipment rebuild and refurbishment service
165496	114259	73152106	Baking and heating equipment maintenance and repair service
165515	108651	78131806	Self storage or mini storage service
165516	108641	78121603	Freight fee
165517	108670	80101509	Government affairs and community relations consultation service
165518	108670	80101510	Risk management consultation service
165519	108677	80101605	Temporary drafting service
165521	107366	80121900	Compensated legal participation services
165522	165521	80121901	Jury member service
165523	165521	80121902	Witness service
165524	165521	80121903	Expert witness service
165525	108771	80151605	Customs consulting service
165526	107370	80161700	Asset recovery service
165527	165526	80161701	Byproduct disposal or sale service
165528	165526	80161702	Capital asset disposal or sale service
165529	165526	80161703	Excess or obsolete non capital material disposal or sale service
165530	165392	72154050	Shopping cart maintenance or repair service
165531	108783	81101516	Energy or utility consulting service
165532	108799	81101710	Wafer reclaiming service
165533	108799	81101711	Electronic component manufacturing service
165534	177554	72154302	Motor installation and maintenance service
165535	109007	82131505	Film post production service
165536	109125	84111508	Export administration and accounting service
165537	145198	85161504	Medical or surgical equipment service agreement
165538	145198	85161505	Medical or surgical equipment or implant rental and shipping fee
165539	107404	85170000	Death and dying support services
165540	165539	85171600	Hospice care
165541	165540	85171601	Hospice administration service
165542	107422	90121800	Emergency travel assistance services
165543	165542	90121801	Emergency travel agent assistance
165545	109922	93151519	Censorship service
165547	114808	42131613	Medical staff eye shields or visors
165549	165367	72153506	New building post construction cleanup service
165550	165392	72154051	Grave relocation service
165551	165392	72154052	Post disaster renovation and repair service
165552	165392	72154053	Broadcasting station repair service
165553	165454	72121507	Tank construction and servicing
165560	100256	11111612	Limestone dust or mine rock dust
165569	100622	12131509	Ammonium nitrate and fuel oil ANFO
165571	133347	14111826	Birth certificate
165572	133347	14111827	Death certificate
165582	101378	24121512	Cold pack or ice brick
165583	101378	24121513	Packaging case
165585	101456	25101910	Water sprinkling truck
165586	101456	25101911	Aerial working platform truck
165587	101456	25101912	Ladder lift truck
165588	101456	25101913	Refrigerator truck
165589	101456	25101914	Waste collection vehicle or garbage truck
165590	101456	25101915	Oil tank truck
165591	101456	25101916	Hopper truck
165592	101456	25101917	Flatbed truck
165593	101456	25101918	Neighborhood electric vehicle NEV
165594	101456	25101919	Road sweeper
165595	101466	25111515	Liquified gas carrier
165596	101466	25111516	Inflatable rubber boat
165597	101466	25111517	Hovercraft
165598	101466	25111518	Hospital ship
165600	101466	25111520	Buoy
165603	101526	25131509	Fixed wing training aircraft or trainer
165606	101714	25172512	Motorcycle tire
165611	107545	25181719	Refrigerated trailer
165675	102373	30121800	Landscape architecture materials
165678	102510	30181600	Non sanitary residential fixtures
165679	165678	30181612	Shaving razor hook
165680	165678	30181613	Bathtub or whirlpool apron or skirt
165681	102510	30181800	Faucet and shower heads, jets and parts and accessories
165682	165681	30181808	Rough in valve
165683	165681	30181809	Hand shower repair kit
165684	165681	30181810	Faucet trim
165685	165681	30181811	Faucet repair kit
165686	165681	30181812	Body spray head
166280	102648	31390000	Machinings
166303	103442	39111530	Commercial downlighting fixture
166304	103442	39111531	Commercial downlighting trim
166312	103459	39111612	Area lighting
166313	103459	39111613	Security lighting
166365	102155	40171600	Industrial pipe and piping
166691	111101	40181800	Welded steel tubes
166775	111101	40183000	Rubber and plastic tubing
166779	104109	41113654	Current loop meter
166780	116853	41115325	Thermal imager
166781	114891	42142120	Therapeutic cryo compression therapy cuffs
166782	114918	42142536	Thoracentesis or paracentesis needles and catheters
166783	114918	42142538	Paracentesis sets or trays
166784	145301	42143903	Colon catheters or rectal tubes
166785	114852	42144100	Pleural cavity drain products
166786	166785	42144102	Chest tubes
166787	166785	42144103	Chest tube kits
166789	104276	42182210	Non mercury glass medical thermometers
166790	203340	42296705	Surgical bone cements
166791	203340	42296702	Surgical bone cement mixers
166792	203340	42296703	Surgical bone cement injectors 
166797	117344	43201830	Solid state drive SSD
166798	142994	43202222	Computer cable
166799	104844	43211515	Computer workstation
166800	117374	43211619	Notebook computer carrying case
166801	145105	43223311	Fiber optic attenuator
166802	145105	43223312	Fiber optic cable stripper
166803	145105	43223313	Fiber optic crimper
166804	145105	43223314	Fiber optic polishing fixture
166805	145105	43223315	Fiber optic tool blade set
166806	145105	43223316	Fiber optic scribe
166807	145105	43223317	Fiber optic buffer remover
166808	145105	43223318	Fiber optic emitter
166809	145105	43223319	Fiber optic detector
166810	145105	43223320	Fiber optic continuity tester
166811	145105	43223321	Fiber optic connector clip
166812	145105	43223322	Fiber optic support grip
166813	145105	43223323	Fiber optic adapter
166814	145105	43223324	Fiber optic polishing film
166815	145105	43223325	Fiber optic swab
166816	145105	43223326	Fiber optic patch cord
166817	145105	43223327	Fiber optic fault locator
166818	145105	43223328	Fiber optic patch panel
166819	145105	43223329	Fiber optic light source
166820	145105	43223330	Fiber optic connector assembly tool
166821	145105	43223331	Fiber optic insert
166822	145105	43223332	Fiber optic tool kit
166823	145105	43223333	Fiber optic scope eyepiece
166824	145105	43223334	Fiber optic tool and die set
166825	145105	43223335	Fiber optic music wire
166826	145105	43223336	Fiber optic scope adapter
166827	105108	44103125	Printer maintenance kit
166829	158498	50221303	Corn starch or corn flour
166833	200297	51183601	Exenatide
166836	107049	52161553	Blu ray video disc player or recorder
166839	105713	60131006	Synthesizer
166853	108116	72101515	Subsidence service work
166854	146295	72103103	Aboveground conveyor service
166855	146295	72103104	Underground conveyor service
166856	165454	72121508	Preparation plant construction service
166857	165454	72121509	Underground Electrical Services
166858	165262	72151802	Machinery component refurbishing and repair service
166860	108693	80111625	Temporary manual labor underground
166861	107373	81112400	Computer hardware rental or leasing services
166862	166861	81112401	Computer hardware rental
166863	145158	81161712	Network voice service
166865	101456	25101920	Tank trucks
166866	101456	25101921	Van trucks
166867	103459	39111616	Outdoor lighting accessories
166869	103486	40101512	Ventilation tube fittings
166870	116333	42294958	Endoscopic vessel sealing and cutting attachments
166871	203340	42296704	Surgical bone cement kits
167589	100001	10210000	Live plants of high species or variety count flowers
168567	100001	10220000	Live plants of low species or variety count flowers
173638	102047	30260000	Structural materials
173754	173638	30263900	Specialty steel bars
173857	173638	30265000	Aluminum sheets
173858	173857	30265001	Aluminum SAE 1000 series cold rolled sheet
173859	173857	30265002	Aluminum SAE 1000 series hot rolled sheet
173860	173857	30265003	Aluminum SAE 2000 series cold rolled sheet
173861	173857	30265004	Aluminum SAE 2000 series hot rolled sheet
173862	173857	30265005	Aluminum SAE 3000 series cold rolled sheet
173863	173857	30265006	Aluminum SAE 3000 series hot rolled sheet
173864	173857	30265007	Aluminum SAE 4000 series cold rolled sheet
173865	173857	30265008	Aluminum SAE 4000 series hot rolled sheet
173866	173857	30265009	Aluminum SAE 5000 series cold rolled sheet
173867	173857	30265010	Aluminum SAE 5000 series hot rolled sheet
173868	173857	30265011	Aluminum SAE 6000 series cold rolled sheet
173869	173857	30265012	Corrugated aluminum sheet
173885	173638	30265400	Iron sheets
173886	173885	30265401	Ductile iron hot rolled sheet
173887	173885	30265402	Gray iron hot rolled sheet
173888	173885	30265403	White iron hot rolled sheet
173889	173885	30265404	Malleable iron hot rolled sheet
173905	173638	30265800	Plastic bars and sheets
173907	173905	30265802	Plastic sheet
173954	102048	30103900	Shafts
173989	102648	31400000	Gaskets
173990	173989	31401500	Molded gaskets
173993	173990	31401503	O ring molded gasket
174031	102648	31410000	Seals
174088	102648	31420000	Sintered parts
174112	103	95000000	Land and Buildings and Structures and Thoroughfares
174113	174112	95100000	Land parcels
174114	174113	95101500	Residential land parcel
174125	174113	95101600	Commercial land parcels
174131	174113	95101700	Industrial land parcels
174138	174131	95101707	Telecommunication site
174140	174113	95101800	Governmental land parcels
174148	174113	95101900	Agricultural land
174152	174112	95110000	Thoroughfares
174153	174152	95111500	Limited traffic thoroughfares
174156	174153	95111503	Access roads
174157	174152	95111600	Open traffic thoroughfares
174167	100401	11162132	Damask fabric
174168	100401	11162133	Satin fabric
174177	175477	15101802	Ethanol
174178	100831	15121807	Antifreeze
174186	101266	24101513	Tugger
174203	101666	25174900	Vehicle vibration dampeners and isolators
174218	102043	27112841	Hand drill bit for metal
174221	145452	30121712	Post cover
174237	135572	39121036	Radio frequency RF transformer
174246	103497	40101719	Liquid refrigerant receiver
174247	103497	40101720	Unit cooler
174248	103497	40101721	Water cooled condensor
174249	103497	40101722	Steam condenser
174305	103950	41111972	Supplemental inflator restraint SIR or airbag coil assembly sensor
174306	104282	42141812	Static electricity generators for electric stimulation
174307	104282	42141813	Electroconvulsive devices
174308	104282	42141814	Static electricity stimulators
174309	104282	42141815	High frequency electromagnetic wave stimulators
174310	104282	42141816	Electromagnetic therapy stimulators
174311	104282	42141817	Magnetotherapy pulse stimulators
174312	114891	42142121	Moist steam cabinets
174313	114935	42142619	Prefilled flush syringes
174314	114947	42142719	Urethrotomes
174315	114947	42142720	Male external urinary catheters
174316	142268	42143107	Perinometers
174317	142268	42143108	Abdominal decompression chambers
174318	142278	42143302	Chemotherapy prep mats
174319	142278	42143303	Chemotherapy transport bags
174320	144216	42143709	Visible light radiators
174321	114852	42144200	Acupuncture equipment
174352	104473	42181720	Stress exercise monitoring systems
174353	104473	42181721	Sphygmographs
174355	142268	42143121	Fetal scalp electrodes
174356	142268	42143123	Fetal electroencephalographic monitors
174357	104276	42182211	Infrared thermography systems
174359	115355	42182314	Biofeedback devices
174360	115355	42182315	Electroencephalographic spectrum analysers
174361	115355	42182316	Evoked response detectors
174380	142546	42192606	Powder blowers
174381	104317	42201846	Radiographic and fluoroscopic x ray collimators
174382	104317	42201847	Mobile x ray systems
174383	104317	42201848	Digital x ray imaging systems
174384	104317	42201849	Fluorescent scanners
174385	104317	42201850	Nuclear tomography systems
174386	104317	42201851	Beta or gamma counters for clinical use
174387	104317	42201852	Fluorescent screens
174389	115576	42202106	Manual radionuclide applicator systems or guides 
174392	115615	42203429	Pericardiocentesis catheters
174393	104555	42203506	Implantable cardiac defibrillator device ICD or cardiac resynchronization therapy defibrillator CRT D leads or electrodes
174394	115642	42203903	Medical neutron radiation therapy systems
174395	115759	42221516	Catheter tip occluders
174396	115792	42221904	Electromagnetic blood flowmeters
174397	115792	42221905	Laser blood flowmeters
174398	115792	42221906	Magnetic resonance blood flowmeters
174399	115795	42222009	Syringe actuators for an injector
174400	142628	42231904	Breast feeding pillows
174403	104334	42271722	Oxygen uptake computers
174413	116134	42296200	Surgical robotic equipment and accessories and related products
174414	174413	42296201	Surgical robotic clip application instruments
174415	174413	42296202	Surgical robotic dissection instruments
174416	174413	42296203	Surgical robotic electrocautery instruments
174417	174413	42296204	Surgical robotic graspers or forceps
174418	174413	42296205	Surgical robotic hook instruments
174419	174413	42296206	Surgical robotic knot pusher or delivery instruments
174420	174413	42296207	Surgical robotic needle drivers
174421	174413	42296208	Surgical robotic retractor instruments
174422	174413	42296209	Surgical robotic scalpels and blades
174423	174413	42296210	Surgical robotic scissors
174424	174413	42296211	Surgical robotic ultrasonic energy instruments
174446	127939	43201415	Subscriber identity module SIM card
174447	104895	43211913	LCD active display
174448	104895	43211914	LCD passive display
174449	117456	43222641	Internet protocol sharing device
174450	145105	43223337	Fiber optic enclosure
174451	107751	46191508	Belt monitoring system
174452	105643	48101820	Commercial kitchen hood
174478	182882	51343005	Stavudine and lamivudine and nevirapine
174482	181948	51283901	Sulfacetamide
174483	179094	51112005	Imatinib
174485	106491	51111828	Cyproterone
174487	183917	51432305	Losartan
174489	111528	51191918	Folic acid
174491	136933	51131811	Tranexamic acid
174493	182697	51332807	Chlorpromazine
174494	183305	51383905	Lysine clonixinate
174502	111528	51191909	Thiamine
174503	143977	51241235	Calcitriol
174506	137120	51143203	Varenicline
174511	107188	53131510	Denture adhesive
174512	107193	53131641	Petroleum jelly
174514	107193	53131643	Electric hair clipper
174515	107187	53131700	Therapeutic massage equipment
174517	107258	55101530	Code book
174518	107258	55101531	Law book
174519	132610	55121808	Identification badge clip
174520	111085	56111806	Swiveling barber chair
174569	165156	72141700	Construction machinery and equipment rental or leasing services
174570	174569	72141701	Construction machinery rental or leasing service
174571	174569	72141702	Construction equipment rental or leasing service
174574	108627	78111704	Marine craft rental or leasing service
174575	111534	78181507	Automotive and light truck maintenance and repair
174576	111534	78181508	Heavy truck maintenance and repair
174577	107370	80161800	Office equipment rental or leasing services
174578	174577	80161801	Photocopier rental or leasing service
174579	107373	81112500	Computer software licensing rental or leasing service
174580	174579	81112501	Computer software licensing service
174581	174579	81112502	Computer software rental or leasing service
174582	145204	81161800	Data voice or multimedia network equipment or platform rental or leasing services
174583	174582	81161801	Data communication equipment or platform rental or leasing service
174584	100001	10200000	Live rose bushes
174597	100173	10171611	Calcium fertilizer
174598	100168	10171800	Soil conditioners
174601	100188	10191707	Ultrasonic pest repeller
175437	100256	11111613	Wollastonite
175438	100267	11111812	Vermiculite
175440	164080	11122005	Glued laminated timber
175441	164080	11122006	Treated timber
175446	100370	11162400	Batting
175457	110454	12164900	Waterproofing agents
175467	100758	14111540	Stamp paper
175468	100758	14111541	Optical mark reader paper
175469	100758	14111542	Korean paper for stationery
175470	100758	14111543	Inkstone
175471	100776	14111618	Kent paper
175472	100754	14121506	Corrugated fiberboard or container board CCM
175473	100754	14121507	Volatile corrosion inhibitor or VCI paper
175474	107489	14121703	Laminated aluminum foil paper
175475	110840	14122107	Corrugated base paper
175477	100788	15101800	Plant based liquid fuels or biofuels
175478	175477	15101801	Biodiesel
175487	100903	21101517	Rotary tiller or power tiller
175499	100925	21101709	Baler
175512	100966	21102305	Agricultural sun shade material
175514	100990	22101537	Concrete pile cutter
175515	100990	22101538	Snow plow
175557	133339	23153145	Spray gun
175560	144637	23153605	Dot marking machine
175565	101239	23181514	Cheese making machine
175607	144680	23242612	Metal engraving machine
175622	144652	23251900	Metal container manufacturing machinery and equipment
175636	145207	23271423	Alternating current AC arc welder
175644	101266	24101514	Platform truck
175645	101266	24101515	Straddle carrier truck
175646	101266	24101516	Powered platform truck
175647	101266	24101517	Electric tow tractor
175648	101274	24101644	Dumb waiter
175659	101274	24101655	Vehicle parking lift system
175660	101274	24101656	Tractor towed crane
175662	101274	24101658	Lifting magnet
175663	101274	24101659	Vehicle movable jack or dolly
175665	101274	24101661	Vehicle lift
175675	101324	24111512	Straw bag
175676	101324	24111513	Cotton bag
175677	101324	24111514	Zipper bag
175678	101342	24111814	Hot water tank
175679	101342	24111815	Steam condensate tank
175680	101342	24111816	Liquified gas tank or cylinder
175681	101342	24111817	Cement silo
175683	178427	24113104	Cold storage box
175684	178427	24113105	Ballot box
175685	145230	24112805	Temperature controlled freight container
175690	101430	25101509	Electrically powered vehicle
175691	101452	25101804	Motorcycle sidecar
175692	101456	25101922	Road repair truck
175693	101456	25101923	Crawler type tractor
175694	101456	25101924	Guard rail cleaning vehicle
175695	101456	25101925	Sign truck
175696	101456	25101926	Snow plow truck
175697	101456	25101927	Salt spreader truck
175698	101456	25101928	Mobile media truck
175699	101456	25101929	Mobile office van
175700	101456	25101930	Lighting truck
175701	101456	25101931	Outside broadcasting van
175702	101456	25101932	Crowd control truck
175703	101456	25101933	Crane truck
175704	101456	25101934	Funeral vehicle or hearse
175705	101456	25101935	Spray truck
175706	101456	25101936	Vacuum truck
175707	101456	25101937	Medical examination and treatment bus
175708	101456	25101938	Bloodmobile
175711	101466	25111524	Bulk carrier
175714	101466	25111527	Row boat
175715	101466	25111528	Quarantine boat
175716	101466	25111529	Weather ship
175719	101466	25111532	Debris collection vessel
175720	101466	25111533	Training ship
175723	101481	25111722	Coast guard boat or cutter
175725	101481	25111724	Fishery training ship
175726	101481	25111725	Fishery research ship
175727	101481	25111726	Marine pollution control ship
175741	101722	25172709	Vehicle air conditioner
175742	101722	25172710	Vehicle heater
175743	101722	25172711	Vehicle air purifier
175750	114369	25174414	Tachograph
175772	101666	25175000	Electric vehicle charging systems
175776	101680	25181604	Cargo truck body
175777	101680	25181605	Dump truck body
175778	101680	25181606	Trailer body
175782	101680	25181610	Air cargo trailer
175784	101680	25181612	Agricultural trailer
175785	101617	25191515	Ground controlled approach system
175786	101617	25191516	Aircraft air start unit
175787	101617	25191517	Aircraft air conditioning and heating truck
175788	101617	25191518	Aeronautical sensor test equipment
175789	101617	25191519	Aircraft towing adapter
175790	101617	25191520	Environmental test chamber
175791	101617	25191521	Retractable hook cable support system
175792	101617	25191522	Aircraft engine maintenance set
175793	101617	25191523	Airplane baggage tug or tractor
175794	101617	25191524	Airfreight conveyor truck
175795	101617	25191525	Aircraft refueling truck
175835	107553	25191800	Vehicle testing and measuring equipment
175892	101783	26111612	Impulse generator
175893	101783	26111613	Tidal wave generator
175894	101791	26111727	Battery discharger
175895	101791	26111728	Standard cell
175896	101791	26111729	Auto battery charger unit
175984	102360	30111507	Soil cured concrete
175985	102360	30111508	Water permeable concrete
175986	102360	30111509	Asphalt based concrete
175987	102359	30111800	Aggregates
175990	102359	30111900	Concrete reinforcement hardware
175994	145452	30121713	Manhole cover
175995	145452	30121714	Manhole box
175996	145452	30121715	Bridge expansion joint
175997	145452	30121716	Bridge seat mounting
175998	145452	30121717	Guardrail
175999	145452	30121718	Safety fence and net for rock drop
176000	145452	30121719	Safety separator for road
176004	102384	30131515	Wood block
176005	102384	30131516	Braille block
176009	102413	30151513	Ceramic roof tile
176010	102413	30151514	Metal roof tile
176011	102413	30151515	Wooden roof tile
176012	102487	30171524	Shielding door
176013	102487	30171525	Pressure door
176014	102487	30171526	Folding door
176015	102500	30171710	Insulating glass
176016	102500	30171711	Corrugated glass
176021	102519	30191800	Temporary construction and maintenance support equipment and materials
176025	102533	95141711	Tollbooth
176026	132793	95121809	Movable weir
176027	144839	95131605	Shipping container house
176028	144839	95131606	Portable sales booth
176034	102966	31152200	Non electric iron and steel wire
176044	102966	31152300	Non electric nonferrous metal wire
176086	102995	31163400	Metal nets and screening structures
176177	135572	39121040	Electric power saver
176220	102550	39122200	Electrical switches and accessories
176225	102550	39122300	Electrical relays and accessories
176253	103492	40101609	Ceiling fan
176274	103624	40161608	Air sterilizer
176277	103660	41101709	Laboratory asphalt and concrete mixer
176278	103668	41101813	Laboratory X ray equipment controller
176279	103746	41102427	Drying tower
176280	103746	41102428	Bibulous paper
176281	103746	41102429	Blood unit tubing heat sealer
176282	103801	41102923	Somatic cell counter
176287	103816	41103026	Benchtop ice bucket or chilling container
176288	103816	41103027	Blood unit storage boot
176289	103828	41103211	Laboratory wastewater treatment equipment
176290	103828	41103212	Lab glassware cleaning brush
176291	103833	41103319	Concentration measurement instrument
176292	103833	41103320	Density measurement instrument
176293	103833	41103321	Floating body stability measurement apparatus
176294	103833	41103322	Draft gauge
176295	103833	41103323	Open channel acoustic flowmeter
176296	103833	41103324	Laboratory wave generator
176297	103833	41103325	Visual fluid flow apparatus
176298	103833	41103326	Wind tunnel
176299	103833	41103327	Current meter
176300	103849	41103417	Indoor air quality monitor
176302	103849	41103418	Temperature and humidity walk in environmental chamber
176303	103849	41103419	Pollution environmental chamber
176304	103849	41103420	Ozone environmental chamber
176305	103849	41103421	Explosion environmental chamber
176306	103856	41103515	Laboratory gas generator
176307	103856	41103516	Arm hood
176308	103892	41103716	Blood bank plasma thawing bath
176309	103892	41103717	Tissue culture bath
176310	116647	41103817	Laboratory reactor
176311	103647	41103914	Cytocentrifuge
176312	116675	41104022	Sample shaper
176313	116680	41104127	Laboratory feeder
176314	116680	41104128	Culture specimen collector without swabs
176315	116680	41104129	Neonatal metabolic disorder screen collection card
176316	116709	41104425	Carbon dioxide incubator
176317	116709	41104426	Media preparation apparatus
176318	116709	41104427	Platelet incubator
176319	103761	41104613	Laboratory hot press
176320	116758	41104819	Cell harvester
176321	116758	41104820	Laboratory fractional distillation apparatus
176322	116758	41104821	Static sample concentrator
176323	116788	41105206	Immunohistochemistry autostainer
176324	116788	41105207	Immunohistochemistry autostainer accessory
176325	116788	41105208	Laboratory staining rack and tray
176326	116788	41105209	Multidepartment manual slide stainer set
176327	116793	41105340	Electrophoresis system
176328	116793	41105341	Autoradiography film
176329	136649	41105521	Deoxyribonucleic acid DNA detection system
176340	103903	41111519	Crane scale
176341	103903	41111520	Conveyor weighting scale
176342	103903	41111521	Thermogravimeter
176343	103903	41111522	Hopper scale
176344	103903	41111523	Weight prototype
176345	103903	41111524	Price indicating scale
176346	103903	41111525	Automatic packer scale
176347	103903	41111526	Automatic selective scale
176348	103919	41111631	Radius gauge
176349	103919	41111632	Cylinder gauge
176350	103919	41111633	Air micrometer
176351	103919	41111634	Electrical micrometer
176352	103919	41111635	Gage block comparator
176353	103919	41111636	Cylinder diameter measuring equipment
176354	103919	41111637	Conical cup tester
176355	103919	41111638	Cigarette circumference tester
176356	103919	41111639	Screw plug gauge and cross recess
176357	103919	41111640	Welding gauge
176358	103919	41111641	Thread pitch gauge
176359	103919	41111642	Rail joint gap gauge
176360	103919	41111643	Wire gauge
176361	103919	41111644	Pin gauge
176362	103919	41111645	Sine bar
176363	103919	41111646	Telescoping gauge
176364	103919	41111647	Hole gauge
176365	103919	41111648	Taper gauge
176366	103919	41111649	Tire depth gauge
176367	103919	41111650	Drill gauge
176368	103919	41111651	Cathetometer
176369	103932	41111741	Microscope differential interference contrast equipment
176370	103932	41111742	Periscope or protectorscope
176371	103932	41111743	Autocollimator
176372	103932	41111744	Microscopic micrometer
176373	103932	41111745	Micromanipulator
176374	103932	41111746	Optical lever
176375	103932	41111747	Industrial fiberscope
176376	103932	41111748	Multimedia image microscope
176377	103932	41111749	Phase contrast microscope
176378	103941	41111812	Gamma ray radiography examination equipment
176381	103941	41111815	Reinforcement metal detector
176382	103941	41111816	Displacement measuring instrument
176383	103941	41111817	Rice taste measuring system
176384	103941	41111818	Non destructive examination reagent
176385	103941	41111819	Wire rope tester
176386	103941	41111820	Fluorescence detector
176387	103950	41111973	Particle counter
176388	103950	41111974	Heating sensor tester
176389	103950	41111975	Magnetic field monitor
176390	103950	41111976	Water meter check system
176391	103950	41111977	Ion counter
176392	103950	41111978	Manual microhematocrit tube reader
176393	102558	41112112	Electric power transducer
176394	102558	41112113	Mechanical energy transducer
176395	102558	41112114	Thermo hygro transmitter
176396	103996	41112228	Combustion efficiency analyzer
176397	103996	41112229	Heat meter
176398	103996	41112230	Pyrometer calibrator
176399	103996	41112231	Oil cloud and pour point tester
176400	103996	41112232	Freezing point measuring instrument
176401	103996	41112233	Melting point measuring instrument
176402	103996	41112234	Heat flowmeter
176403	103996	41112235	Specific heat measuring instrument
176404	103996	41112236	Asphalt softening point tester
176405	103996	41112237	Dewpoint thermometer
176406	103996	41112238	Dropping point tester
176407	103996	41112239	Glass thermometer
176408	103996	41112240	Blood unit temperature verification strip
176409	104006	41112305	Humidity controller
176410	104006	41112306	Humidity calibrator
176411	104006	41112307	Cement water retentivity tester
176412	104010	41112414	Pressure calibrator
176413	104010	41112415	Warburg apparatus
176414	104010	41112416	Bursting pressure tester
176415	104010	41112417	Vapor pressure measuring instrument
176416	104010	41112418	Capillary pressure tester
176417	104010	41112419	Cigarette filter draw resistance meter
176418	104010	41112420	Pressure drop gauge
176419	104010	41112421	Fruit hardness tester
176420	104010	41112422	Hydraulic pressure tester
176421	104010	41112423	Pressure altimeter
176422	104017	41112518	Pump efficiency testing equipment
176423	104017	41112519	Pitot gauge
176424	104017	41112520	Fire pump flow meter
176434	104032	41113041	Elemental analyzer
176435	104032	41113042	Milk analyzer
176436	104032	41113043	Dietary fiber determination system
176437	104032	41113044	Alcohol hydrometer
176438	104032	41113045	Oil film tester
176439	104032	41113046	Adhesion tester
176440	104032	41113047	Oil foaming characteristics tester
176441	104032	41113048	Color fastness tester
176442	104032	41113049	Combustion analyzer
176443	104032	41113050	Arsenic detector
176444	104032	41113051	Oxidation reduction tester
176445	104032	41113052	Chalking tester
176446	104032	41113053	Rust prevention tester
176447	104032	41113054	Demulsibility tester
176448	104032	41113055	Fuel gum tester
176449	104032	41113056	Flame experiment wire
176450	104032	41113057	Sludge densitometer
176454	104066	41113124	Respirometer
176456	104081	41113325	Washability tester
176458	104081	41113327	Film applicator
176459	104081	41113328	Mercury analyzer
176462	104081	41113331	Freezing and thawing tester
176463	104081	41113332	Liquid ration analyzer
176464	104081	41113333	Zeta potential analyzer
176471	104109	41113655	Generator test set
176472	104109	41113656	Servo system tester
176473	104109	41113657	Circuit breaker tester
176474	104109	41113658	Switch durability tester
176475	104109	41113659	Var meter
176476	104109	41113660	Oscillator tester
176477	104109	41113661	Voltage regulator tester
176478	104109	41113662	Cavity resonator
176479	104109	41113663	Transformer tester
176480	104109	41113664	Phase sequence indicator
176481	104109	41113665	Contact resistance tester
176482	104109	41113666	Arrester tester
176483	104109	41113667	Watt hour meter test equipment
176484	104109	41113668	Capacitor tester
176485	104109	41113669	Line voltage detector
176486	104109	41113670	Resister test equipment
176487	104109	41113671	Current divider
176488	104109	41113672	Relay tester
176489	104109	41113673	Panel and switchboard meter
176490	104109	41113674	Blasting machine tester
176491	104109	41113675	Frequency control test equipment
176492	104109	41113676	Low voltage tester
176493	104109	41113677	Withstand voltage tester
176494	104109	41113678	Clamp tester
176495	104109	41113679	Current transformer and potential transformer test equipment
176496	104109	41113680	Power factor meter
176497	104109	41113681	Combi tester
176498	104109	41113682	Electric power tester
176499	104109	41113683	Lamp tester
176500	104109	41113684	Voltage and current meter calibrator
176501	104109	41113685	Static electricity measuring equipment
176502	104109	41113686	Pulse meter
176503	104109	41113687	Brake testing machine
176504	104109	41113688	Converter testing equipment
176505	104109	41113689	Controller testing equipment
176512	104150	41113726	Heat resistance tester
176513	104150	41113727	Distortion meter
176514	104150	41113728	Electromagnetic shield environmental chamber
176527	104164	41113809	Ground penetrating radar
176528	104164	41113810	Hydrothermal testing equipment
176529	104164	41113811	Solid bearing tester
176530	104164	41113812	Ground friction tester
176531	104164	41113813	Standard aggregate
176532	104164	41113814	Soil plastic limit tester
176533	104164	41113815	Soil shrinkage limit tester
176534	104164	41113816	Consolidation tester
176535	104164	41113817	Soil liquid limit tester
176536	104164	41113818	Plate bearing tester
176537	104164	41113819	Soil analyzer
176538	104164	41113820	Aggregate specific gravity tester
176539	104164	41113821	Soil penetration tester
176540	104164	41113822	California bearing ratio tester
176541	104164	41113823	Specimen expansion tester
176542	104164	41113824	Soil head permeability tester
176543	104164	41113825	Soil aggregate analyzer
176544	104164	41113826	Soil texture analyzer
176545	104164	41113827	Soil unconfined compression apparatus
176546	104164	41113828	Sand density cone apparatus
176547	104164	41113829	Underwater soil picking equipment
176548	104164	41113830	Aggregate unit weight measuring instrument
176549	104164	41113831	Facing sand water measuring instrument
176561	104203	41114412	Radio acoustic sounding system
176562	104203	41114413	Ceilometer
176563	104203	41114414	Meteorological satellite receiving equipment
176564	104203	41114415	Lightning analysis system
176565	104203	41114416	Weather chart recorder or scanner
176566	104203	41114417	Meteorological buoy robot
176567	104203	41114418	Meteorological satellite data receiving and analyzing system
176568	104203	41114419	Low level wind shear alert system
176569	104203	41114420	Barometer calibrator
176570	104203	41114421	Hygrometer calibrator
176571	104203	41114422	Rain gauge calibrator
176572	104203	41114423	Automatic weather system calibrator
176573	104203	41114424	Anenometer calibrator
176574	104203	41114425	Actinometer calibrator
176575	104203	41114426	Baroswitch
176576	104203	41114427	Wind vane
176577	104213	41114511	Softness tester
176578	104213	41114512	High speed rotational balance tester
176579	104213	41114513	Eccentricity measuring instrument
176580	104213	41114514	Twist vibration measuring instrument
176581	104213	41114515	Centrifugal force tester
176582	104213	41114516	Cutting force measuring instrument
176583	104213	41114517	Hydraulic bulge tester
176584	104213	41114518	Zipper endurance tester
176585	104213	41114519	Tug and trolley system
176586	104213	41114520	Drop tester
176587	104213	41114521	Air compressor tester
176588	104213	41114522	Gear tester
176589	104213	41114523	Test bar
176590	104213	41114524	Hydraulic tester
176591	104213	41114525	Oil filter tester
176592	104213	41114526	Air cleaner tester
176593	104213	41114527	Belt tester
176594	104213	41114528	Planer motion mechanism measuring instrument
176595	104213	41114529	Tire running tester
176596	104213	41114530	Bonding stress tester
176597	104223	41114627	Proving ring
176598	104223	41114628	Plasticity tester
176599	104223	41114629	Heat distortion tester
176600	104223	41114630	Thermal shock tester
176601	104223	41114631	Stress tester
176602	104223	41114632	Tensile strength tester
176603	104223	41114633	Thermal expansion tester
176604	104223	41114634	Erichsen tester
176605	104223	41114635	Jewel appraising tester
176606	104223	41114636	Polymer molding condition measuring instrument
176607	104223	41114637	Beam test apparatus
176608	104223	41114638	Load tester
176609	104223	41114639	Cement flow tester
176610	104223	41114640	Road plane measuring equipment
176611	104223	41114641	Laboratory cement curing equipment
176612	104223	41114642	Pinhole detector
176613	104223	41114643	Cement soundness tester
176614	104223	41114644	Concrete air measuring instrument
176615	104223	41114645	Mortar length tester
176616	104223	41114646	Vicat needle tester
176617	104223	41114647	Slump tester
176618	104223	41114648	Concrete or cement vibration tester
176619	104223	41114649	Mortar permeability tester
176620	104223	41114650	Concrete cylinder mold
176638	104265	41115102	Goniometer
176640	116853	41115326	Optic collimator
176641	116853	41115327	Photoelectric measuring equipment
176644	116853	41115330	Haze meter
176649	116853	41115335	Vectorscope
176654	116858	41115412	Spectrobolometer
176655	116858	41115413	Flow cytometer
176656	116858	41115414	Radio ray spectroscopy system
176657	116858	41115415	Electron spectroscopy system for chemical analysis
176658	116858	41115416	Electron spin resonance spectrometer
176671	116889	41115832	Antibiotic detection equipment
176672	116889	41115833	Skin analyzer
176673	116889	41115834	Flow cytometer accessories or supplies
176674	116889	41115835	Androgeny and fertility automated counter
176675	116889	41115836	Androgeny and fertility automated counter accessories and supplies
176676	116889	41115837	Particle counter and sizer
176677	116889	41115838	Particle counter and sizer accessories and supplies
176678	116889	41115839	Blood bank apheresis and donor unit processing analyzer
176679	116889	41115840	Blood bank apheresis and donor unit processing analyzer accessories and supplies
176680	116916	41116017	Androgeny and fertility automated counter reagent
176681	116916	41116018	Particle sizer and counter analyzer reagent
176682	116930	41116150	Androgeny and fertility test kits and supplies
176683	116930	41116151	Androgeny and fertility quality controls and calibrators and standards
176684	116930	41116152	Flow cytometry quality controls and calibrators and standards
176685	116930	41116153	Immunohistochemistry quality controls and calibrators and standards
176686	116930	41116154	Particle counter and sizer quality controls and calibrators and standards
176687	116930	41116155	Molecular biology and cell culture growth media
176688	116930	41116156	Virology reagents or solutions or stains
176689	116930	41116157	Virology cell and tissue culture media
176690	116978	41116207	Hemoglobin or hematocrit monitor or meter
176691	116978	41116208	Blood chemistry multiple parameter monitor or meter
176692	116978	41116209	Blood coagulation multiple parameter monitor or meter
176693	116978	41116210	Metabolic disorder breathalyzer monitor or meter
176694	116978	41116211	Ethanol breathalyzer
176695	116978	41116212	Monitor or meter quality controls calibrators or standards
176696	116984	41116302	Incombustibility tester
176697	116984	41116303	Flammability tester
176698	116984	41116304	Fire point tester
176699	136319	41116502	Electrical clip
176700	103826	41121712	Viscometer tube
176701	103826	41121713	Sand size analyzer
176702	117023	41121816	Laboratory glass tube
176703	117023	41121817	Glass bell jar
176704	117023	41121818	Laboratory storage bottle
176705	117023	41121819	Laboratory dropper bottle and dropper cap
176706	117067	41122414	Laboratory spoon
176707	117067	41122415	Centrifugal bioseparation crystals
176708	117082	41122607	Microscope lens cleaner solution
176709	117094	41122810	Benchtop reagent storage rack
176710	117094	41122811	Test and culture tube dispenser
176711	112954	41123005	Microbial susceptibility disc desiccant storage container
176712	117109	41123103	Dialysis cassette
176713	117109	41123104	Dialysis membrane
176714	117109	41123105	Dialysis cassette holder
176720	115482	42192214	Wheelchair lifts
176721	115181	42161659	Hemodialysis catheters
176725	116384	42295148	Surgical navigation systems
176726	116424	42295470	Platelet concentration systems
176731	174413	42296212	Surgical robotic trocars or sheathes or obturators or cannulas
176746	117273	43191516	Keyphone system
176747	117280	43191633	Key phone subset
176748	117280	43191634	Extension board for keyphone system
176749	127939	43201416	Data acquisition board
176750	127939	43201417	Multimedia integrated board
176751	104856	43201560	Coprocessor
176752	117334	43201619	Computer cooling fan
176753	117344	43201831	Telecommunications memory unit
176754	117344	43201832	Optical or compact disc juke box
176755	117344	43201833	Digital to analog conversion system
176756	117344	43201834	Storage device controller
176757	117344	43201835	Network attached storage NAS device
176758	117356	43202009	Blank audio tape
176759	104844	43211516	Minicomputer
176760	104844	43211517	Analog computer
176761	104844	43211518	Multi screen computer
176762	104870	43211730	Data acquisition system
176763	104870	43211731	Image analyzer
176764	104870	43211732	Digital film reader
176765	104899	43212117	Printer controller
176766	111014	43221527	Wire tapping protector
176767	111014	43221528	Supervisory signal unit
176768	111014	43221529	Call meter
176769	111014	43221530	Switch board signal device
176770	117442	43221724	Time synchronized generator
176771	117442	43221725	Signal divider
176772	117442	43221726	Reflector for antenna
176773	117442	43221727	Antenna accessory
176774	117442	43221728	Radome or radar dome
176775	117442	43221729	Portable antenna
176776	117442	43221730	Wired telecommunications transmitter
176777	117442	43221731	Underwater communication system
176778	117442	43221732	Speaker control unit
176779	117442	43221733	Remote automatic meter reading system
176780	117469	43221809	Optical transmitter
176781	117469	43221810	Optical multiplexer
176782	117469	43221811	Optical switch
176783	117453	43222504	Radio jamming transmitter
176784	117456	43222642	Routing switcher
176785	117456	43222643	Cable network tester
176786	117456	43222644	Network traffic controller
176787	104823	43222704	Telegraph switch board
176788	107679	43222826	Carrier terminal
176789	107679	43222827	Multiplexer or MUX
176790	117492	43222903	Telecommunication tower or support
176791	145105	43223338	Fiber optic connection closure
176792	145105	43223339	Fiber optic distribution box
176793	145105	43223340	Fiber optic fusion splicer
176794	145105	43223341	Combiner
176795	145105	43223342	Waveguide and connection kit
176796	145105	43223343	Network punchdown tool
176797	117498	43231515	Mailing and shipping software
176798	105034	43232614	Computer aided design CAD and computer aided manufacturing CAM system
176799	105041	44101510	Weather facsimile or radiofax
176800	105044	44101607	Paper press machine
176801	105047	44101730	Automatic document sorter
176802	105056	44101903	Bankbook or passbook update machine
176803	105061	44102109	Automatic postal or mailing machine
176804	105108	44103126	Digital duplicating machine ink
176805	105123	44111617	Coin inspection machine
176806	105123	44111618	Public telephone card or phone card
176807	105143	44111816	Multiplex drafting machine
176808	105143	44111817	Drafting divider
176809	105143	44111818	Eidograph
176810	105154	44111914	Chart hanger
176811	105217	45101517	Offset proof press
176812	105217	45101518	Printing plate press
176813	105272	45111619	Film reel
176814	105272	45111620	Slide film copier
176815	133672	45111708	Broadcast domain controller
176816	133672	45111709	Remote amplifier
176817	133672	45111710	Chime and siren unit
176818	133672	45111711	Speaker baffle
176819	133672	45111712	Tape duplicator
176820	133672	45111713	Audio distribution amplifier
176821	133672	45111714	Audio analog to digital AD converter
176822	133672	45111715	Audio digital to analog DA converter
176823	133672	45111716	Digital audio workstation DAW
176824	133672	45111717	Reverberator
176825	133672	45111718	Delay unit
176826	133672	45111719	Audio monitor
176827	133672	45111720	Audio spectrum analyzer
176828	133672	45111721	Reel to reel tape recorder
176829	133672	45111722	Cassette deck
176830	133672	45111723	Hard disk recorder
176831	133672	45111724	Magnetic head
176832	133676	45111811	Video precision monitor
176833	133676	45111812	Visual information display device
176834	133676	45111813	Down stream keyer
176835	133676	45111814	Digital video effects DVE equipment
176836	133676	45111815	Audio vidio console
176837	133676	45111816	Logo generator
176838	133676	45111817	Character generator
176839	133676	45111818	Video noise reducer
176840	133676	45111819	Video mixer
176841	133676	45111820	Video processing amplifier
176842	133676	45111821	Synchronizing or sync generator
176843	133676	45111822	Television aspect ratio converter
176844	133676	45111823	Video standards converter
176845	133676	45111824	Synchronizing or sync converter
176846	133676	45111825	Frame synchronizer
176847	133676	45111826	Motion picture experts group MPEG encoder
176848	133676	45111827	Video tape checker
176849	133676	45111828	Prompter
176850	133676	45111829	Process camera
176851	105287	45121522	Infrared camera
176852	105287	45121523	Astronomical camera
176853	105298	45121624	Photography light reflector
176855	105298	45121625	Shutter release
176856	105298	45121626	Digital camera back
176857	105302	45121711	Color controller
176858	105302	45121712	Film editing desk
176859	105302	45121713	Film inspection machine
176860	105302	45121714	Film reader
176861	105302	45121715	Film hanger
176862	105302	45121716	Contact printer
176863	105302	45121717	Film platemaking system
176864	105302	45121718	Film densitometer
176865	105302	45121719	Digital photo printing kiosk
176866	105302	45121720	Film loader
176867	105309	45131506	Slide film
176868	105309	45131507	Processed microfilm
176869	105309	45131508	Negative film
176870	105309	45131509	Film spotting color
176871	105309	45131510	Photographic dye
176872	105321	45141604	Photographic print processor
176873	105321	45141605	Photograph purifier
176874	105321	45141606	Developing tank reel
176875	105321	45141607	Camera obscura
176876	105321	45141608	Film squeegee
176877	105321	45141609	Film developing machine worktable
176878	105321	45141610	Photographic timer
176879	105321	45141611	Photographic processing temperature regulator
176880	105321	45141612	Portable darkroom
176882	134900	46101802	Cartridge belt
176886	105382	46151609	Identification card discriminator
176887	136634	46151716	Lie detector
176891	105390	46161516	License plate recognition system
176903	105390	46161528	Airport warning light
176907	113069	46161605	Life buoy
176908	150706	46161702	Rescue air bag
176909	150706	46161703	Safety air mat
176910	150706	46161704	Rescue line launcher
176911	150706	46161705	Hydraulic rescue equipment set
176912	150706	46161706	Air tent
176913	150706	46161707	Rescue door opener
176914	150706	46161708	Rescue net
176915	150706	46161710	Rescue light
176916	150706	46161711	Life detector
176917	150706	46161712	Personal safety alert
176918	150706	46161713	Smoke signal device
176919	150706	46161714	Life line
176920	150706	46161715	Confined space rescue equipment
176922	105406	46171623	Home security alarm
176923	105406	46171624	X ray baggage inspection system
176924	105406	46171625	Radio communication monitoring system
176925	105406	46171626	Night vision equipment
176926	105406	46171627	Wireless signaler system for hearing impaired
176927	105406	46171628	Automatic time of day indicator
176928	105406	46171629	Signal mirror
176929	105406	46171630	Vehicle rain and water level sensor
176930	105406	46171631	Seismic alarm
176931	105406	46171632	Passive infrared sensor
176932	105406	46171633	Security metal detector
176933	105406	46171634	Chemical agent detector paper
176934	105406	46171635	Chemical agent detector
176935	105406	46171636	Security facsimile transmission equipment
176936	105406	46171637	Wiretap device
176937	105406	46171638	Radiation detector and alarm
176938	105406	46171639	Traffic video compensator
176939	105406	46171640	Automatic traffic monitoring system
176942	105448	46181612	Military boot
176949	134914	46182504	Fire alarm control panel
176950	134914	46182505	Earth leakage detector and fire alarm
176953	107751	46191509	Toxic vapor detector
176954	107751	46191510	Thermal observation device TOD
176955	107751	46191511	Fire hot spot detector
176956	107753	46191613	Fire extinguishing agent
176957	107753	46191614	Fire foam liquid proportioner
176958	107753	46191615	Firefighting standpipe
176959	107753	46191616	Helicopter fire extinguishing water tank
176960	107753	46191617	Fire hose washer
176961	107753	46191618	Fire extinguisher base
176962	107753	46191619	Fire water monitor
176963	107753	46191620	Smoke exhaust fan
176964	107753	46191621	Fire extinguisher storage box
176965	105325	46200000	Defense and law enforcement and security and safety training equipment
176966	176965	46201000	Public safety training equipment
176967	176966	46201001	Rescue mannequin
176968	176966	46201002	Disaster management training simulation system
176969	176965	46201100	Small arms weapons training equipment
176970	176969	46201101	Imitation rifle
176971	176969	46201102	Firing or shooting range
177002	105524	47101614	Sludge bulking agent
177005	105538	47111507	Laundry drying stand
177007	105538	47111509	Laundry work table
177008	105559	47121815	Pool cleaner
177010	105593	48101546	Commercial decoction machine
177011	105620	48101619	Water sterilization system
177012	105633	48101716	Water purifier
177013	105675	48102009	Food serving or dispensing table
177014	105675	48102010	Cup collection cart
177021	105591	48130000	Funeral equipment and materials
177022	177021	48131500	Burial or grave products
177024	177022	48131502	Coffin
177032	105778	49141508	Diving boot
177033	105778	49141509	Diver hood
177049	133746	49211808	Obesity measurement tool
177050	133746	49211809	Body measurement tool
177114	106319	50201715	Fruit tea
177153	107258	55101532	Graduation album or yearbook
177157	110244	56101718	Newspaper rack
177158	110244	56101719	Side table
177160	133638	56121510	Teacher desk
177165	111070	56140000	Decorative adornments
177241	134739	60131703	Horses hoofs
177245	107432	92121800	Armored car services and money transport
177246	177245	92121802	Money transport service
177248	132873	95121909	Elementary school
177249	132873	95121910	Junior high or middle school
177250	132873	95121911	High school
177251	132873	95121913	University
177254	100085	10151536	Tradable Non-Monetary Credits, Certificates, Permits and Related Services 
177255	100085	10151537	Environmental credits and related services
177256	100085	10151538	Emissions credits
177257	100085	10151539	Carbon emissions credits
177258	100106	10151612	Environmental credits trading services
177259	100106	10151613	Carbon trading services
177285	100169	10171506	Humus
177300	144034	11172200	Magnesium based alloys
177302	144034	11172300	Manganese based alloys
177316	110454	12165100	Chemicals for enhanced oil recovery
177329	133347	14111828	Business letterhead paper
177331	100789	15101513	Diesel fuel off road
177342	101730	25172908	Vehicle rear light
177352	102384	30131517	Adobe block
177353	102500	30171712	Cathedral glass
177409	104017	41112521	Calibration column
177410	114800	42131512	Patient infant caps or hats or material for infant caps
177411	114935	42142620	Intraosseous needle drivers or injection guns
177412	114947	42142721	Urological guidewires or glidewires
177415	115384	42182707	Inclinometers
177417	115615	42203430	Electrophysiology catheters
177418	115638	42203804	Radiation therapy positioning aids
177419	115504	42204100	Nuclear medicine hot lab equipment and related products
177420	177419	42204101	Medical radiological syringe or vial shield or holders or carriers
177421	116206	42292803	Biopsy sealing and marking devices
177423	116424	42295471	Bone marrow aspiration systems
177424	116485	42311543	Dressing retainers
177425	117365	43212200	Computer data storage management systems
177426	177425	43212201	Storage virtualization system
177427	105131	44122034	Book page separator
177428	105298	45121627	Camera flash diffuser
177429	105298	45121628	Camera lens filter
177430	105298	45121629	Camera track motor
177431	105298	45121630	Camera parasol reflector
177436	158498	50221304	Potato flour
177487	107193	53131647	Infant hygiene and personal care set
177510	108116	72101516	Fire extinguisher inspection maintenance and repair service
177511	108116	72101517	Portable generator maintenance and or repair service
177512	108116	72101518	Portable generator rental service
177513	165454	72121510	Floating oil and gas production storage and offloading system construction service
177514	165454	72121511	Offshore oil and gas production facility hookup and commissioning service
177515	165454	72121512	Offshore oil and gas production facility equipment installation and integration service
177516	165454	72121513	Oil and gas plant modular fabrication service
177517	165454	72121514	Oil and gas production platform and topside fabrication service
177518	165454	72121515	Floating oil and gas production system hull fabrication service
177519	165454	72121516	Fixed oil and gas offshore production facilities fabrication service
177520	165454	72121517	Liquid natural gas LNG plant construction service
177521	165183	72141216	Offshore construction vessel service
177522	165222	72151207	Heating and cooling and air conditioning HVAC installation and maintenance service
177523	165241	72151514	Standby or emergency power maintenance service
177524	165241	72151515	Electrical inspection service
177525	165252	72151608	Satellite system maintenance or repair service
177526	165252	72151609	Satellite system hub support service
177527	165258	72151704	Safety instrumented system installation and maintenance service
177528	165262	72151803	Vending machine installation and maintenance service
177529	165363	72153303	Service station equipment maintenance and or repair service
177530	165371	72153613	Office furniture lease and maintenance service
177531	165392	72154054	Catalyst loading or removal service
177532	165392	72154055	Tank cleaning service
177533	165392	72154056	Tank maintenance or repair service
177534	165392	72154057	Storage tank rental service
177535	165392	72154058	Tank and line testing service
177536	165392	72154059	Leak detection sealing and repair service
177537	165392	72154060	Degassing service
177538	165392	72154061	Air filtration service
177539	165392	72154062	Hot tapping service
177540	165392	72154063	Stopple or line stopping service
177541	165392	72154064	Portable lighting equipment rental service
177542	165212	72154100	Distribution and conditioning system equipment maintenance and repair services
177543	177542	72154101	Air compressor rental and maintenance service
177544	177542	72154102	Heat exchanger maintenance or repair service
177545	177542	72154103	Rotary pump maintenance or repair service
177546	177542	72154104	Gearbox maintenance and repair service
177547	177542	72154105	Control valve maintenance and repair service
177548	177542	72154106	Reciprocating compressor rental and maintenance service
177549	177542	72154107	Centrifugal compressor rental and maintenance service
177550	177542	72154108	Reciprocating pump maintenance or repair service
177551	177542	72154109	Centrifugal pump maintenance or repair service
177552	177542	72154110	Fin fan cooling tower maintenance and repair service
177553	165212	72154200	Instrumentation installation maintenance and repair services
177554	165212	72154300	Motive and electrical power generation equipment maintenance and repair services
177555	177554	72154301	Turbine equipment maintenance or repair service
177556	165212	72154400	Pipefitting fabrication and maintenance services
177557	177556	72154401	Pipefitting fabrication service
177558	177556	72154402	Pipefitting maintenance or repair service
177559	165212	72154500	Heavy equipment installation and maintenance services
177560	177559	72154502	Crane maintenance and repair service
177561	177559	72154503	Crane rental service
177562	114259	73152109	Industrial weight scale maintenance and rental service
177565	107354	77102000	Environmental reporting services
177567	177565	77102002	Emission reporting compliance service
177569	177565	77102004	Waste generation or disposal reporting service
177576	108609	78102103	Pipeline inline inspection service
177577	108627	78111705	Oil and gas offshore platform personnel transportation service
177578	108631	78111810	Limousine or town car service
177579	108631	78111811	Vehicle leasing of light trucks and sport utility vehicles
177580	108631	78111812	Vehicle leasing of passenger vans or minivans
177581	108649	78131702	Above ground storage or tankage service
177582	108655	78141504	Supplier or vendor managed freight and rebilling
177583	108663	78141704	Dead man anchor service
177584	108666	78141804	Loading terminal facility management
177585	108666	78141805	Aerodrome or airport or aviation facility operations service
177586	108666	78141806	Oil and gas offshore support shore base service
177587	107362	78141900	Transport container rental services
177590	111534	78181509	Rail car inspection and maintenance service
177591	111533	78181800	Fixed wing aircraft maintenance and repair services
177596	108670	80101511	Human resources consulting service
177597	108731	80131504	Offshore temporary housing service
177598	108731	80131505	Portable or modular office rental service
177599	108731	80131506	Portable toilet rental service
177600	108753	80141630	Direct marketing print service
177601	108799	81101713	Electronic measurement and recording instrument engineering and design service
177606	112934	81112221	Point of sale software maintenance service
177607	112934	81112222	Facility operation and maintenance management software maintenance
177608	150826	81112308	Point of sale hardware maintenance and support service
177609	150826	81112309	Point of sale hardware installation or implementation service
177610	107379	81141900	Manufacturing technology research and development services
177611	177610	81141901	Product research and development service
177612	177610	81141902	Application or technology research and development service
177615	107417	86132000	Management education and training services
177616	177615	86132001	Executive coaching service
177620	100003	10101518	Alpaca
177621	100019	10101607	Live guinea fowl
177666	100066	10131605	Animal transport cage
177668	100085	10151540	Centrocema or butterfly pea seed or seedlings
177669	100085	10151541	Nettle seed or seedlings
177685	100138	10152008	Coffee seed or seedlings
177696	100138	10152048	Castor oil bush seed or cutting
177852	100282	11121625	Eucalyptus wood
177853	100282	11121624	Copaiba wood
177854	100282	11121623	Capirona wood
177855	100282	11121622	Catahua wood
177856	100282	11121621	Pashaco wood
177858	100316	11131609	Bovine semen
177889	100758	14111544	Security paper
177890	133347	14111829	Pre-printed notepad
177891	100754	14121510	Test liner paperboard
177892	100754	14121509	Composite paper or paperboard without surface coating
177893	100754	14121508	Kaolin treated paperboard
177894	107492	14121813	Satin paper
177895	142146	14122204	Impressed stamp paper
177921	100940	21101916	Milking machine parts and accessories
177922	100949	21102009	Cleaning, sorting, and grading machine parts and accessories
177923	100990	22101539	Earthmoving machinery parts and accessories
177933	101239	23181519	Pasteurizing machine
177937	101324	24111515	Unwoven fabric bag
177939	101438	25101614	Load motovan
177960	107545	25181720	Trailer and semi-trailer parts
177972	103543	30181702	Faucet unit
177976	103233	31211523	High temperature paint
177998	103497	40101723	Thermoelectric cooler
178016	116675	41104023	Water sampler accessories
178017	116702	41104214	Reverse osmosis equipment parts and accessories
178018	103919	41111652	Compressometer
178020	116853	41115340	Photometer accessories
178021	116858	41115417	Atomic absorption AA spectrometer accessories
178022	116858	41115418	Spectrophotometer accessories
178023	116916	41116019	Hormone analyzer reagent
178024	112954	41123006	Desiccator accessories
178025	117352	43201905	Tape unit cleaning kit
178026	104844	43211519	Electronic reader or E-reader
178027	111230	43212003	Monitor components
178028	117498	43231516	Audit software
178029	117498	43231517	Procedure management software
178030	104945	43232314	Business intelligence and data analysis software
178031	104970	43232509	Voice synthesizer and recognition software
178032	105034	43232615	Facial recognition software
178033	105034	43232616	Legal management software
178034	105034	43232617	Meteorological control software
178035	105034	43232618	Radar image treatment software
178036	105034	43232619	Satellite image treatment software
178037	105005	43233006	Virtual machine software
178038	105041	44101511	Mimeograph and accessories
178039	105056	44101904	Protectograph
178040	105088	44102504	Paper and plastic counter
178041	105108	44103127	Photocopier toner
178042	111239	44103207	Time card or time clock machine accessories
178043	105118	44111523	Desk organizer accessories kit
178044	105131	44122035	Lever arch file
178045	105131	44122036	Box file
178046	105131	44122037	Ring binder
178048	105217	45101520	Industrial sign and label portable printer
178049	105226	45101613	Industrial sign and label benchtop printer accessories
178050	105226	45101614	Industrial sign and label portable printer accessories
178051	105238	45101710	Industrial sign and label printer ink
178052	105238	45101711	Industrial sign and label printer ribbon
178053	105298	45121631	Electronic viewfinder
178054	105298	45121632	Photographic flashlight apparatus
178055	105302	45121721	Monocomparator and accessories
178058	105396	46171700	Vehicle access control
178059	178058	46171701	Vehicle parking permit
178061	132496	46182407	Chemical spill safety kit
178062	105325	46210000	Workplace safety equipment and supplies and training materials
178063	178062	46211600	Work area marking and visual indicators
178064	178062	46211500	Workplace safety training aids and materials
178065	178063	46211602	Work area warning posts and chains
178066	178063	46211601	Work area barricade tape and flags
178067	178064	46211504	Workplace safety internet based training
178068	178064	46211503	Workplace safety training manual or handbook
178069	178064	46211502	Workplace safety training video
178070	178064	46211501	Workplace safety training kit
178072	105538	47111510	Laundry wash tub or basin
178073	105559	47121816	Cleaning solution dispenser and accessories
178075	142278	42143304	Chemotherapy preparation pads
178076	105643	48101821	Commercial nut cracker or opener
178077	178354	90101902	Coffee or hot drink vending machine rental and maintenance service
178078	178354	90101901	Coffee machine and grinder rental and maintenance service
178097	106251	50181710	Bakers yeast
178100	106319	50201717	Coffee, green
178113	114742	50221108	Rice grain
178150	107082	53101806	Poncho
178152	112970	53102717	Sport uniform
178156	107193	53131649	Bath and body powder
178157	107193	53131648	Insect repellant
178160	107235	54111710	Watch or clock movement
178177	133854	60101734	Flip chart
178195	108042	70161705	Bush and forest ecology and conservation service
178196	108042	70161711	Mangrove swamp ecology and conservation service
178197	108042	70161710	Wetland ecology and conservation service
178201	108042	70161706	Coastal ecology and conservation service
178203	108116	72101521	Building framing service
178204	108116	72101520	Roof framing service
178205	108116	72101519	Gas fitting installation service
178206	112978	72102906	Landscape architecture service
178207	165437	72103305	Drain laying service
178208	165162	72141130	Ornamental fountain construction and or remodelling service
178209	165162	72141129	Park and garden construction and or remodelling service
178210	165162	72141128	Public square construction and or remodelling service
178211	165162	72141127	Seal coating of roads, highways and parking lots
178212	165392	72154067	Temporary theatrical stage and platform rental and installation
178213	165392	72154068	Graffiti removal and treatment service
178214	177554	72154303	Steam turbine maintenance service
178215	165212	72154600	Animal habitat and enclosure construction and maintenance services
178216	178215	72154605	Construction of zoo habitat and enclosure for reptiles
178217	178215	72154604	Construction of zoo habitat and enclosure for aquatic and amphibious species
178218	178215	72154603	Construction of zoo habitat and enclosure for land mammals and primates
178219	178215	72154602	Construction of zoo habitat and enclosure for insects and invertebrates
178220	178215	72154601	Construction of zoo habitat and enclosure for birds and flying species
178221	165392	72154069	Fencing and railing service
178222	108448	76111507	Cleaning services for parks and outdoor public venues
178223	108462	76121506	Abandoned vehicle recovery and disposal service
178224	108462	76121505	Inorganic waste collection and disposal
178225	108462	76121507	Post event refuse collection and clean up service
178226	108462	76121504	Tire collection and disposal
178227	108476	76121905	Inorganic hazardous waste collection and disposal
178228	108489	77101506	Development consent or approval processing service
178229	108584	78101505	Air transport of livestock or live animals
178230	108584	78101504	Air transport of letters and parcels
178231	108587	78101610	Railway transport by refrigerator car
178232	108587	78101609	Railway transport by tanker car
178233	108587	78101608	Railway transport services of letters and parcels
178236	108592	78101710	Coastal and transoceanic water transport by refrigerator vessels
178237	108592	78101709	Coastal and transoceanic transport by tankers
178238	108592	78101708	Inland water transport by refrigerator vessels
178240	108597	78101810	Road transport of livestock or live animals
178241	108597	78101809	Road transport of letters and parcels
178242	108597	78101808	Road transport of dry bulk
178243	108619	78111504	Sightseeing service by air
178245	108627	78111707	Inland water transport of passengers by ferry
178246	108627	78111706	Coastal and transoceanic water transport of passengers by ferry
178248	108631	78111814	Road transport of passengers by man-or animal-drawn vehicle
178249	108631	78111813	Sightseeing service by land, except rail
178250	108651	78131807	Critical spare part storage service
178251	108655	78141505	Towing service for commercial and private vehicles
178252	108666	78141807	Air traffic control service
178255	178262	78142003	Rental of freight vessel for coastal and transoceanic water transport with operator
178256	178262	78142002	Rental of freight vessel for inland water transport with operator
178257	178262	78142001	Rental of freight aircraft with operator
178262	107362	78142000	Transport conveyance rental or lease services
178263	108670	80101512	Actuarial consulting services
178264	108704	80111719	Employee psychometric testing service
178265	108704	80111718	Employee skill testing and assessment service
178266	108704	80111717	Employee physical screening service
178267	165521	80121904	Process server service
178268	107366	80122000	Legal review and inquiry services
178271	107363	80170000	Public relations and professional communications services
178272	178271	80172100	Issues and crisis management services
178273	178271	80172000	Professional communication services
178274	178271	80171900	Stakeholder management and relations services
178275	178271	80171800	Media relations services
178277	178271	80171500	Situation and stakeholder analysis and communications planning services
178278	178271	80171600	Publicity and marketing support services
178283	178278	80171602	Online and social media publicity service
178284	178272	80172104	Issues management and mitigation advisory service
178285	178272	80172103	Change management communication and advisory service
178286	178272	80172102	Crisis planning and avoidance service
178287	178272	80172101	Crisis management and recovery service
178288	178273	80172001	Internal communication service
178289	178273	80172002	Project based communications service
178290	178273	80172003	Public affairs service
178291	178274	80171909	Business and utility provider relations consultation and engagement
178292	178274	80171908	Not for profit organization relations consultation and engagement
178293	178274	80171907	Community relations consultation and engagement
178294	178274	80171906	Government relations consultation and engagement
178295	178274	80171905	Indigenous peoples relations consultation and engagement
178296	178274	80171904	Cultural and ethnic group relations consultation and engagement
178297	178274	80171903	Internal stakeholder relations consultation and engagement
178298	178274	80171902	Investor and shareholder relations consultation and engagement
178299	178275	80171803	Media training and coaching service
178300	178275	80171802	Media relations and advisory service
178301	178275	80171801	Media monitoring service
178304	178277	80171505	Communication planning
178305	178277	80171504	Stakeholder analysis
178306	178277	80171503	Public relations situation and issues and risk analysis
178307	178277	80171502	Focus group and public feedback meeting facilitation and analysis
178308	178277	80171501	Polling and survey and public opinion monitoring and analysis
178310	108783	81101529	Acoustic engineering
178311	108783	81101528	Stormwater engineering
178312	108783	81101527	Wastewater engineering
178313	108783	81101526	Quantity surveying service
178314	108783	81101525	Sediment control engineering
178315	108783	81101524	City development planning service
178316	108783	81101523	Urban design and engineering service
178317	108783	81101522	Earthworks engineering
178318	108783	81101521	Hydrogeology assessment service
178319	108783	81101520	Hydrology assessment service
178320	108783	81101519	Subdivison planning service
178321	108783	81101518	Lighting engineering service
178322	108783	81101517	Landscape architecture and design service
178323	145916	81102503	Building consent processing and support service
178324	145916	81102502	Building consent and permit engineering peer review service
178325	107371	81170000	Biological science services
178326	178325	81171900	Aerobiological science services
178327	178325	81171800	Agricultural science services
178328	178325	81171700	Botanical science services
178329	178325	81171600	Ecological science services
178330	178325	81171500	Marine biology services
178331	178326	81171901	Air quality science service
178332	178327	81171801	Agricultural science consultation service
178333	178328	81171702	Arboricultural science service
178334	178328	81171701	Horticultural science service
178335	178329	81171601	Aquatic ecology service
178336	178330	81171501	Marine biology consultation service
178337	146309	82112067	In person sign language interpretation service
178338	109028	82151512	Curatorial service for art gallery and museum exhibitions and collections
178339	109028	82151511	Technical service for art gallery and museum exhibitions and collections
178340	109028	82151510	Art installation and picture hanging service
178341	109028	82151509	Public or outdoor artwork or decorative fixture installation and maintenance
178342	109154	84121706	Financial asset management service
178347	107417	86132100	Training planning, facilitation and delivery services
178348	178347	86132102	Training planning and development consultancy service
178349	178347	86132101	Training facilitation service
178350	109497	90101605	Food service for transportation operators
178351	107421	90111900	Specialized accommodation services
178352	178351	90111902	Student residential room or unit accommodation service
178353	178351	90111901	Worker worksite room or unit accommodation service
178354	107420	90101900	Food and beverage equipment rental or leasing and maintenance services
178355	109618	92101505	Graffiti and vandalism deterrence support service
178357	112897	95121647	Elevated roadway or highway
178358	132776	95121715	Public toilet facility
178359	132776	95121714	Public changing room and shower facility
178360	132793	95121811	Aquaduct or other water supply conduit, except pipeline
178361	132793	95121810	Irrigation and flood control waterworks
178362	100106	10151616	Teff seed
178363	100138	10152057	Cassava seed or cutting
178364	100138	10152055	Date palm cutting
178365	100138	10152056	Oil palm seed
178373	100169	10171507	Urea fertilizer
178374	100173	10171613	Ammonium nitrate mixed with calcium carbonate fertilizer
178375	100173	10171616	Diammonium hydrogenorthophosphate fertilizer
178376	100173	10171614	Potassium chloride for agricultural use
178377	100173	10171615	Potassium sulphate
178378	100173	10171612	Superphosphate fertilizer
178379	114206	10171703	Propanil
178380	100180	10191518	Carbaryl
178381	100180	10191515	Chlorphyriphos
178382	100180	10191512	Cypermethrin
178383	100180	10191513	Deltamethrin
178384	100180	10191517	Diazinon
178385	100180	10191514	Fenitrothion
178386	100180	10191516	Malathion
178407	100758	14111545	Wide format printer paper
178408	133347	14111830	Engrossing paper
178409	133347	14111831	Visitor or guest book
178416	101239	23181522	Seed or nut sheller
178417	101239	23181523	Slaughterhouse or abattoir equipment
178420	178427	24113108	Insulated box for vaccines
178421	101265	24102400	Waste material handling and recycling systems
178422	178421	24102402	Stationary waste compactor
178423	178421	24102401	Vertical waste compactor
178426	178427	24113107	Box partition
178427	101323	24113100	Boxes
178428	178427	24113106	Tool box
178429	101378	24121514	Insulation pack
178430	101405	24131515	Pharmaceutical refrigerator and freezer
178431	101430	25101510	Armored motor vehicle
178432	101448	25101706	Fire fighting chemical truck
178433	101448	25101707	Fire fighting ladder truck
178434	101448	25101704	Fire fighting pump truck
178435	101448	25101711	Fire fighting truck with remote control nozzle
178436	101448	25101705	Fire fighting water tank truck
178437	101448	25101708	Rescue truck
178438	101448	25101709	Smoke exhaust truck
178439	101448	25101710	Smoke exhaust truck with lighting
178440	101456	25101939	Trailer, mobile classroom
178441	101456	25101940	Utility task vehicle UTV or recreational off highway vehicle ROV
178442	101503	25111809	Skiff
178443	101714	25172514	Motorcycle tire inner tube
178444	101448	25101712	Fire investigation car
178453	145452	30121720	Drain pipe odor suppression device
178454	145452	30121721	Drainage earth and sand barrel
178456	102384	30131518	Concrete block for bridges
178457	102389	30131611	Wood brick
178458	102487	30171527	Melamine door
178461	105390	46161534	Vehicle parking concave plate
178466	103459	39111617	Renewable energy street lighting
178472	103633	41101519	Laboratory cell disruptor
178473	103746	41102430	Laboratory general purpose heat sealer
178474	103781	41102610	Animal for research testing
178475	103781	41102614	Research animal bedding material
178476	103781	41102611	Research animal food and diet
178477	103781	41102612	Research animal induction chamber
178478	103781	41102613	Research animal physiological test kit
178479	103801	41102928	Automated microscope slide labeler
178483	103816	41103034	Cryobead system for microbial organism cryogenic storage
178484	103816	41103030	Cryogenic storage bag or overwrap
178485	103816	41103029	Cryogenic storage cane
178486	103816	41103032	Cryogenic tube or vial permanent marker or label
178487	103816	41103035	Fresh frozen plasma storage carton or frame
178488	103816	41103031	Insulated transport cooler or tote
178489	103816	41103033	Laboratory dewar flask
178490	103816	41103028	Liquid nitrogen measuring stick
178491	103816	41103037	Polymerase chain reaction PCR tube strip and plate cooler
178492	103816	41103036	Refrigerated specimen storage rack or tray
178493	103828	41103213	Laboratory surface and glassware decontaminant
178494	103833	41103328	Vacuum based pipette aspirator system
178495	103856	41103517	Biological safety cabinet
178496	103892	41103718	Histology tissue freezing bath
178497	116647	41103818	Microplate shaker
178498	116647	41103819	Tissue culture roller drum
178499	103647	41103916	Centrifuge control board or printed circuit board
178500	103647	41103917	Centrifuge microplate carrier or sealing lid
178501	103647	41103915	Cytocentrifuge cytofunnel or filter card or clamp
178502	116680	41104137	Arterial and capillary blood gas collection kit
178503	116680	41104130	Blood culture collection kit
178504	116680	41104131	Pinworm collection paddle or device
178505	116680	41104134	Refrigerant pack for diagnostic specimen shippers
178506	116680	41104136	Specimen drop box
178507	116680	41104135	Template bleeding time incision device and blotting paper
178508	116680	41104133	Umbilical cord blood collector
178509	116680	41104132	Urine strainer for renal calculi
178510	116706	41104309	Microaerophilic environmental cutlure system
178511	116767	41104932	Cell strainer
178512	116767	41104931	Serum separator tube filter
178513	116793	41105344	Electrophoresis sample applicator or blade
178514	116793	41105342	Kit and reagent for agarose gel electrophoresis
178515	116793	41105343	Kit and reagent for tape based electrophoresis
178516	116793	41105345	Protein gel stain
178517	136700	41106232	Automated microbial culture plate streaker
178524	136700	41106224	Electroporation system
178527	103932	41111766	Handheld digital microscope
178528	103932	41111768	Lighted box agglutination viewer
178529	103932	41111769	Lighted mirror agglutination viewer
178530	103932	41111753	Manual microscope nosepiece
178531	103932	41111750	Microscope anti vibration mat or table
178532	103932	41111756	Microscope base unit
178533	103932	41111758	Microscope body
178534	103932	41111763	Microscope cleaning kit
178535	103932	41111752	Microscope filter cube or box
178536	103932	41111764	Microscope fitting
178537	103932	41111751	Microscope fluorescence filter
178538	103932	41111757	Microscope head
178539	103932	41111755	Microscope knob
178540	103932	41111770	Microscope pointer
178541	103932	41111760	Microscope sample manipulation system and accessories
178542	103932	41111765	Microscope stage slide clip
178543	103932	41111767	Microscope stage warming system or incubator and accessories
178544	103932	41111754	Motorized microscope nosepiece
178545	103932	41111761	Transmission electron microscopy TEM grid or support film
178546	103932	41111762	Transmission electron microscopy TEM grid storage box
178547	103932	41111759	Trinocular light compound microscope
178548	103950	41111981	Blood utilization management system
178549	103950	41111979	Data logger for clinical temperature controlled equipment
178550	103950	41111980	Remote monitoring system for clinical temperature controlled equipment
178551	103996	41112244	Calibration reference thermometer
178552	103996	41112243	Laboratory heat block thermometer
178553	103996	41112241	Laboratory oven thermometer
178554	103996	41112242	Laboratory waterbath thermometer
178555	104017	41112522	Water meter tester
178560	116889	41115841	Automated blood culture system
178561	116889	41115842	Automated blood culture system analyzer accessories or supplies 
178562	116889	41115853	Automated high performance chromatography HPLC analyzer system
178563	116889	41115854	Automated high performance chromatography HPLC analyzer system accessories
178564	116889	41115868	Automated quality control manager system
178565	116889	41115866	Biomagnetic separation analyzer
178566	116889	41115867	Biomagnetic separation analyzer accessories
178567	116889	41115845	Cell metabolism analyzer
178568	116889	41115846	Cell metabolism analyzer accessories
178569	116889	41115849	Electrolyte analyzer
178570	116889	41115857	Flame photometer analyzer
178571	116889	41115858	Flame photometer analyzer accessories
178572	116889	41115852	Flow cytometry analyzer
178573	116889	41115859	Gas-liquid chromatography and mass spectrometry analyzer
178574	116889	41115860	Genomic analysis analyzer
178575	116889	41115861	Genomic analysis analyzer accessories
178576	116889	41115843	Molecular diagnostics analyzer
178577	116889	41115844	Molecular diagnostics analyzer accessories
178578	116889	41115864	Multiplex analyzer
178579	116889	41115865	Multiplex analyzer accessories
178580	116889	41115863	Nucleic acid extraction isolation and purification analyzer accessories
178581	116889	41115862	Nucleic acid extraction, isolation and purification analyzer
178582	116889	41115850	Pipettor delivery calibration and verification analyzer
178583	116889	41115851	Pipettor delivery calibration and verification analyzer accessories
178584	116889	41115847	Sweat chloride iontophoresis analyzer
178585	116889	41115848	Sweat chloride iontophoresis analyzer accessories
178586	116889	41115855	Transplant diagnostics analyzer
178587	116889	41115856	Transplant diagnostics analyzer accessories
178588	116916	41116021	Automated blood culture system analyzer reagent
178589	116916	41116023	Automated high performance chromatography HPLC analyzer system reagent or kit
178590	116916	41116025	Flame photometer analyzer reagent or kit
178591	116916	41116026	Gas-liquid chromatography and mass spectrometry analyzer reagent
178592	116916	41116027	Nucleic acid extraction isolation and purification analyzer reagent and kit
178593	116916	41116022	Pipettor delivery calibration and verification analyzer reagent
178594	116916	41116024	Transplant analyzer reagent or kit
178595	116916	41116020	Virology analyzer reagent
178596	116930	41116162	Androgeny and fertility reagent or solution or stain
178597	116930	41116158	Enzyme linked immunosorbent assay ELISA kit
178598	116930	41116165	Manual blood culture system
178599	116930	41116166	Ph meter and conductivity meter calibrant and standard
178600	116930	41116163	Pipettor delivery manual calibration and verification test kit
178601	116930	41116161	Primary and secondary antibodies for multiple methodology immunostaining detection application
178602	116930	41116167	Radio labeled chemical for radiometric detection
178603	116930	41116164	Test kit or probe for laboratory proficiency assessment or laboratory performance improvement tracking
178604	116930	41116160	Transplant diagnostics reagent or solution
178605	116930	41116159	Transplant diagnostics test kit
178606	116978	41116222	Blood bilirubin test monitor or meter
178607	116978	41116223	Blood bilirubin test monitor or meter accessories
178608	116978	41116216	Blood lead test monitor or meter
178609	116978	41116217	Blood lead test monitor or meter accessories
178610	116978	41116218	Cardiac marker panel test monitor or meter
178611	116978	41116219	Cardiac marker panel test monitor or meter accessories
178612	116978	41116224	Glucose and beta hemoglobin test monitor or meter accessories
178613	116978	41116215	Glucose test monitor or meter accessories
178614	116978	41116213	Glycosolated hemoglobin HBA1C test meter
178615	116978	41116214	Glycosolated hemoglobin HBA1C test meter accessories
178616	116978	41116220	Lipid profile or at risk liver enzyme test monitor or meter
178617	116978	41116221	Lipid profile or at risk liver enzyme test monitor or meter accessories
178618	107672	41121518	Aspirating pipette
178619	107672	41121521	Automated liquid handling system accessories
178620	107672	41121520	Automated vial or tube decapper recapper
178621	107672	41121522	Pipettor reagent reservoir
178622	107672	41121519	Positive displacment repeating pipettor
178623	117004	41121610	Repeating pipettor reservoir pipette tip
178624	103826	41121714	Cluster tube or tube strip or cap
178625	103826	41121715	Specimen transport tube or aliquot tube
178626	117023	41121820	Laboratory carboy or spout
178627	117023	41121821	Vial closure cap or seal or stopper
178628	117052	41122113	Capillary pipette or tube puller
178629	117052	41122112	Cell culture glass capillary tube
178630	117052	41122114	In situ culture harvester
178631	117052	41122111	Tissue culture chambered slide
178632	117067	41122417	Blood drop dispenser device
178633	117067	41122418	Donor blood unit segment sampler
178634	117067	41122421	Flask ring stabilizer or weight
178635	117067	41122420	Laboratory bottle carrier
178636	117067	41122419	Laboratory scoop
178637	117067	41122416	Scalpel blade and knife blade remover
178638	117082	41122608	Hemocytometer cover glass
178639	117109	41123106	Dialysis flask
178640	117112	41123204	Microbial quality control QC reference organism
178641	117112	41123203	Virology stock control culture
178642	117115	41123312	Bioprocess container or bag for molecular biology platform
178643	117115	41123310	Blood collection tube dispenser
178644	117115	41123313	Histology specimen container storage tray
178645	117115	41123307	Histology tissue cassette storage tray or box
178646	117115	41123314	Microscope slide and tissue cabinet marker and accessories
178647	117115	41123309	Pasteur or transfer pipette dispenser
178648	117115	41123311	Phlebotomy area organization rack and dispenser
178649	117115	41123308	Pipette storage canister or box
178650	104844	43211520	Barebone computer
178651	104970	43232510	Geographic information system
178652	105044	44101608	Paper shredder bag
178653	105226	45101616	Offset printing cleaning accessories
178654	105226	45101615	Offset printing machine parts
178655	133672	45111725	Acoustic box
178656	105376	46151508	Helmet, bullet proof
178657	105397	46171525	Key card for lock
178658	105555	47121710	Food waste meter
178662	105924	50500000	Nutritional supplements
178663	178662	50501800	Combination nutritional supplements
178664	178662	50501700	Macro nutrient supplements
178665	178662	50501600	Nutritional mineral supplements
178667	178663	50501804	Combination vitamin and mineral nutritional supplement
178688	137088	50501501	Vitamin A supplement
178689	137088	50501502	Vitamin B1 supplement
178690	137088	50501509	Vitamin B12 supplement
178691	137088	50501503	Vitamin B2 supplement
178692	137088	50501504	Vitamin B3 supplement
178693	137088	50501505	Vitamin B5 supplement
178694	137088	50501506	Vitamin B6 supplement
178695	137088	50501507	Vitamin B7 supplement
178696	137088	50501508	Vitamin B9 supplement
178697	137088	50501510	Vitamin C supplement
178698	137088	50501511	Vitamin D supplement
178699	137088	50501512	Vitamin E supplement
178700	137088	50501513	Vitamin K supplement
178706	106549	51131641	Nadroparin
178717	106491	51111855	Lanreotide
178719	106549	51131642	Iloprost
178733	106491	51111856	Lapatinib
178752	200279	51183301	Linagliptin
178758	106482	51111746	Ipilimumab
178761	106628	51142538	Rotigotine
178769	106469	51111650	Pemetrexed
178776	200297	51183611	Liraglutide
178806	200360	51202411	Natalizumab
178813	200360	51202412	Omalizumab
178819	106370	51101636	Azanidazole
178858	106370	51101680	Quinfamide
178917	106404	51101928	Cycloguanil
178927	106409	51281507	Ethionamide
178929	106409	51281509	Terizidone
178934	106706	51172200	Drugs that treat interstitial cystitis
178940	199844	51112503	Bendamustine
178959	199872	51113502	Piposulfan
178978	106469	51111625	Azacitidine
178982	106469	51111629	Clofarabine
178995	106469	51111642	Irinotecan
179004	106469	51111659	Topotecan
179014	106482	51111728	Cabazitaxel
179017	106482	51111731	Bevacizumab
179019	106482	51111733	Bleomycin
179022	106482	51111736	Cetuximab
179025	106482	51111740	Daunorubicin hydrochloride
179027	106482	51111742	Eribulin
179035	106482	51111758	Panitumumab
179038	106482	51111761	Ranibizumab
179042	106482	51111765	Trabectedin
179043	106482	51111766	Vinblastine
179044	106482	51111767	Vincristine
179049	106482	51111772	Vinorelbine
179053	106491	51111830	Abiraterone
179056	106491	51111833	Axitinib
179061	106491	51111838	Bortezomib
179065	106491	51111842	Degarelix
179078	106491	51111862	Nilotinib
179079	106491	51111863	Octreotide
179081	199864	51112804	Raloxifene
179094	106450	51112000	Tyrosine kinase inhibitors
179095	179094	51112002	Dasatinib
179096	179094	51112004	Gefitinib
179097	179094	51112006	Pazopanib
179099	179094	51112008	Sorafenib
179101	179094	51112010	Vandetanib
179103	179094	51112012	Afatinib
179134	199892	51123501	Ivabradine
179176	106545	51131520	Plerixafor
179180	106549	51131621	Apixaban
179183	106549	51131624	Dabigatran etexilate mesilate
179187	106549	51131629	Clopidogrel
179189	106549	51131631	Dabigatran
179202	106549	51131649	Prasugrel
179203	106549	51131650	Rivaroxaban
179239	106554	51131740	Ticagrelor
179242	136933	51131812	Romiplostim
179246	136933	51131817	Eltrombopag
179248	136933	51131819	Coagulation factor ix
179249	136933	51131820	Coagulation factor vii
179250	136933	51131821	Coagulation factor viii
179252	136933	51131823	Moroctocog alfa
179272	106560	51141563	Lacosamide
179275	106560	51141566	Epsom salt or magnesium sulfate
179317	106628	51142517	Amantadine
179373	200032	51143908	Pyridoxine disulfide or pyrithioxine or pyritinol
179385	106559	51143000	Nootropics
179405	106559	51143100	Salicylates
179407	179405	51143103	Acetylsalicylic acid or Aspirin
179418	106640	51151527	Metrifonate or trichlorfon
179420	106640	51151529	Rivastigmine
179431	106645	51151625	Butylscopolamine
179459	106645	51151657	Oxybutynin
179498	106673	51152046	Succinylcholine or suxamethonium or suxamethonium chloride
179550	200151	51162702	Ambroxol
179584	200151	51162732	Oxymetazoline
179599	200151	51162747	Xylometazoline
179621	106712	51171641	Polyethylene glycol
179644	106724	51171838	Fosaprepitant or ivemend
179645	106724	51171839	Hydroxyzine
179646	106724	51171840	Hyoscine or levo-duboisine or scopolamine
179663	106730	51171932	Cinitapride
179666	106730	51171935	Dexlansoprazole
179696	106730	51171973	Alglucosidase alfa
179697	106730	51171974	Imiglucerase
179703	106730	51171980	Velaglucerase alfa
179749	135698	51172148	Rociverine
179789	200279	51183303	Sitagliptin
179797	200297	51183607	Insulin aspart
179798	200297	51183608	Insulin beef
179799	200297	51183610	Insulin glargine
179800	200297	51183613	Insulin glulisine
179801	200297	51183614	Insulin human
179806	106753	51181614	Carbimazole
179853	106792	51182106	Terlipressin
179855	106795	51182206	Atosiban
179856	106795	51182207	Carbetocin
179867	106802	51182426	Cinacalcet
179869	106802	51182428	Denosumab
179876	106802	51182435	Teriparatide
179900	106813	51191549	Frusemide or furosemide
179921	200391	51203801	Abatacept
179926	200360	51202403	Belimumab
179930	200360	51202405	Certolizumab
179935	200356	51202306	Etanercept
179936	200366	51202603	Everolimus
179937	200383	51203302	Fingolimod
179943	200383	51203301	Lenalidomide
179944	200352	51202204	Sulfasalazine
179945	200393	51204001	Pirfenidone
179951	200389	51203605	Teriflunomide
179953	106833	51201569	Atlizumab or tocilizumab
179955	200360	51202414	Ustekinumab
179957	137081	51201812	Mifamurtide
179968	106832	51202000	Immunomodulating drugs based on tyrosine Inhibitors and kinase Inhibitors
179970	179968	51202002	Hyaluronan or hyaluronate or hyaluronic acid
179987	106870	51172319	Cysteamine or mercaptamine
179988	106870	51172320	Deferasirox
179989	106870	51172321	Deferiprone
179994	106870	51172328	Sugammadex
180032	143977	51241243	Dimethyl fumarate
180035	143977	51241246	Tacalcitol
180083	134950	51273900	Combination anesthetics and adjuncts
180104	180083	51273921	Bupivacaine/dextrose
180120	180083	51273937	Epinephrine/lidocaine
180133	106706	51172400	Combination antacid, antidiarrheal, anti-flatulence, digestive, and gastric preparations
180143	180133	51172410	Aluminum hydroxide/magnesium hydroxide
180146	180133	51172413	Aluminum hydroxide/magnesium trisilicate
180243	106678	51162000	Combination antiasthma agents
180245	180243	51162002	Albuterol/ipratropium
180255	180243	51162012	Budesonide/formoterol
180273	180243	51162030	Fluticasone/salmeterol
180288	106359	51102800	Combination anti-infectives
180299	180288	51102811	Bacitracin/hydrocortisone/neomycin/polymyxin b
180306	180288	51102818	Bacitracin/diperodon/neomycin/polymyxin b
180309	180288	51102821	Bacitracin/neomycin/polymyxin b
180310	180288	51102822	Bacitracin/polymyxin b
180311	180288	51102823	Bacitracin/polymyxin b/pramoxine
180320	180288	51102832	Chloramphenicol/hydrocortisone/polymyxin b
180330	180288	51102842	Dalfopristin/quinupristin
180332	180288	51102844	Dexamethasone/neomycin/polymyxin b
180340	180288	51102852	Gramicidin/neomycin/polymyxin b
180344	180288	51102856	Hydrocortisone/neomycin/polymyxin b
180346	180288	51102858	Hydrocortisone/polymyxin b
180350	180288	51102862	Oxytetracycline/polymyxin b
180351	180288	51102863	Neomycin/polymyxin b
180352	180288	51102864	Neomycin/polymyxin b/prednisolone
180358	180288	51102871	Polymyxin b/trimethoprim
180359	180288	51102872	Prednisolone/sulfacetamide
180362	106544	51132100	Combination hematolic drugs
180376	106382	51303600	Combination antifungals
180387	180376	51303611	Benzoic acid/salicylic acid
180393	135738	51241500	Combination antiglaucoma, ophthalmic, and eye-related agents and preparations
180406	180393	51241513	Brimonidine/timolol
180414	180393	51241522	Dorzolamide/timolol
180435	180393	51241544	Phenylephrine/zinc sulfate
180539	106522	51434900	Combination antihypertensives
180546	180539	51434907	Amlodipine/hydrochlorothiazide/olmesartan
180547	180539	51434908	Amlodipine/hydrochlorothiazide/valsartan
180548	180539	51434909	Amlodipine/olmesartan
180570	180539	51434931	Hydrochlorothiazide/losartan
180577	180539	51434938	Hydrochlorothiazide/irbesartan
180584	180539	51434945	Hydrochlorothiazide/olmesartan
180588	180539	51434949	Hydrochlorothiazide/telmisartan
180597	136862	51474000	Combination antiseptics, ceruminolytics, and disinfectants
180598	180597	51474001	Formaldehyde/isopropyl alcohol/sodium nitrite
180599	106599	51386600	Combination anti-inflammatory agents
180608	180599	51386609	Hydrocortisone/lidocaine
180613	106512	51122600	Combination antilipemic agents
180614	180613	51122601	Aspirin/pravastatin
180616	180613	51122603	Ezetimibe/simvastatin
180619	106359	51102900	Combination antimalarials
180620	180619	51102901	Artemether/lumefantrine
180623	180619	51102904	Pyrimethamine/sulfadoxine
180624	181731	51284900	Combination antimicrobials
180627	180624	51284903	Cilastatin/imipenem
180635	180624	51284911	Sulfamethoxazole/trimethoprim
180636	106559	51143400	Combination antimigraine agents
180642	180636	51143406	Caffeine/ergotamine
180670	106559	51143500	Combination antiparkinson agents
180671	180670	51143501	Carbidopa/entacapone/levodopa
180672	180670	51143502	Carbidopa/levodopa
180673	135738	51241600	Combination antipsoriatics
180676	180673	51241603	Allantoin/coal tar
180678	180673	51241605	Betamethasone/calcipotriene
180704	106743	51182500	Combination antithyroid agents and supplements
180705	180704	51182501	Levothyroxine/liothyronine
180706	106678	51162100	Combination antituberculars
180707	180706	51162101	Isoniazid/pyrazinamide/rifampin
180709	180706	51162103	Isoniazid/rifampin
180713	106428	51343800	Combination antivirals
180714	180713	51343801	Abacavir/lamivudine
180716	180713	51343803	Efavirenz/emtricitabine/tenofovir
180717	180713	51343804	Emtricitabine/tenofovir
180719	180713	51343806	Lamivudine/zidovudine
180738	106706	51172800	Combination cariostatics, dental or mouthwashes or oral agents
180771	180738	51172833	Hydrogen peroxide/sodium bicarbonate
180793	106678	51162300	Combination cold remedies
180868	106770	51352400	Combination contraceptives and estrogens
180872	180868	51352404	Drospirenone/estradiol
180881	180868	51352413	Ethinyl estradiol/levonorgestrel
180882	180868	51352414	Ethinyl estradiol/norelgestromin
180924	135738	51241800	Combination dermatologicals
181016	180868	51352426	Estradiol/norethindrone
181022	106812	51192300	Combination electrolytes/minerals
181067	181731	51285000	Combination extended spectrum penicillins
181070	181067	51285003	Piperacillin/tazobactam
181082	181731	51285100	Combination H. pylori agents
181083	181082	51285101	Amoxicillin/clarithromycin/lansoprazole
181095	184067	51461600	Combination herbs/alternative therapies
181105	183100	51373300	Combination opioid analgesics
181196	106812	51192400	Combination nutritional therapy products
181225	181196	51192429	Calcium carbonate/vitamin d
181242	181196	51192443	Ferrous sulfate/folic acid
181244	181196	51192445	Folic acid/iron
181264	106544	51132200	Combination non-opioid analgesics
181289	181264	51132225	Acetaminophen/tramadol
181404	106743	51182700	Combination oral hypoglycemic agents
181413	181404	51182709	Metformin/sitagliptin
181414	135738	51242200	Combination otic agents
181431	180362	51132102	Aspirin/dipyridamole
181460	135738	51242300	Combination sun protectants or screens
181462	181460	51242302	Avobenzone/padimate-o
181482	106544	51132300	Combination volume expanders
181498	106660	51261700	Adrenergic blocking agent amino alcohols and aminoquinolines and benzopyrans and bradykinin/analogs and derivatives
181499	181498	51261701	Arnolol
181500	181498	51261702	Abanoquil
181504	181498	51261704	Icatibant
181505	106660	51262000	Adrenergic blocking agent butyrophenones and carbazoles and dibenzazepines and dimethylamines
181519	106660	51262400	Adrenergic blocking agent ethanolamines
181523	181519	51262404	Labetalol
181541	106660	51262900	Adrenergic blocking agent phenoxypropanolamines
181547	181541	51262907	Propranolol
181549	106660	51263000	Adrenergic blocking agent piperazines
181554	106660	51263100	Adrenergic blocking agent propanolamines
181558	181554	51263105	Bisoprolol
181575	181554	51263122	Esmolol
181607	106660	51263400	Adrenergic blocking agent pyrimidine nucleosides and quaternary ammonium compounds and secologanin tryptamine alkaloids and spiro compounds and sulfonamides
181623	134950	51271600	Anaesthetic amides
181659	134950	51272000	Anaesthetic barbiturates
181664	134950	51272100	Anaesthetic benzoates
181675	181664	51272111	Amethocaine or tetracaine
181678	134950	51272200	Anaesthetic cycloparaffins
181684	134950	51272300	Anaesthetic dioxolanes and gases and imidazoles and isoquinolines
181686	134950	51272400	Anaesthetic ethers
181699	134950	51272900	Anaesthetic phenols
181701	134950	51273000	Anaesthetic piperidines
181709	181701	51273009	Remifentanil
181731	106358	51280000	Antibacterials
181732	181731	51281600	Aminoglycosides
181751	181732	51281624	Streptomycin
181756	181731	51281700	Aminopenicillins
181758	181756	51281702	Amoxicillin
181765	181731	51281800	Anthracyclines
181766	181765	51281801	Idarubicin
181769	181765	51281805	Daunorubicin
181770	181765	51281806	Doxorubicin
181777	181731	51281900	Antineoplastics
181779	181777	51281902	Rifabutin
181785	181731	51282000	Actinomycines and bacitracins and chloramphenicols and cyclic peptide antibacterials and glycylcyclines
181786	181731	51282100	Beta-lactams
181787	181786	51282101	Clavulanic acid
181805	181731	51282200	Cephamycins
181808	181731	51282300	Erythromycins
181812	181731	51282400	Extended-spectrum penicillins
181820	181731	51282500	First generation cephalosporins
181825	181820	51282506	Cefalotin or cephalothin
181834	181731	51282600	Fourth generation cephalosporins
181841	181731	51282700	Glycopeptides
181842	181841	51282703	Vancomycin hydrochloride
181844	181731	51282800	Imidazoles
181851	181731	51282900	Quinolone antibacterials
181876	181851	51282931	Moxifloxacin
181894	181731	51283000	Lincosamides
181896	181731	51283100	Lipopeptides
181897	181896	51283101	Anidulafungin
181902	181896	51283106	Polymyxin b
181903	181731	51283200	Macrolides
181916	181731	51283300	Oxazolidinones
181918	181731	51283400	Penicillins
181919	181918	51283401	Penicillin o
181920	181918	51283402	Adicillin or penicillin n
181921	181918	51283403	Apalcillin
181922	181918	51283404	Carfecillin
181923	181918	51283405	Benzylpenicillin or penicillin g
181924	181918	51283406	Penicillin V or phenoxymethylpenicillin
181925	181918	51283407	Pheneticillin or phenethicillin
181926	181918	51283408	Prazocillin
181927	181918	51283409	Procaine benzylpenicillin or procaine penicillin g
181928	181918	51283410	Sarpicillin
181929	181918	51283411	Piroxicillin
181930	181731	51283500	Penicillinase-resistant penicillins
181931	181930	51283502	Dicloxacillin
181934	181930	51283505	Oxacillin
181936	181731	51283600	Rifamycin antibacterials
181937	181936	51283601	Rifampicin or rifampin
181938	181936	51283604	Rifaximin
181939	181731	51283700	Second generation cephalosporins
181942	181939	51283705	Cefminox
181946	137271	51283801	Dalfopristin
181948	181731	51283900	Sulfonamide antibacterials
181951	181948	51283904	Silvadene or silver sulfadiazine
181955	181948	51283908	Sulfadiazine
181984	181731	51284000	Tetracyclines
181996	181731	51284100	Third generation cephalosporins
182010	181731	51285500	Antibacterials, synthesized
182051	181918	51283421	Fenbenicillin
182052	200959	51286201	Fosfomycin
182054	181918	51283422	Fumoxicillin
182093	181918	51283423	Oxetacillin
182100	181731	51284300	Amphenicols
182106	181785	51282003	Tigecycline
182107	181731	51284500	Lincomycins and monobactam antibacterials and polymyxin antibacterials and polysaccharide antibacterials
182109	181731	51284600	Carbapenems
182112	182109	51284603	Ertapenem
182143	106569	51291700	Antidepressant alcohols
182157	106569	51292000	Antidepressant amines
182166	182157	51292011	Fluoxetine
182209	106569	51292900	Antidepressant dibenzazepines
182222	106569	51293000	Antidepressant dibenzocycloheptenes
182223	182222	51293002	Amitriptyline
182230	182240	51293402	Bupropion
182240	106569	51293400	Antidepressant imidazoles and isonicotinic acids and ketones and orphenadrine/analogs and derivatives and phenanthrenes
182267	106569	51294000	Antidepressant morpholines
182284	106569	51294400	Antidepressant piperazines
182298	106569	51294500	Antidepressant piperidines
182354	106382	51301800	Antifungal amines
182357	106382	51301900	Antifungal aminoacridines and azoles and benzimidazoles and benzofurans
182361	106382	51302000	Antifungal carboxylic acids
182369	106382	51302300	Antifungal imidazoles
182394	106382	51302400	Antifungal macrolides
182396	106382	51302500	Antifungal naphthalenes
182403	106382	51302700	Antifungal phenols
182407	106382	51302900	Antifungal pyridines
182409	106382	51303000	Antifungal pyrimidines
182410	106382	51303100	Antifungal pyrroles and pyrrolidinones and quinazolines and terpenes
182425	106382	51303400	Antifungal triazoles
182444	106685	51311900	Antihistamine or H1 blocker benzopyrans
182445	182444	51311901	Cromoglicic acid or cromolyn
182449	106685	51312100	Antihistamine or H1 blocker cyclic s-oxides and dibenzazepines and dibenzoxepins and glyoxylates
182451	106685	51312200	Antihistamine or H1 blocker dibenzocycloheptenes
182456	106685	51312300	Antihistamine or H1 blocker ethylamines
182461	106685	51312400	Antihistamine or H1 blocker ethylenediamines
182462	182461	51312401	Chloropyramine
182493	106685	51313000	Antihistamine or H1 blocker phthalazines
182496	106685	51313100	Antihistamine or H1 blocker piperazines
182504	106685	51313200	Antihistamine or H1 blocker piperidines
182509	182504	51313205	Levocabastine
182514	106685	51313300	Antihistamine or H1 blocker propylamines
182517	106685	51313400	Antihistamine or H1 blocker pyridines
182518	182517	51313401	Chlorphenamine or chlorpheniramine or dexchlorpheniramine
182544	106685	51313700	Antihistamine or H1 blocker quinolizines and sulfonamides and thiazines and thiazoles and thiophenes
182546	106685	51313800	Antihistamine or H1 blocker terfenadine/analogs and derivatives
182547	182546	51313801	Fexofenadine
182562	106534	51321500	Antihyperlipidemic and hypocholesterolemic benzene derivatives
182563	182562	51321501	Eniclobrate
182564	106534	51321600	Antihyperlipidemic and hypocholesterolemic alcohols
182567	106534	51321700	Antihyperlipidemic and hypocholesterolemic fatty acids
182571	106534	51321800	Antihyperlipidemic and hypocholesterolemic fibric acids
182575	182571	51321804	Ciprofibrate
182584	106534	51321900	Antihyperlipidemic and hypocholesterolemic amides
182585	182584	51321901	Bezafibrate
182595	106534	51322200	Antihyperlipidemic and hypocholesterolemic azetidines and cyclohexanes and fluorobenzenes and furans
182596	106534	51322300	Antihyperlipidemic and hypocholesterolemic macromolecular substances
182615	106534	51322700	Antihyperlipidemic and hypocholesterolemic naphthalenes
182653	106576	51331900	Antipsychotic anions
182654	106576	51332000	Antipsychotic azoles
182657	182654	51332003	Paliperidone
182679	106576	51332500	Antipsychotic butyrophenones
182693	106576	51332700	Antipsychotic dibenzazepines
182697	106576	51332800	Antipsychotic phenothiazines
182709	182697	51332814	Levomepromazine or methotrimeprazine
182716	182697	51332822	Perphenazine
182725	182697	51332831	Trifluoperazine
182741	106576	51333200	Antipsychotic nitrogen mustard compounds
182745	106576	51333400	Antipsychotic piperazines
182756	106576	51333500	Antipsychotic piperidines
182758	182756	51333502	Domperidone
182766	106576	51333600	Antipsychotic pyrimidines
182785	106576	51334200	Antipsychotic thiepins
182789	182785	51334204	Quetiapine
182790	106576	51334300	Antipsychotic thioxanthenes
182793	182790	51334303	Flupentixol
182796	182790	51334306	Zuclopenthixol
182819	106428	51341500	Antiviral carboxylic acids
182823	106428	51341600	Antiviral adamantanes
182830	106428	51341800	Antiviral amides
182831	182830	51341801	Darunavir
182832	106428	51341900	Antiviral amidines and amines and benzoxazines and cyclohexanes
182842	182832	51341904	Maraviroc
182845	106428	51342300	Antiviral guanines
182849	182845	51342304	Entecavir
182851	182845	51342309	Aciclovir or acyclovir
182852	106428	51342400	Antiviral isoquinolines
182855	106428	51342500	Antiviral nucleosides
182856	182855	51342501	Abacavir
182862	106428	51342700	Antiviral peptides
182863	182862	51342701	Atazanavir
182864	182862	51342702	Enfuvirtide
182871	182862	51342709	Interferon beta-1a
182872	182862	51342710	Interferon beta-1b
182879	106428	51342900	Antiviral purines
182881	182920	51343704	Etravirine
182882	106428	51343000	Antiviral pyridines
182885	106428	51343100	Antiviral pyrimidines
182897	202019	51442007	TFT or trifluorothymidine or trifluridine
182898	182885	51343116	Azidothymidine or zidovudine
182899	106428	51343200	Antiviral pyrrolidinones and quinolines and thiazoles
182900	182899	51343201	Raltegravir
182914	106428	51343500	Antiviral organophosphorus compounds
182920	106428	51343700	Antiviral ketones and morpholines and nitriles and pyridazines
182923	106770	51351500	Estrogen, progestin, or internal contraceptive pregnanes
182930	182923	51351509	Medroxyprogesterone
182931	182923	51351510	Megestrol
182938	106770	51351600	Estrogen, progestin, or internal contraceptive estrenes
182942	182938	51351605	Estradiol or oestradiol
182943	182938	51351606	Dienogest
182945	182938	51351608	Estriol
182946	182938	51351613	Mifepristone
182954	106770	51351800	Estrogen, progestin, or internal contraceptive gonadal hormones
182958	106770	51351900	Estrogen, progestin, or internal contraceptive norpregnanes
182966	182958	51351912	Ulipristal acetate
182968	106770	51352000	Estrogen, progestin, or internal contraceptive norpregnenes
182972	182968	51352005	Etonogestrel
182974	182968	51352008	Norethindrone or norethisterone
182998	106581	51361500	Hypnotic alcohols
183009	106581	51361800	Hypnotic azoles
183018	106581	51361900	Hypnotic barbiturates
183071	106581	51362600	Hypnotic acetates
183100	106358	51370000	Controlled substance analgesics
183102	183100	51371600	Controlled substance analgesic alcohols
183103	183102	51371601	Tramadol
183108	183100	51371800	Controlled substance analgesic isonipecotic acids
183111	183108	51371803	Meperidine or pethidine
183113	183100	51371900	Controlled substance analgesic methadones
183121	183100	51372000	Controlled substance analgesic morphinans
183124	183121	51372003	Buprenorphine
183136	183121	51372015	Morphine
183141	183100	51372100	Controlled substance analgesic morphine derivatives
183147	183141	51372107	Hydromorphone
183156	183100	51372300	Controlled substance analgesic piperidines
183206	183100	51373200	Controlled substance analgesic phenols
183211	106599	51381500	Nonsteroidal anti inflammatory benzoates
183222	106599	51381700	Nonsteroidal anti inflammatory acetanilides
183262	106599	51382700	Nonsteroidal anti inflammatory indenes
183281	106599	51383300	Nonsteroidal anti inflammatory phenylacetates
183288	106599	51383400	Nonsteroidal anti inflammatory indoleacetic acids
183289	183288	51383401	Acemetacin
183292	106599	51383500	Nonsteroidal anti inflammatory indoles
183299	183292	51383507	Indometacin or indomethacin
183305	106599	51383900	Nonsteroidal anti inflammatory nicotinic acids
183330	106599	51384500	Nonsteroidal anti inflammatory propionates
183343	106599	51384600	Nonsteroidal anti inflammatory pyrazoles
183365	106599	51384800	Nonsteroidal anti inflammatory pyridines
183389	106599	51385600	Nonsteroidal anti inflammatory salicylates
183400	106599	51385800	Nonsteroidal anti inflammatory thiazines
183442	106650	51391600	Sympathomimetic or adrenergic amines
183449	106650	51391700	Sympathomimetic or adrenergic amino alcohols
183468	183449	51391722	Levarterenol or noradrenaline or norepinephrine
183472	183449	51391726	Orciprenaline or metaproterenol
183484	183449	51391739	Salmeterol
183488	183449	51391743	Adrenalin or adrenaline or epinephrine
183490	183449	51391746	Racepinefrine or racepinephrine
183528	106650	51392400	Sympathomimetic or adrenergic catecholamines
183531	183528	51392403	Dopamine
183583	106650	51393400	Sympathomimetic or adrenergic xanthines
183595	106650	51393600	Sympathomimetic or adrenergic dibenzoxepins and dioxolanes and glycosides and guanidines
183600	183595	51393604	Indacaterol
183605	106587	51401500	Tranquilizers and antimanic and antianxiety benzodiazepines
183651	106587	51401700	Tranquilizers and antimanic and antianxiety amines and anthracenes and barbiturates and benzazepines and dipeptides
183671	106587	51402200	Tranquilizers and antimanic and antianxiety naphthyridines and oxazines and quinolines and spiro compounds and sulfur compounds
183696	136917	51411600	Vasodilator alcohols
183722	136917	51412000	Vasodilator azoles
183745	136917	51412600	Vasodilator ferricyanides and hydrazines and isoquinolines and morpholines and phenols
183746	183745	51412601	Nitroprusside
183747	136917	51412700	Vasodilator furans
183767	136917	51413200	Vasodilator piperazines
183770	183767	51413204	Sildenafil
183772	136917	51413300	Vasodilator prostaglandins
183778	136917	51413500	Vasodilator pyridines
183816	106760	51421500	Corticosteroid androstadienes
183826	106760	51421800	Corticosteroid glucocorticoids
183833	106760	51422100	Corticosteroid pregnadienediols
183841	106760	51422200	Corticosteroid pregnadienes
183842	183841	51422205	Flunarizine
183843	106760	51422300	Corticosteroid pregnadienetriols
183845	183843	51422302	Beclometasone or Beclomethasone
183858	106760	51422400	Corticosteroid pregnenediones
183881	106522	51431500	Antihypertensive acrylates and amides and angiotensins and aromatic amino acids
183884	106522	51431600	Antihypertensive amines
183893	106522	51431700	Antihypertensive benzazepines
183898	106522	51431800	Antihypertensive benzene derivatives and benzimidazoles and benzofurans and catecholamines
183899	106522	51431900	Antihypertensive alcohols
183917	106522	51432300	Antihypertensive imidazoles
183927	106522	51432400	Antihypertensive imino acids
183932	106522	51432500	Antihypertensive indoles
183940	106522	51432600	Antihypertensive piperazines
183946	106522	51432700	Antihypertensive bicyclo compounds
183952	106522	51432800	Antihypertensive oligopeptides
183968	106522	51433300	Antihypertensive phthalazines
183971	183968	51433303	Hydralazine
183984	106522	51433700	Antihypertensive prostaglandins and pyrazoles and pyrimidines and quinazolines
183987	106522	51433800	Antihypertensive pyridazines
183991	106522	51433900	Antihypertensive pyridines
183993	183991	51433902	Amlodipine
184031	106522	51434500	Antihypertensive tetrazoles
184067	106358	51460000	Herbal drugs
184068	106374	51451800	Anthelmintic from other constituents
184070	106374	51451900	Anthelmintic amides
184072	106374	51452100	Anthelmintic benzene derivatives
184073	106374	51451600	Anthelmintic benzimidazoles
184074	106374	51452200	Anthelmintic benzoates
184075	106374	51452300	Anthelmintic benzodioxoles and butyrophenones and copper compounds and cyclohexanes and naphthalenes
184076	106374	51452400	Anthelmintic carbamates
184077	106374	51452500	Anthelmintic chlorinated hydrocarbons
184079	106374	51452600	Anthelmintic guanidines
184080	106374	51452700	Anthelmintic isoquinolines
184081	106374	51452800	Anthelmintic macrolides
184082	106374	51452900	Anthelmintic organophosphorus compounds
184084	106374	51453000	Anthelmintic piperazines
184086	106374	51453200	Anthelmintic quinolines
184087	106374	51453400	Anthelmintic terpenes
184088	106374	51453500	Anthelmintic thiazoles
184089	106374	51453600	Anthelmintic thiocyanates
184190	136862	51471500	Antiseptic alkenes and amidines and amines and ammonia-based compounds
184208	136862	51472000	Antiseptic aldehydes
184210	184208	51472002	Glutaraldehyde
184217	136862	51472300	Antiseptic borates and chlorine-based compounds and heavy metals and herbal preparations
184226	136862	51472600	Antiseptic cresols
184227	184226	51472601	Amylmetacresol
184232	136862	51472800	Antiseptic guanidines
184234	184232	51472803	Chlorhexidine
184235	136862	51472900	Antiseptic halogens
184236	184235	51472901	Iodine
184238	136862	51473000	Antiseptic quaternary ammonium compounds
184240	184238	51473003	Cetrimonium
184251	184238	51473016	Acetone or alcohol based antiseptics
184252	136862	51473100	Antiseptic imidazoles and ketones and lipids and nitrofurans
184256	136862	51473200	Antiseptic organometallic compounds
184259	136862	51473300	Antiseptic phenols
184265	184259	51473307	Phenol or phenolate sodium
184269	136862	51473500	Antiseptic pyrimidines and silvers and ureas and waters
184271	136862	51473600	Antiseptic quinolines
184274	136862	51473700	Antiseptic sulfur compounds
184287	108048	70171507	Surface water development
184290	108677	80101607	Project impact assessment
184291	108677	80101606	Project monitoring and evaluation
184292	108688	80111511	Labor training impact assessment
184294	108816	81111512	Computer graphics service
184295	108816	81111511	System or application programming management service
184296	150826	81112310	Computer cabinet maintenance
184297	108869	81121505	Economic development consultancy
184299	109169	84131518	Bicycle insurance
184300	109176	84131611	Medical malpractice insurance
184301	109169	84131519	Fire insurance
184303	184304	86132201	Training workshop service
184304	107417	86132200	Educational support services
184307	106358	51440000	Radiopharmaceuticals and contrast media
184322	100084	10152300	Legume seeds and seedlings
184323	100084	10152400	Tuber seeds and seedlings
184342	100180	10191519	Telfubenzuron
184345	100316	11131610	Non-edible bird and poultry eggs
184357	100799	15101615	Wood chip fuel
184366	100902	21102500	Irrigation systems and equipment
184367	184366	21102503	Irrigation parts and accessories
184368	100902	21102600	Agricultural protection materials
184369	184368	21102601	Plastic film for agriculture
184373	101405	24131516	Cold storage room
184374	101456	25101941	Mobile laboratory
184375	101666	25175100	Transportation repair parts kits
184376	184375	25175101	Motor vehicle repair part kit
184377	184375	25175102	Motorcycle repair part kit
184378	184375	25175103	Marine transport repair part kits
184381	184375	25175106	Non motorized cycle repair part kit
184392	103624	40161609	Water purification system
184414	104844	43211521	All in one desktop computer
184419	105339	46111504	Abandoned Explosive Ordnance AXO
184420	105339	46111505	Explosive remnants of war ERW
184421	105339	46111506	Unexploded ordnance UXO
184422	178063	46211603	Minefield or mine hazard area marker
184423	178063	46211604	Minefield or mine hazard area marking signage
184424	105325	46220000	Military weapon and ammunition disarmament and disposal equipment and related products
184425	184424	46221500	Demining equipment and related products
184426	184425	46221501	Mine anti-tampering device
184427	184425	46221502	Demining machine
184428	184425	46221503	Anti explosive device detonator
184429	184425	46221504	Mine dispenser
184430	184425	46221505	Intrusive demining machine
184431	184425	46221506	Non intrusive demining machine
184432	184425	46221507	Demining machine parts and accessories
184433	184425	46221508	Mine detecting dog MDD
184434	184425	46221509	Mine self destruction mechanism
184435	184425	46221510	Mine self neutralization equipment
188905	178662	50501900	Veterinary nutritional supplements
188906	188905	50501901	Mineral salt lick
188907	188905	50501902	Veterinary multinutrient block
188908	188905	50501903	Veterinary vitamin
188909	188905	50501904	Veterinary vitamin and mineral mixture
199829	106491	51111874	Tamoxifen citrate
199832	179094	51112014	Erlotinib hydrochloride
199833	179094	51112015	Imatinib mesiate or mesylate
199834	179094	51112016	Sorafenib tosylate
199835	179094	51112017	Sunitinib malate
199837	106450	51112300	Alkylating agent alkanesulfonic acids
199840	106450	51112400	Alkylating agent amides
199844	106450	51112500	Alkylating agent nitrogen mustard compounds
199846	199844	51112508	Bendamustine hydrochloride
199853	106450	51112600	Alkylating agent nitrosourea compounds
199857	106450	51112700	Alkylating agent organoplatinum compounds
199858	199857	51112702	Cisplatin
199864	106450	51112800	Alkylating agent stilbenes
199865	106450	51112900	Alkylating agent triazines
199866	106450	51113000	Alkylating agent amines
199872	106450	51113500	Alkylating agent piperazines
199874	106513	51121583	Propafenone hydrochloride
199892	106512	51123500	Antiarrythmic benzazepines
199893	106512	51123600	Antiarrythmic benzofurans
199900	106512	51123900	Antiarrythmic indoles
199906	106512	51124100	Antiarrythmic purines
199916	106512	51124400	Antiarrythmic cardiac glycosides or cardenolides
199917	106512	51124500	Antiarrythmic sulfur compounds
199935	136933	51131827	Eltrombopag olamine
199939	106560	51141590	Donepezil hydrochloride
199945	106560	51141596	Phenytoin sodium
199962	106621	51142315	Naloxone hydrochloride
199966	106625	51142423	Almotriptan malate
199976	106625	51142433	Rizatriptan benzoate
199978	106625	51142435	Sumatriptan succinate
200005	106628	51142565	Pramipexole dihydrochloride monohydrate
200008	106628	51142568	Rasagiline mesilate or mesylate
200031	137120	51143222	Varenicline tartrate
200032	106559	51143900	Stimulant or anorexiant alcohols
200035	106559	51144000	Stimulant or anorexiant amines
200040	200035	51144015	Methylphenidate hydrochloride
200062	106559	51144600	Stimulant or anorexiant alkaloids
200078	106640	51151541	Galantamine hydrobromide
200081	106640	51151544	Pilocarpine hydrochloride
200085	106640	51151548	Pyridostigmine bromide
200086	106640	51151549	Rivastigmine hydrogen tartrate
200091	106673	51152051	Cisatracurium besilate
200104	106673	51152064	Orphenadrine citrate
200107	106673	51152067	Pancuronium bromide
200110	106673	51152070	Rocuronium bromide
200112	106673	51152072	Suxethonium chloride
200115	106673	51152075	Vecuronium bromide
200121	106679	51161569	Montelukast sodium
200126	106679	51161574	Tiotropium bromide
200136	106678	51162600	Antitussives and associated cough remedies
200151	106678	51162700	Decongestants, expectorants, and mucolytics
200180	106720	51171724	Loperamide hydrochloride
200214	106870	51172333	Sugammadex sodium
200217	106753	51181625	Calcitonin salmon
200222	106779	51181927	Clomifene citrate
200249	106786	51182071	Testosterone enanthate
200259	106792	51182108	Desmopressin acetate
200268	106795	51182222	Ergometrine maleate
200279	106743	51183300	Antidiabetic and hyperglycemic dipeptidyl peptidase-4 inhibitors
200281	200279	51183306	Sitagliptin phosphate
200289	106743	51183500	Antidiabetic and hyperglycemic guanidines
200294	200289	51183510	Metformin hydrochloride
200297	106743	51183600	Antidiabetic and hyperglycemic peptide hormones
200302	200297	51183615	Insulin lispro
200305	106743	51183700	Antidiabetic and hyperglycemic thiazolidinediones
200306	200305	51183706	Pioglitazone hydrochloride
200309	106743	51183800	Antidiabetic and hyperglycemic alpha-glucosidase inhibitors
200311	106743	51184000	Antidiabetic and hyperglycemic sulfonylureas
200312	106813	51191572	Amiloride hydrochloride
200352	106832	51202200	Immunosupressant amides
200354	200352	51202203	Methotrexate sodium
200355	200352	51202207	Dexrazoxane hydrochloride
200356	106832	51202300	Immunosupressant amino acids
200360	106832	51202400	Immunosupressant antibodies
200361	200360	51202406	Certolizumab pegol
200362	200360	51202413	Secukinumab
200363	106832	51202500	Immunosupressant azoles
200366	106832	51202600	Immunosupressant imides
200368	106832	51202700	Immunosupressant immunoglobulins
200369	200368	51202701	Anti-thymocyte globulin
200370	106832	51202800	Immunosupressant macrolides
200372	200370	51202805	Tacrolimus anhydrous
200379	106832	51203100	Immunosupressant peptides
200380	106832	51203200	Immunosupressant phenols
200381	200380	51203201	Mycophenolate mofetil
200382	200380	51203202	Mycophenolate mofetil hydrochloride
200383	106832	51203300	Immunosupressant phthalimides
200384	200383	51203303	Pomalidomide
200385	106832	51203400	Immunosupressant purines
200389	106832	51203600	Immunosupressant carboxylic acids
200391	106832	51203800	Immunosupressant immunoconjugates
200393	106832	51204000	Immunosupressant pyridines
200395	106832	51204200	Veterinary vaccines and virology products
200396	200395	51204201	Veterinary foot and mouth disease (FMD) vaccines
200397	200395	51204202	Veterinary anthrax vaccines
200398	200395	51204203	Veterinary brucella vaccines
200399	200395	51204204	Contagious bovine pleuropneumonia CBPP vaccines
200400	200395	51204205	Ovine rinderpest or peste des petit ruminants vaccines
200402	143957	51241133	Dorzolamide hydrochloride
200415	181498	51261705	Icatibant acetate
200416	181498	51261706	Nebivolol hydrochloride
200427	181519	51262410	Labetalol hydrochloride
200431	181519	51262414	Terbutaline sulfate
200447	181541	51262914	Propranolol hydrochloride
200450	181549	51263009	Prazosin hydrochloride
200467	181554	51263151	Bisoprolol fumarate
200478	181554	51263162	Esmolol hydrochloride
200485	181554	51263169	Metoprolol tartrate
200491	181554	51263175	Timolol maleate
200494	181607	51263406	Tamsulosin hydrochloride
200504	181623	51271622	Bupivacaine hydrochloride
200505	181623	51271623	Bupivacaine hydrochloride monohydrate
200511	181623	51271629	Lidocaine hydrochloride
200518	181623	51271636	Ropivacaine hydrochloride monohydrate
200535	181659	51272006	Thiopental sodium
200542	181678	51272207	Ketamine hydrochloride
200578	106409	51281513	Ethambutol hydrochloride
200582	181732	51281632	Amikacin sulfate
200601	181732	51281651	Gentamicin sulfate
200609	181732	51281659	Neomycin sulfate
200625	181732	51281675	Streptomycin sulfate
200633	181756	51281710	Amoxicillin anhydrous
200634	181756	51281711	Amoxicillin hydrate
200635	181756	51281712	Amoxicillin sodium
200636	181756	51281713	Amoxicillin trihydrate
200637	181756	51281714	Ampicillin anhydrous
200639	181756	51281716	Ampicillin sodium
200640	181756	51281717	Ampicillin trihydrate
200649	181765	51281818	Doxorubicin hydrochloride
200650	181765	51281819	Epirubicin hydrochloride
200652	181765	51281821	Idarubicin hydrochloride
200654	181765	51281823	Mitoxantrone hydrochloride
200689	181805	51282208	Cefoxitin sodium
200691	181808	51282309	Azithromycin anhydrous
200692	181808	51282310	Azithromycin dihydrate
200699	181808	51282317	Erythromycin ethyl succinate
200709	181808	51282327	Erythromycin stearate
200733	181820	51282523	Cefalexin monohydrate
200747	181834	51282610	Cefepime hydrochloride
200759	181894	51283003	Clindamycin hydrochloride
200762	181894	51283006	Clindamycin phosphate
200764	181896	51283107	Caspofungin acetate
200765	181896	51283108	Colistimethate sodium
200781	181918	51283412	Apalcillin sodium
200782	181918	51283413	Rotamicillin
200783	181918	51283414	Benzylpenicillin potassium
200784	181918	51283415	Tobicillin
200785	181918	51283416	Benzylpenicillin sodium
200786	181918	51283417	Carfecillin sodium
200787	181918	51283418	Pheneticillin potassium
200788	181918	51283419	Phenoxymethylpenicillin calcium
200789	181918	51283420	Phenoxymethylpenicillin potassium
200791	181930	51283507	Cloxacillin sodium
200793	181930	51283509	Dicloxacillin sodium
200814	181939	51283717	Cefminox sodium
200815	181939	51283718	Cefonicid monosodium
200816	181939	51283719	Cefonicid sodium
200821	181939	51283724	Cefuroxime axetil
200822	181939	51283725	Cefuroxime pivoxetil
200823	181939	51283726	Cefuroxime sodium
200827	137271	51283804	Volpristin
200832	181948	51283941	Sulfacetamide sodium
200859	181984	51284027	Doxycycline hyclate
200867	181984	51284035	Minocycline hydrochloride
200875	181984	51284043	Tetracycline hydrochloride
200892	181996	51284135	Cefoperazone sodium
200893	181996	51284136	Cefotaxime sodium
200898	181996	51284141	Ceftazidime pentahydrate
200907	181996	51284150	Ceftriaxone sodium
200921	182109	51284610	Ertapenem sodium
200924	182109	51284613	Meropenem trihydrate
200938	181731	51285300	Antibacterial nitrofurans
200940	200938	51285307	Nitrofurantoin
200945	181731	51285600	Antibacterial alcohols
200955	181731	51285900	Antibacterial amines
200959	181731	51286200	Antibacterial organophosphorus compounds
200964	200959	51286206	Fosfomycin trometamol
200969	181731	51286500	Antibacterial pyrans
200977	181731	51286800	Quinoline antibacterials
200980	181731	51287000	Antibacterial sulfones
200989	182143	51291712	Venlafaxine hydrochloride
200994	182157	51292019	Citalopram hydrobromide
200998	182157	51292023	Escitalopram oxalate
201002	182157	51292027	Sertraline hydrochloride
201026	182209	51292921	Imipramine hydrochloride
201037	182222	51293012	Amitriptyline hydrochloride
201094	182369	51302336	Isoconazole nitrate
201095	182369	51302337	Miconazole nitrate
201102	182396	51302503	Terbinafine hydrochloride
201121	182449	51312105	Epinastine hydrochloride
201134	182456	51312309	Diphenhydramine hydrochloride
201141	182461	51312405	Chloropyramine hydrochloride
201167	182496	51313111	Cetirizine dihydrochloride
201168	182496	51313112	Cetirizine hydrochloride
201176	182496	51313120	Levocetirizine dihydrochloride
201184	182504	51313218	Levocabastine hydrochloride
201188	182514	51313305	Promethazine hydrochloride
201193	182517	51313415	Betahistine dihydrochloride
201199	182517	51313421	Chlorphenamine maleate
201200	182517	51313422	Chlorphenamine tannate
201202	182517	51313424	Chlorpheniramine maleate
201226	182544	51313709	Ketotifen fumarate
201235	182567	51321708	Atorvastatin calcium trihydrate
201245	182595	51322205	Rosuvastatin calcium
201261	182654	51332006	Paliperidone palmitate
201289	182697	51332840	Chlorpromazine hydrochloride
201304	182697	51332855	Levomepromazine hydrochloride
201329	182697	51332880	Trifluoperazine hydrochloride
201339	182745	51333413	Ziprasidone hydrochloride
201357	182785	51334207	Quetiapine fumarate
201379	182830	51341803	Darunavir ethanolate
201381	182830	51341805	Oseltamivir phosphate
201382	182845	51342311	Aciclovir sodium
201384	182845	51342313	Ganciclovir sodium
201387	182845	51342316	Valganciclovir hydrochloride
201391	182855	51342506	Abacavir sulfate
201408	182914	51343504	Adefovir dipivoxil
201413	182914	51343509	Tenofovir alafenamide fumarate
201415	182914	51343511	Tenofovir disoproxil
201437	182938	51351627	Estradiol valerate
201462	183009	51361809	Dexmedetomidine hydrochloride
201501	183102	51371604	Tramadol hydrochloride
201508	183113	51371910	Methadone hydrochloride
201510	183121	51372022	Buprenorphine hydrochloride
201519	183121	51372031	Morphine hydrochloride
201524	183121	51372036	Morphine sulfate
201528	183121	51372040	Nalbuphine hydrochloride
201545	183141	51372125	Hydromorphone hydrochloride
201547	183141	51372127	Oxycodone hydrochloride
201556	183156	51372321	Fentanyl citrate
201574	183206	51373204	Tapentadol hydrochloride
201603	183281	51383315	Diclofenac sodium
201610	183292	51383510	Ketorolac tromethamine
201624	183330	51384522	Dexketoprofen trometamol
201642	183343	51384627	Metamizole sodium
201673	183442	51391616	Milrinone lactate
201703	183528	51392408	Dobutamine hydrochloride
201707	183528	51392412	Dopamine hydrochloride
201740	183595	51393606	Indacaterol maleate
201753	183605	51401569	Midazolam hydrochloride
201754	183605	51401570	Midazolam maleate
201763	183671	51402206	Duloxetine hydrochloride
201802	183767	51413207	Sildenafil citrate
201807	183767	51413212	Vardenafil hydrochloride hydrate
201813	183816	51421504	Fluticasone furoate
201814	183816	51421505	Fluticasone propionate
201837	183833	51422122	Mometasone furoate monohydrate
201855	183843	51422327	Betamethasone dipropionate
201859	183843	51422331	Betamethasone valerate
201868	183843	51422340	Dexamethasone phosphate
201870	183843	51422342	Dexamethasone sodium phosphate
201882	183843	51422354	Methylprednisolone acetate
201884	183843	51422356	Methylprednisolone sodium succinate
201892	183843	51422364	Prednisolone sodium phosphate
201899	183858	51422421	Fludrocortisone acetate
201903	183858	51422425	Hydrocortisone acetate
201912	183858	51422434	Hydrocortisone sodium succinate
201919	183881	51431507	Tirofiban hydrochloride
201926	183884	51431614	Verapamil hydrochloride
201929	183893	51431708	Diltiazem hydrochloride
201951	183917	51432313	Losartan potassium
201953	183917	51432315	Olmesartan medoxomil
201963	183952	51432806	Enalapril maleate
201973	183968	51433305	Hydralazine hydrochloride
201989	183991	51433924	Amlodipine besilate
201990	183991	51433925	Amlodipine maleate
202019	184307	51442000	Fluorine-based medical imaging agents, media, and tracers
202049	184075	51452307	Pyrantel pamoate
202080	184190	51471505	Povidone iodine
202088	184232	51472805	Chlorhexidine digluconate
202093	184238	51473020	Cetrimonium bromide
202111	107193	53131651	Personal hygiene kit
202112	109	64000000	Financial Instruments, Products, Contracts and Agreements
202113	202112	64100000	Bank offered products 
202121	202113	64101700	Electronic fund transfer and payment products
202122	202121	64101701	Bill paying application
202123	202121	64101702	Currency exchange application
202124	202121	64101703	Money transfer application
202151	202112	64110000	Securities
202169	202151	64111700	Derivative securities
202174	202169	64111705	Carbon credit permit or certificate
202194	202112	64120000	Insurable interest contracts
202195	202194	64121500	Property insurance contracts
202230	202112	64140000	Governmental property right conferrals
202241	108721	80121708	Insurance law service
202248	109288	85121811	Laboratory equipment rental service
202249	109652	92111607	Battle area clearance BAC service
202250	109652	92111608	Explosive ordnance disposal EOD service
202251	109652	92111609	Mine action center MAC or mine action coordination center MACC service
202252	109652	92111610	Post mine clearance inspection service
202253	109652	92111611	Demining post design service PDS
202254	109652	92111612	Demining preliminary development PD service
202255	109652	92111613	Mine victim or survivor assistance service
202256	109652	92111614	Physical security and stockpile management PSSM service
202277	107883	70121706	Livestock identification and recording service
202278	108670	80101513	Process and procedures management consultation service
202288	108783	81101530	Fisheries engineering
202290	111537	81102302	Space engineering service
202291	107372	81102800	Minefield and demining services
202292	202291	81102801	Demining environmental impact assessment EIA service
202293	202291	81102802	Demining feasibility study FS service
202294	202291	81102803	General mine action assessment GMAA service
202295	202291	81102804	Demining non technical survey NTS service
202296	202291	81102805	Demining operational analysis (OA) or operational research service
202297	202291	81102806	Post mine clearance assessment service
202298	202291	81102807	Demining risk analysis or assessment or evaluation service
202299	202291	81102808	Demining technical survey
202300	202291	81102809	Mine landmine impact survey LIS
202301	108840	81111709	Demining geographical or geospatial information system GIS
202303	107383	82160000	Film and theater production support services
202312	109867	93141715	Anthropological research service
202314	132793	95121812	Floating structure
202315	100002	10102100	Birds and fowl hatching eggs
202316	202315	10102101	Chicken hatching eggs
202339	104775	42121518	Veterinary medical equipment sets
202344	114820	42131709	Surgical sleeves
202346	114820	42131711	Surgical headcovers
202350	114820	42131716	Surgical shoe covers
202355	114840	42132109	Hospital bath mats
202356	114840	42132110	Hospital bed skirts or dust ruffles
202357	114840	42132111	Hospital bio-hazard bags
202358	114840	42132112	Hospital blockade or hamper or laundry bags
202359	114840	42132113	Hospital cleanup or room turnover kits
202360	114840	42132114	Hospital towels 
202361	114840	42132115	Hospital wall coverings
202362	114840	42132116	Hospital window treatments
202376	104282	42141822	Electrotherapy laser systems
202439	142268	42143109	Contraceptive device removers
202440	142268	42143110	Perineal heaters
202441	142268	42143111	Fetal blood samplers or collecting kits
202442	142268	42143112	Obstetrical vacuum delivery systems
202443	142268	42143113	Obstetric-gynecologic tubal occlusion valves
202444	142268	42143114	Obstetrics-gynecology abdominal decompression chambers
202445	142268	42143115	Uterine manipulators or injectors
202446	142268	42143117	Uterine device accessories
202447	142268	42143119	Contraceptive device accessories for female users
202448	142268	42143122	Amniocentesis kit accessories
202449	142268	42143124	Obstetrical extraction unit accessories
202450	142268	42143125	Gynecology drainage kit accessories
202451	142268	42143126	Obstetrical vacuum delivery system accessories
202452	142268	42143127	Acute care fetal or maternal monitoring unit accessories
202453	142268	42143128	Fetal acoustic stimulators
202454	142268	42143129	Fetal monitoring transducers
202455	142268	42143130	Intrauterine pressure monitoring cables
202456	142268	42143131	Intrauterine pressure monitors
202457	142268	42143132	Intrauterine pressure recorders
202458	142268	42143133	Intrauterine pressure transducers
202459	142268	42143134	Culdocentesis kits
202519	114852	42144400	Nonsurgical suction products
202520	202519	42144401	Tracheostomy and nasal suctioning kits
202562	115043	42152016	Dental x ray viewer accessories
202615	114971	42152900	Dental and subspecialty instrument and device accessories
202686	115248	42171810	Mobile medical services oxygen generators
202687	115283	42172106	Mobile medical services manual resuscitators or ventilators
202690	115289	42181542	Electromyography EMG unit accessories
202703	115319	42181918	Multiparameter vital sign unit accessories
202774	115442	42191713	Surgical compressed air tank accessories
202786	115471	42192005	Hospital diaper or dressing tables
202787	115471	42192006	Hospital utility tables
202788	115474	42192108	Hospital folding cots
202790	115474	42192110	Hospital recliner accessories
202793	115482	42192215	Patient transport isolation chambers
202795	115482	42192217	Patient transport trolley accessories
202798	115482	42192220	Patient transport incubator accessories
202803	115498	42192407	Medical cart accessories
202806	115498	42192412	Surgical dressing carts
202807	115498	42192426	Medical equipment bag or case accessories
202835	104317	42201855	Medical x ray apertures and cone sets
202838	104317	42201858	Medical x ray apparatus cables and cable assemblies
202841	104317	42201861	Medical x ray equipment case or cover accessories
202843	104317	42201863	Medical x ray table or stand or chair or cabinet accessories
202855	115602	42202902	Low energy medical x ray unit accessories
202880	115626	42203608	Medical image digitizers
202886	115632	42203711	Medical x ray film dryers
202887	115632	42203712	Medical x ray temperature controllers
202941	115795	42222011	General hospital analytical sampling infusion pumps
203019	116017	42271807	Metered dose inhaler spacers or holding chambers
203022	116020	42271919	Nasopharyngeal airway kits
203034	116020	42271931	Mucus extractors and specimen traps
203047	116048	42272230	Ventilator circuit accessories
203105	116138	42291632	Surgical scalpel or knife or blade or trephine accessories
203137	116244	42293511	Medical or surgical suction or vacuum appliance accessories
203140	116244	42293514	Medical or surgical suction container liners
203141	116244	42293515	Medical or surgical suction tubings
203145	116244	42293525	Medical or surgical floor suction mats or apparatus
203197	116384	42295150	Delivery room or cesarean section patient procedure table accessories
203214	116384	42295167	Surgical suction machine or vacuum extractor or ultrasonic Surgical aspirator or regulator accessories
203242	116424	42295480	Surgical customizable packs
203282	116134	42296300	Endoscopes
203301	203282	42296324	ENT Laryngoscopes
203315	116134	42296400	Endoscopic equipment
203340	116134	42296700	Surgical bone cements and related products
203342	116134	42296800	Surgical instruments and accessories
203354	203342	42296812	Craniotomy surgical instruments
203365	116485	42311546	Adhesive dry bandages
203369	116514	42311606	Topical hemostatic agents
203370	116514	42311607	Surgical hemostatic agents
203405	105406	46171641	Dummy security camera
203433	106491	51111876	Leuprorelin
203448	106753	51181629	Levothyroxine sodium
203466	183365	51384803	Phenazopyridine
203497	184274	51473704	Sodium hypochlorite
203504	202230	64141700	Environmental mitigation banking products
203505	203504	64141701	Environmental mitigation credit
203506	107353	77140000	Environmental laboratory services
203525	108619	78111505	Passenger aircraft rental or leasing service
203526	107404	85210000	Diagnoses of infectious and parasitic diseases-part a
203865	203526	85217100	Diagnoses of human immunodeficiency virus hiv disease and related conditions
204656	107404	85260000	Diagnoses of endocrine, nutritional and metabolic diseases  
204661	204656	85261600	Diagnoses of iodine-deficiency-related thyroid disorders and allied conditions
204909	107404	85270000	Diagnoses of mental and behavioral disorders  
207503	107404	85380000	Diagnoses of certain conditions originating in the perinatal period
207598	207503	85383300	Diagnoses of neonatal aspiration syndromes
207850	107404	85400000	Diagnoses of congenital malformations, deformations, and chromosomal abnormalities
208340	101448	25101713	Armored ambulance
208341	101448	25101714	Armored recovery vehicle
208356	145594	46151802	Armoured Container
208360	112970	53102718	Firefighter uniform
208361	108619	78111506	Medical evacuation by air ambulance
208362	108631	78111815	Medical evacuation by ambulance
208378	177591	78181818	Aircraft fixed wing communication system repair
208402	202291	81102810	Counter improvised explosive device IED training
208403	202291	81102811	Canine explosive detection team
2186792	884883204	25202907	Sistema de gestión de la información aeronáutica (AIM)
2922283	1667187086	57030400	Personal protective equipment
4519859	106545	51131524	Iron Dextran
13820369	1374529486	27113401	Table saw
14101117	115986	42271651	Compressible self-refilling ventilation bag 
16149779	178664	50501715	Unimix (WFP food convention)
16491318	1149613973	57070105	Personal protection equipment, power and water supply
19852662	111528	51191970	Hydroxocobalamin or vitamin B12a
22808738	1850202521	45111401	Interpretation Systems (Audio)
24294800	107753	46191623	Cartuchos para extintores
24482023	106545	51131526	Methoxy polyethylene glycol-epoetin beta
28608371	106126	50151519	Rapeseed Oil (WFP food convention)
32508533	184425	46221511	Mine rollers
33427786	1499207794	57060301	Office kits for UN staff
41614976	101526	25131510	Aviones, solo motor
42700951	106482	51111781	Olaparib
43040916	447940749	57030304	Sudden-onset wash and dignity kit
47930053	59633994	86101406	Entrenamiento - Equipo de navegación por satélite
48879673	884883204	25202904	Sistema de grabación y reproducción de voz digital
52897421	180613	51122606	Ezetimibe/Atorvastatin
53333991	106126	50151517	Canola Oil (WFP food convention)
54195235	1945394750	25175201	Accesorios de ambulancia
59633994	107414	86101400	Entrenamiento específico de aviación
64820610	184425	46221513	Mine Detector
67672892	101617	25191528	Aviones y equipos aerotransportados para extinción de incendios y rescate
69320178	59633994	86101404	Entrenamiento - Iluminación del aeródromo
70867175	106779	51181932	Lutropin alfa
75200638	178664	50501716	Vitacereal (WFP food convention) 
82756137	103459	39111625	Approach Lighting System, Mast
86990714	106838	51201660	Ebola vaccine
87006094	106833	51201575	Ocrelizumab
95389808	1911908784	57050103	Nutritional kit - inpatient module, medical supplies
98023107	114742	50221115	Hard Wheat (WFP food convention)
98274956	181196	51192459	Paricalcitol
98361771	180243	51162041	Beclometasone dipropionate/formoterol fumarate
99296486	101617	25191550	Preconditioned Air Unit (PCA)
102083350	105034	43232620	Software Cospas-Sarsat
113902999	105406	46171645	Sistemas de rayos X móviles
114341369	114742	50221111	Buckwheat (WFP food convention)
120400569	142268	42143136	Obstetric Surgical Kit
121942715	106482	51111786	Pertuzumab
123065340	112970	53102719	Work uniforms
124373816	178664	50501713	Super Cereal (WFP food convention) 
126198861	101008	22101632	Máquina de pelar pintura
129951437	106549	51131665	Acetylsalicylic acid/Clopidogrel bisulfate
131865404	145158	81161714	Red de telecomunicaciones fijas aeronáuticas / Servicios de redes de telecomunicaciones aeronáuticas (AFTN y ATN)
133945183	180713	51343813	Sofosbuvir/Velpatasvir
139216440	114611	50408000	Roots and Tubers
140551051	105659	48101926	Folding table
141369341	1769071149	57030101	Midwifery kit
144441820	103632	41170000	Diagnostic and microbiological devices
144722324	104203	41114429	Generador de hidrógeno
146465444	132689	27113205	Threading Pipe Tool Kit
146975432	2114099810	41151600	Clinical laboratory instruments
147453916	179094	51112032	Crizotinib
148375071	1678275036	82111403	Servicios editoriales - Español
149734256	1328619760	57060400	Multipurpose emergency kits
150744501	136933	51131828	Fibrinogen/Factor XIII+Aprotinin+Thrombin+Calcium chloride
153382916	1561717853	57080104	IT kit for office
156075938	674757081	57020101	Humanitarian relief flight operations
157173671	666785350	57040201	Recreation kit
160500001	101844	26131900	Equipos de energía solar
161461264	180713	51343816	Lamivudine/tenofovir DF
163655498	1507696882	57333200	Emergency latrine facility
168573007	1655783379	57040100	Educational kits
168963743	101617	25191532	Carro de llenado de oxígeno
169785347	105423	46181566	Unisex visibility vest
172891740	103459	39111627	Sistema de indicador de ruta de aproximación de precisión (Papi)
174544873	178664	50501712	Likuni Phala (WFP food convention) 
177725698	1769071149	57030111	Pediatric kit
179482006	106744	51181578	Dapagliflozin
181478708	59633994	86101416	Training - Aircraft Structural Repair 
181525876	114799	42132300	Disease prevention textiles
189777176	180924	51241886	Cupric sulfate/zinc sulfate/camphor
196492226	111528	51191967	L-ornitin/ L-aspartate
197899138	143977	51241262	Almond oil
204379657	181022	51192317	Dextrose/Sodium chloride
205099963	330600863	85765508	Insertion of other device into genitourinary tract, open approach
205399947	104844	43211522	Kiosco de autoservicio de usuario común (CUSS)
208621422	1328619760	57060100	Emergency clothing kits
209322039	108753	80141635	Cuotas de la conferencia
211231141	105484	47101576	Chlorine Granules
216377338	101617	25191554	Airport or Aviation billing system
219326104	101456	25101947	Drilling truck/Auger truck
224035710	180619	51102909	Artesunate/Pyronaridine
225924465	105406	46171646	Sistema de rayos X de retrodispersión móvil
227060218	106482	51111784	Atezolizumab
231594397	106126	50151520	Soya bean Oil (WFP food convention)
236480009	114724	50202312	Infusions
241906273	101617	25191539	Sistema de Reconciliación de Equipaje
248109085	107537	25173122	Sistema de aterrizaje por instrumentos y sistema de aterrizaje por instrumentos / sistema de equipos de medición de distancia (DME)
251674241	107537	25173111	Equipo de navegación satelital
259959324	158958	50424007	Split Green Peas (WFP food convention)
260254160	116978	41116225	Multiparametric monitor 
260259145	107537	25173116	Sistema de posicionamiento global (GPS) Receptor Monitoreo de integridad autónomo
261853012	107537	25173125	Sistema de aterrizaje por instrumentos (ILS) Glide Path Equipment
270459478	107523	24141521	Fumigation sheet
278490469	136933	51131833	Fibrinogen+calcium chloride/thrombin
280757620	1769071149	57030110	Non communicable diseases kit
284906823	106823	51191607	Dextrose
286454406	181525876	42132301	Insecticide-treated bed net
287190354	183984	51433707	Macitentan
291046793	102511	30181519	Latrine / squatting plate
295859571	1317321542	57666400	Multipurpose emergency kits
296483595	923677887	78204009	Capacity Analysis (Aviation)
299231917	1699154932	57020000	Services related to humanitarian relief actions
300122685	107193	53131666	Plastic potty for infant
304276121	106482	51111780	Durvalumab
306020081	101008	22101633	Equipo de sellado de grietas en el pavimento
307485979	158606	50421856	Mixed Beans
308412031	115834	42231810	Lipid Emulsion 20% (TCM/LCM 50:50)
312669049	103459	39111630	Baliza de aeródromo
314784014	159120	50425408	Whole Yellow Peas (WFP food convention)
315850041	447940749	57030302	Adult hygiene and personal care set
317783645	179094	51112026	Cabozantinib
320982323	106712	51171630	Sodium phosphate/sodium citrate
322398674	159120	50425409	Split Peas (WFP food convention)
325878705	101617	25191552	Cart, Baggage (Passenger)
330600863	851749957	85765500	Structures of the genitourinary or reproductive tracts, open approach
333157329	115498	42192433	Thermal evacuation bag
339934176	59633994	86101417	Training Course - Airline Operations 
349190832	180539	51434963	Valsartan/Sacubitrilo
350172066	168573007	57040105	School kit for students
350330795	116889	41115872	Clinical Chemistry Analyser, portable
350368768	179094	51112034	Osimertinib
351940265	107082	53101807	Jacket, Winter
352624380	180619	51102907	Amodiaquine/artesunate
355587069	106870	51172338	Calcium folinate
356795164	651932416	80141410	Lead generation
356835938	106491	51111877	Enzalutamide
357584810	102533	95141713	Mobile Storage Unit (MSU)
358624955	107063	53103300	Clothing and Textiles kit for Newborn Infants
359415945	107063	53103300	Clothing and Textiles kit for Newborn Infants
362641462	106833	51201571	Blinatumomab
366728620	923677887	78204013	Quality & Environmental Management System For Airport & ATS
372779776	179094	51112020	Ceritinib
377158797	1699154932	57070000	Humanitarian logistics supplies
377161048	101617	25191527	Piezas y accesorios para helicópteros
377527873	875091572	57050205	Emergency ration
380065160	106482	51111778	Alemtuzumab
382523074	1490634665	25202801	ATS Message Handling System  (AMHS)
394608411	200297	51183623	Insulin degludec
397594625	651932416	80141412	Offline media buying
398131163	107537	25173129	Equipo de búsqueda de dirección
398271224	142994	43202223	Fuente de alimentación, computadora
399685750	158606	50421855	Red Beans (WFP food convention) 
408201238	1911908784	57050104	Nutritional kit - inpatient, module-equipment
411492249	180243	51162042	Beclomethasone dipropionate/formoterol fumarate/glycopyrronium bromide
414385054	923677887	78204002	Flight Operations Automation, Design And Construction
421188884	1544613523	57060202	Kitchen set, varying sizes
422011225	115834	42231817	Plumpy Nut (WFP standard)
422606562	136933	51131832	Coagulation factor VIII/Von Willebrand Factor Human
422665470	117273	43191517	High Frequency Radio Set, Desktop
425673245	166614026	57888100	Emergency IT equipment kits
426311932	115289	42181547	Pediatric kit
427896456	107317	70190000	Servicios de maquinaria y equipos de montaje e instalación agrícolas
428702825	117442	43221750	Sistemas y Terminales Celulares Radio-Móviles
428947151	101456	25101943	Barredor de pista, remolcado
432273280	132665	78181704	Fuel top up card service / Fuel prepaid card service
434706612	651932416	80141407	Donor acquisition services
435388129	923677887	78204017	Civil Aviation Master Plan Development
437510909	1678275036	82111402	Servicios Editoriales - Francés
439110570	115531	42201728	Conductive gel container
447022583	168573007	57040104	Science teaching kit
447940749	1667187086	57030300	Water, sanitation and hygiene kits
450074102	180539	51434961	Amlodipine/Perindopril arginine
451319668	101448	25101715	Mine Protected Vehicles - Ambulance 
451578375	111528	51191968	Alpha keto amino acid analogs
455227305	144441820	41171600	Microbiology devices
460034083	59633994	86101411	Entrenamiento - Evaluación y mantenimiento del pavimento del aeropuerto
460554950	178664	50501711	Inka Mix (WFP food convention)
462659662	115834	42231818	Ready to Use Supplementary Food (WFP convention)
463433000	101617	25191541	Plataforma de servicio
465845733	101617	25191546	Pasarela de pasajero fija
466166293	116916	41116029	Anti B serum, monoclonal
469117061	1149613973	57070101	Early identification kit for unaccompanied children
473807862	106838	51201653	COVID19 - Moderna
477747931	158498	50221306	Wheat Flour (WFP food convention)
478085663	114935	42142630	Syringe, AUTO-DISABLE with needle
485671471	109398	86101718	Training Course - Humanities And Language 
485695821	427896456	70190100	El entrenamiento de los servicios para los usuarios de máquinas y equipos agrícolas
495533257	105406	46171648	Wildlife Control Equipment
500154298	106645	51151674	Pinaverium bromide
507585306	106833	51201571	Blinatumomab
512830306	106126	50151521	Sunflower Oil (WFP food convention)
519254701	1945394750	25175203	Accesorios para vehículos de búsqueda y rescate
522463943	178664	50501715	Unimix (WFP food convention)
525633522	117442	43221741	Transmisores de VHF y equipo asociado
542263394	1769071149	57030108	Reproductive health kit
547684012	106802	51182441	Cholecalciferol/Risedronate sodium or risedronic acid
553084611	114935	42142629	Syringe feeding ENFit
558093491	208621422	57060101	Winter clothing kit for children and infants
560282051	104203	41114428	Globo meteorológico
570880482	100180	10191520	Non-chemical biological pest control solution
573560438	1699154932	57050000	Humanitarian relief food
574090132	101448	25101716	Mine Protected Vehicles – Recovery Vehicle
581195322	105406	46171649	Faraday bag
583738583	178664	50501723	Indiamix (WFP food convention)
588432836	144842	30241705	Winterization kit for tent 
589360219	106833	51201573	Nivolumab
597520120	180713	51343809	Dolutegravir/Abacavir/Lamivudine
600690821	114742	50221114	Soft Wheat (WFP food convention)
603532130	117442	43221746	Transceptor VHF, AM
612378186	101617	25191526	Partes y accesorios de aviones
612427893	1769071149	57030112	Diarrheal disease kit
622520450	103571	40151585	Bomba de pedal
624123142	106833	51201576	Tofacitinib
629183528	180713	51343811	Emtricitabine/Tenofovir Alafenamide/Bictegravir
635850999	115834	42231814	Plumpy Doz (WFP standard)
636088212	182830	51341807	Daclatasvir
637245356	103932	41111772	LCR Meter 
639433119	105468	46182010	Respiratory mask FFP2/N95
639499070	162829	50465307	Canned or jarred Peanut Butter (WFP food convention) 
641393673	180393	51241555	Chloramphenicol or chloramphenicolum/Sulfacetamide sodium
647595154	1149613973	57070103	Power supply
651932416	107368	80141400	Fundraising Services
652155776	117273	43191521	Very High Frequency Radio Set, Handheld
654063636	115384	42182708	Portable baby/child measuring set
654512268	101845	26131511	Grupo electrógeno, gasolina
654619444	179094	51112031	Lenvatinib
657698484	178427	24113110	Customised, Multipurpose Box e.g Baby box, school box
660696392	108753	80141633	Search Engine Marketing 
666495248	101456	25101942	Barredor de pista, autopropulsado
666761211	180539	51434962	Atorvastatin/Acetylsalicylic acid/Ramipril
666785350	1655783379	57040200	Recreational kits
670578743	101438	25101615	Swap truck chassis/Platform lifting system truck
674757081	299231917	57020100	Humanitarian operational services
681149569	107537	25173117	Sistemas de rango omnidireccional VHF convencional (CVOR) y HF de rango omnidireccional (VOR) / equipos de medición de distancia (DME)
684965529	202291	81102815	Explosive Detection Dogs (EDD) with handler
689311562	107404	85700000	Surgical interventions or procedures of lower bones
695792627	1727557860	85472742	Supplement dura mater with nonautologous tissue substitute, open approach
696532169	136724	41106315	Near patient PCR machine
697897758	1499207794	57060302	Refugee Registration Package
701872096	149734256	57060401	Tent, for multipurpose use
709340188	115834	42231816	Ready to Use Therapeutic Food (WFP standard)
712756496	1544613523	57060203	Accessories for tent
713389419	1911908784	57050102	Nutritional kit - outpatient, module registration
731773406	1769071149	57030103	Obstetric, surgical kit
732570061	181414	51242209	Fluocinolone/lidocaine/neomycin/polymyxin
733249687	109722	92121709	Human Security Screening System 
744570268	101617	25191538	Unidad de servicio de agua
751956184	145158	81161713	Servicios de información aeronáutica
752281373	651932416	80141401	Brand measurement
753495448	101448	25101718	Aircraft Rescue And Firefighting, 1500 Gallons (6000 Litres
758468556	106730	51171984	Agalsidase beta
759357940	180539	51434960	Amlodipine/Indapamide/Perindopril arginine
762710053	104203	41114431	Transmissómetro
762803891	1655783379	57040300	Early childhood development
763572458	179094	51112033	Baricitinib
768613889	179094	51112028	Nintedanib
771572303	181918	51283424	Benzylpenicillin sodium/Procaine benzylpenicillin or procaine penicillin G
773385253	200297	51183622	Insulin aspart/Insulin aspart protamine
776179459	112934	81112224	Servicios de desarrollo / mantenimiento de software ANS y ATM
777829976	115498	42192434	Thermal evacuation bag
782137841	875091572	57050203	Compact food
782333074	107193	53131665	Female hygiene and personal care set
783323513	101617	25191537	Sistema de manejo de equipaje (BHS)
784146277	179385	51143112	Proteolytic peptide derived from porcine brain
789763802	1769071149	57030107	Primary healthcare kit
790373670	1667187086	57030200	Emergency latrine facility
796153099	1733359315	78203000	Airline Cabin And Support Services
799428961	107537	25173113	Sistema de navegación global por satélite (GNSS) Sistema de aumento de área amplia (WAAS)
800868688	117273	43191518	High Frequency Radio Set, Mobile
811384555	101617	25191529	Carro de llenado de nitrógeno
812098035	106779	51181931	Lutropin (LH)/Follitropin (FSH)
814704150	181404	51182710	Metformin/linagliptin
815323479	106482	51111779	Carfilzomib
817552234	923677887	78204003	Air Transport Demand Forecast Services
823778582	447940749	57030301	Female hygiene and personal care set
825122893	116485	42311555	Transparent adhesive plasters wash proof
826306063	106036	50121541	Canned Fish (WFP food convention)
826395962	875091572	57050201	Supplementary feeding/nursing kit
831460228	103459	39111629	Iluminación de obstáculos
834916160	181067	51285006	Ampicillin/sulbactam
835529072	1638588197	57555200	Food emergency rations
836341448	884883204	25202911	Multilateration Surveillance (MLAT)
836433365	106126	50151518	Palmolein Oil (WFP food convention)
840671117	181404	51182711	Glimepiride/metformin
842968886	107537	25173123	Sistema de aterrizaje por instrumentos (ILS)
844560173	179094	51112021	Palbociclib
845711137	106838	51201652	COVID19 - Pfizer Biontech
846877437	59633994	86101401	Entrenamiento - Aviónica
848997816	207850	85470000	Surgical interventions or procedures of central nervous system
849298556	105460	46181812	Eyewash station refill bottles or cartridges
850436121	875091572	57050204	CSB Plus
851749957	689311562	85760000	Surgical interventions or procedures of anatomic regions-general
853843964	2045450555	81162202	Cloud storage as a service
858735213	101617	25191537	Sistema de manejo de equipaje (BHS)
858878742	101448	25101719	Aircraft Rescue And Firefighting Unit, 150 Gallons (600 litres)
859906970	180539	51434964	Acetylsalicylic acid/ramipril/simvastatin
862206210	183984	51433708	Riociguat
863504401	101617	25191545	Cargador de pasajeros de movilidad reducida
865306114	143949	51441619	Radium-223 dichloride
870899382	145594	46151802	Armoured Container
873959685	1769071149	57030102	Acute watery diarrhea kits for children and infants
875091572	573560438	57050200	Food emergency rations
876884196	180133	51172490	Laronidase
880314125	447940749	57030305	Water, sanitation and hygiene kit
883143139	107537	25173132	Direction Finding Equipment, Accessories 
883352467	104870	43211734	Documento de viaje Equipo de lectura
884883204	110722	25202900	Equipo de gestión del tráfico aéreo
886142200	848997816	85472000	Cerebral ventricles spinal canal-percutaneous endoscopic approach
886937849	178664	50501718	High Energy Biscuits (WFP food convention) 
890652356	114742	50221111	Buckwheat (WFP food convention)
891965232	143957	51241144	Aflibercept
892063807	181095	51461607	Psyllium hydrophilic mucilloid (Plantago ovata)/Senna glycosides or sennosides
904506585	114742	50221113	Durum Wheat (WFP food convention)
906084386	884883204	25202906	Sistema de información aeronáutica (AIS)
907564465	159120	50425407	Pigeon Peas
908019696	101617	25191550	Preconditioned Air Unit (PCA)
911897269	1149613973	57070104	Stationery and PPE
912979168	101617	25191544	Remolque, equipaje / carga (remolcable y autopropulsado)
914061338	146975432	41151629	Lab screening test kit
915819518	106036	50121542	Dried Fish (WFP food convention)
919887455	101274	24101675	Pallet lifting device
920331598	884883204	25202902	Vigilancia dependiente automática (ADS)
922233811	106409	51281520	Para-aminosalicylate sodium
923677887	1733359315	78204000	Aviation-Specific Services
934098938	143949	51441619	Radium-223 dichloride
942861903	114742	50221112	Bulgur Wheat (WFP food convention)
943474270	106838	51201659	COVID 19 - Unspecified
944155394	106838	51201657	Malaria vaccine
944538275	178664	50501713	Super Cereal (WFP food convention) 
946161879	182562	51321505	Alirocumab
946595408	884883204	25202905	Equipo automático de servicio de información de terminal (ATIS)
950961075	923677887	78204010	Airport And Passenger Terminals Simulation Modelling (Airside And Landside)
951776704	180599	51386615	Collagen/polyvinylpyrrolidone
956600156	1733359315	78201000	Airport Maintenance
971781696	117273	43191519	Very High Frequency Radio Set, Desktop
973430468	1490634665	25202803	Equipo de Control y Monitoreo de Comunicaciones
977703463	111014	43221537	Herramientas y accesorios de mantenimiento del sistema de intercomunicación
978012671	59633994	86101419	Training - Ground Support Equipment Operation (On-Site)
978680942	184425	46221512	Mine Protected Vehicles - Interrogation Arm
979288887	101448	25101717	Aircraft Rescue And Firefighting, 3000 Gallons (12,000 Litres)
982205358	101617	25191543	Equipo de eliminación de desechos sólidos para aeronaves
983285986	106838	51201655	COVID19 - AstraZeneca
985495432	105390	46161537	Señal de orientación de rodaje
996199373	128842	43231606	Software de facturación y facturación
997263484	106833	51201574	Palivizumab
1000201257	923677887	78204018	Airport, Fauna Control Services
1009892920	110840	14122108	Wrapping Crepe
1018831633	105390	46161536	Sistema automatizado de control de estacionamiento
1027588668	59633994	86101405	Entrenamiento - Ayudas de navegación terrestre
1028929859	105659	48101921	Bucket, Food proof plastic
1029315534	1699154932	57080000	Humanitarian IT equipment
1029767726	651932416	80141406	Direct response TV services
1034580082	103459	39111624	Approach Lighting System 
1039365535	181067	51285004	Ceftolozane/Tazobactam
1043114600	180133	51172481	Taliglucerase alfa
1043196948	923677887	78204004	Aviation-Related Safety Audits Services
1044763142	105468	46182008	Aparato de respiración de aire comprimido (CABA)
1045153414	114935	42142627	Insulin syringe
1047581021	180243	51162038	Indacaterol/Glycopyrronium bromide
1049933279	106744	51181579	Empagliflozin
1050084043	59633994	86101407	Entrenamiento - Sistemas de Comunicaciones
1057022495	992145092	57222100	Humanitarian operational services
1057724874	1499207794	57060303	Tent, for office use
1063695608	884883204	25202903	Consolas y equipos de consola de servicios de tránsito aéreo (ATS)
1069939408	104017	41112523	Fuel flowmeter
1070288799	1876543618	25131401	Aviones de rescate y lucha contra incendios, 150 galones
1073152190	104334	42271729	Laryngeal mask airway (LMA)
1073311125	178664	50501708	Soya-fortified Maize Meal (WFP food convention)
1073847059	107193	53131662	Baby/infant shampoo 
1075899433	111014	43221531	Sistema de comunicaciones por voz
1077403186	168573007	57040103	Arabic student kits and teacher kit
1080733941	111014	43221534	Radio troncal terrestre (TETRA)
1081207853	105406	46171644	Detector de vapor inflamable
1092240639	106838	51201656	COVID19 - Johnson & Johnson
1092967148	101617	25191535	Unidad de limpieza de cabina de avión
1092972470	884883204	25202909	Equipo de llamada selectiva (Selcal)
1097150747	115471	42192800	Medical and pharmaceutical biohazard disposal products
1104590384	101617	25191540	Unidad de servicio de catering
1108973832	1507696882	57333100	Health emergency kits
1111658840	106545	51131525	Ferrous fumarate
1114382231	178664	50501717	Corn-Soya Milk (WFP food convention) 
1115373480	106838	51201654	COVID19 - Sputnik V
1116170293	101617	25191537	Sistema de manejo de equipaje (BHS)
1120330227	105423	46181555	Protective cloth mask
1120797956	180243	51162039	Vilanterol/Fluticasone furoate
1121117206	182584	51321904	Evolocumab
1121416404	1507696882	57333300	Water, sanitation and hygiene kits
1123521744	117442	43221745	Transceptor de HF
1123785760	178664	50501720	Pea Wheat Blended (WFP food convention) 
1124339119	1638588197	57555300	Food emergency kits
1128547283	1374529486	27113403	Carpenter pencil
1133040762	107537	25173118	Gama omnidireccional VHF Doppler (DVOR) y sistemas DVOR / DME
1136735601	107537	25173119	Estación terrestre completa Doppler VHF Omnidirectional Range (DVOR)
1138902859	1769071149	57030104	Oral-rehydration-points consumable kit
1139876553	107537	25173130	Buscador de dirección
1141110040	59633994	86101412	Entrenamiento - Equipo de inspección de vuelo
1142798919	182899	51343204	Dolutegravir
1144337954	143650	51132300	Combination volume expanders
1149115811	1699154932	57010000	Survival supplies
1149613973	377158797	57070100	Logistics emergency kits
1150159047	1561717853	57080102	Emergency operations room equipment kit
1150265162	107537	25173120	Sistemas de rango omnidireccional VHF Doppler (DVOR) / equipos de medición de distancia (DME)
1150569056	101456	25101946	Vehículo cisterna de agua
1151275975	461879120	57444200	Recreational kits
1151885081	2922283	57030401	Ebola, personal protective kit
1162617069	101617	25191533	Sistema de información del aeropuerto
1171398963	180133	51172485	Agalsidase alfa
1179745425	103903	41111530	Electronic weigh scale 
1182532028	179094	51112022	Ibrutinib
1187790063	1374529486	27113402	Woodturning set
1190313713	180539	51434959	Indapamide/Perindopril arginine
1192105043	181105	51373341	Naloxone hydrochloride dihydrate/Oxycodone hydrochloride
1195629916	106724	51171858	Netupitant/Palonosetron
1198387174	106645	51151675	Butylscopolamine/metamizole sodium (dipyrone)
1198668935	105390	46161535	Sistema de guía visual de acoplamiento
1199582234	112988	12352324	Calcium HC, chemical pool product
1209065351	107537	25173126	Sistema de aterrizaje por instrumentos (ILS) / Equipo de medición de distancia (DME)
1215149286	101358	24112113	Static fuel drum
1218316951	107537	25173124	Sistema de aterrizaje por instrumentos (ILS) Localizer Equipment
1218357482	461879120	57444100	Educational kits
1221866564	117442	43221737	Cospas-Sarsat Ground Stations
1222604298	103903	41111529	Equipaje a escala, mostrador de check-in
1223336495	107672	41121523	Sterile Diluents for PPR Vaccine
1224282414	1911908784	57050101	Nutritional kit - outpatient, module-equipment
1224618473	109176	84131613	Claims payment processing or administration
1226549277	145230	24112807	Storage and transit units
1226566531	1561717853	57080103	Emergency computer equipment for UN staff
1229142810	180793	51162357	Acetaminophen/Caffeine/Chlorpheniramine/Phenylephrine
1234392326	117442	43221739	Transmisor de HF y equipo asociado
1240107087	110244	56101722	Private working or meeting booths
1241800195	134268	60105627	Medical educational or information material
1243282483	117273	43191520	Very High Frequency Radio Set, Mobile
1246151821	1337369221	57010103	Individual kit
1250554601	101456	25101948	Workshop truck
1253637550	104473	42181725	Manual electronic defibrillator
1253694655	1945394750	25175202	Accesorios para vehículos contra incendios
1260220152	109722	92121710	Controlled Access Identification System 
1261059858	109056	83101606	Supply of fuel
1261114389	1317321542	57666100	Emergency clothing kits
1262243564	1581739985	57111100	Rapid response kits
1272358407	180133	51172483	Elosulfase alfa
1277188388	180868	51352435	Cyproterone/Estradiol + Estradiol
1277897609	109652	92111616	Mine Action and ERW: Advocacy
1280595758	116030	42272020	Videolaryngoscope
1285479715	1544613523	57060204	Plastic / Tarpaulin sheeting
1289729078	59633994	86101403	Entrenamiento - Búsqueda y rescate
1289779731	1911908784	57050105	Nutritional kit - inpatient, module-registration
1291682284	106838	51201658	Cholera vaccine
1292041077	103571	40151583	Motor hidraulico
1299147547	149331	50404509	Whole Red Lentils (WFP food convention)
1304297832	1507696882	57333400	Personal protective equipment (PPE)
1306082855	109722	92121708	Biometric Security Systems
1309972080	923677887	78204019	Air Transport Economics Services
1310710123	145230	24112806	Static fuel container 
1310760558	101617	25191542	Sistema de seguimiento de vehículos terrestres
1323917150	107537	25173134	Sistema de posicionamiento global (GPS) completo
1328619760	1699154932	57060000	Shelter and relief items
1332676199	177591	78181842	Aeronavegabilidad y certificación de aeronaves
1334027890	180713	51343826	Sofosbuvir/Velpatasvir
1334908418	143977	51241263	Zinc oxide
1335708567	101456	25101944	Máquina de eliminación de caucho en la pista
1335863046	923677887	78204015	Airport Maps, Networks (GIS), Studies
1336728673	461879120	57444300	Early childhood development
1337369221	1149115811	57010100	Rapid response kits
1343160026	884883204	25202908	Equipo Volmet
1357881249	107063	53103300	Clothing and Textiles kit for Newborn Infants
1357951704	106409	51281519	Delamanid
1362306501	158606	50421857	White Beans (WFP food convention)
1365765476	179094	51112037	Midostaurin
1369535592	59633994	86101420	Training - Baggage And Cargo Handling Equipment (On-Site) 
1370917204	1876543618	25131403	Aviones de rescate y lucha contra incendios, 1500 galones (6.000 litros)
1372667403	108979	82121513	Ballot paper printing
1373098548	182938	51351636	Estradiol/trimegestone
1373850210	111014	43221532	Sistemas de enlace de radio
1374529486	101971	27113400	Carpentry Tools
1377655716	168573007	57040102	Math teaching kit
1379216618	136933	51131831	Emicizumab
1379268485	158502	50424006	Whole Green Peas (WFP food convention)
1385199212	1638588197	57555100	Emergency nutritional kits
1387920454	1490634665	25202802	Aeronautical Fixed Telecommunications Network (AFTN)
1388174696	199872	51113503	Venetoclax
1388217722	117442	43221735	Sistema de terminal de apertura muy pequeña (VSAT)
1389433923	1149613973	57070102	Logistic power supplies
1391498066	180706	51162104	Ethambutol/isoniazid/pyrazinamide/rifampicin
1391933958	101617	25191531	Equipo de terminal de uso común (CUTE)
1395023240	178664	50501721	Rice Soya Blend (WFP food convention) 
1396803909	107070	53101606	Unisex Sweatshirt
1397033358	117442	43221734	Equipo de comunicaciones satelitales
1400195338	101525	25132100	Unmanned aerial vehicle
1402701838	109652	92111615	Mine Action and ERW : Risk Education 
1404269358	180133	51172487	Magnesium hydroxide
1405464908	107537	25173110	Ayudas de Navegación por Tierra y Aterrizaje
1405723788	117442	43221736	Sistema COSPAS / SARSAT (sistema satelital de búsqueda y rescate completo)
1409500255	1317321542	57666200	Shelter emergency kits
1410590867	103903	41111528	Equipaje a escala, Cargo
1411025416	103459	39111626	Precision Approach Path Indicator System (Papi) 
1413392294	114853	42141507	Antiseptic Wipe with Alcohol & Chlorhexidine
1415237999	106884	52101517	Synthetic mat /carpet
1419968240	180713	51343820	Lamivudine/nevirapine/zidovudine
1429239013	181525876	42132303	Insectiside-treated fabric
1430013970	107753	46191624	Cilindro de Nitrógeno
1432622790	1337369221	57010101	Personal travel kits for UN staff
1435199737	107193	53131663	Baby&infant moisturizing cream
1435569439	180636	51143409	Caffeine/Dihydroergotamine/Paracetamol
1444790921	182938	51351637	Estradiol cypionate/medroxyprogesterone acetate
1449274319	107537	25173128	Baliza no direccional (baliza no direccional)
1456540836	103459	39111623	Airport Lighting Lamp 
1458232902	180393	51241565	Polyvinyl alcohol
1466494798	101617	25191551	Mobile ATA Control Tower
1469366443	180713	51343810	Darunavir/Cobicistat
1470980922	651932416	80141403	Creative fundraising services - Private Partnerships and Philanthropies
1473797645	106482	51111785	Pembrolizumab
1474558369	178664	50501710	Corn Soya Blend (WFP food convention)
1477962235	180133	51172486	Idursulfase
1481233063	178664	50501719	Lacto Soya Blend
1483131690	115834	42231812	Therapeutic Milk (WFP standard)
1483705647	178664	50501714	Super Cereal Plus (WFP food convention) 
1483954504	107753	46191625	Sistema de recarga de extintores
1485803113	59633994	86101402	Entrenamiento - Seguridad de la Aviación
1487953851	180619	51102905	Amodiaquine and pyrimethamine/sulfadoxine
1490634665	110722	25202800	Equipo de comunicaciones de datos aeronáuticos
1492382729	178664	50501725	Unilito (WFP food convention) 
1492697455	101719	25172614	Truck cover sheet
1494327545	923677887	78204008	E-Passport, Id, E-Health Services, Surveys, Planning & Studies (Aviation)
1499207794	1328619760	57060300	Office emergency kits
1503717906	1678275036	82111404	Servicios editoriales - Ruso
1504901790	106823	51191609	Sodium bicarbonate or sodium hydrogen carbonate
1505812795	101617	25191536	Sistemas automáticos de respuesta de investigación de vuelo
1509693293	104334	42271728	Connector biconical
1511131173	1850202521	45111402	Interpretation Equipment, Wireless  (Audio)
1519800554	104870	43211733	Validador de pasajes aéreos
1520127409	180713	51343811	Emtricitabine/Tenofovir Alafenamide/Bictegravir
1521757941	923677887	78204012	Airport Operations Readiness 
1521908953	181482	51132308	Idarucizumab
1524702749	107537	25173132	Direction Finding Equipment, Accessories 
1526299727	1400195338	25132101	Agricultural drone
1533333488	923677887	78204006	ANS & ATM Software Maintenance/Development Services (Aviation)
1535468501	106409	51281518	Bedaquiline
1535530814	101456	25101945	Scrubber, Runway 
1543661479	651932416	80141402	Creative fundraising services - Individual Giving
1544613523	1328619760	57060200	Shelter emergency kits
1545410077	651932416	80141409	Donor retention services
1546009146	651932416	80141405	Direct marketing/mailing specific to fundraising
1552356965	116244	42293529	Suction pump, manual
1553203620	158498	50221305	Sorghum Flour (WFP food convention)
1555779838	101617	25191530	Sistema de gestión de vuelo del aeropuerto
1556023468	179094	51112035	Alectinib 
1558152156	117442	43221748	Transceptor VHF, canal UHF único y multicanal
1561570961	107537	25173115	Sensor de navegación
1561717853	1029315534	57080100	Emergency IT equipment kits
1567857519	875091572	57050202	Immediate response ration (IRR)
1572574109	106870	51172340	Calcium folinate
1581130661	102533	95141714	Flooring system Mobile Storage Unit (MSU)
1591684796	102541	95141804	Emergency Shelter Kit
1592423837	202291	81102810	Counter improvised explosive device IED training
1594284716	101617	25191534	Sistemas de manejo de equipaje y carga
1595710094	101617	25191549	Sistema de visualización de información de vuelo (FIDS)
1598226351	1337369221	57010102	Field Kits for UN staff
1599231818	106828	51191806	Potassium bicarbonate/Potassium bitartrate
1607969076	112934	81112223	Publicación de software de administración de bases
1610844705	180706	51162106	Ethambutol/isoniazid/pyrazinamide/rifampicin
1617251257	116244	42293528	Suction pump, electrical
1619113547	103632	41151500	Clinical laboratory and toxicology testing systems, components, and supplies
1619583318	101726	25172805	Unidad de servicio hidráulico
1626013146	101617	25191548	Sistemas de entrenamiento de Navaids
1627052441	105376	46151509	Ballistic/Fragmentation Equipment
1636496924	106482	51111782	Obinutuzumab
1636500245	180706	51162107	Isoniazid/rifapentine
1638133502	108655	78141510	Flete incluyendo los seguros 
1647919338	762803891	57040301	Early childhood development kit
1654384682	1769071149	57030105	Emergency health kit
1655783379	1699154932	57040000	Educational or recreational items
1657194122	884883204	25202910	Tiras de progreso de vuelo
1661641716	115834	42231815	Ready-to-use Food for Children (UNICEF/WFP standard)
1662428219	143957	51241143	Travoprost ophthalmic solution
1662992936	103903	41111531	Cargo scale
1663325671	884883204	25202905	Equipo automático de servicio de información de terminal (ATIS)
1664197531	107537	25173114	Sistema de Satélites de Navegación Global Digital de Muy Alta Frecuencia (VHF) (GGNSS) Enlace de datos
1667141212	1678275036	82111401	Servicios editoriales - Inglés
1667187086	1699154932	57030000	Humanitarian health supplies
1667818591	180393	51241560	Levobunolol/polyvinyl alcohol
1678163907	923677887	78204001	Aviation Security Services
1678275036	107385	82111400	Servicios de redacción y redacción específicos del idioma
1683538735	182830	51341806	Sofosbuvir
1687821788	1733359315	78202000	Flight Calibration Services
1692414969	117442	43221743	Transmisores UHF y equipo asociado
1694847854	101438	25101615	Swap truck chassis/Platform lifting system truck
1696825207	182938	51351635	Conjugated estrogens/medroxyprogesterone acetate
1699154932	107	57000000	Humanitarian Relief Items, Kits, or Accessories
1709112825	1678275036	82111406	Servicios editoriales - Chino
1709430418	59633994	86101409	Curso de entrenamiento - Vuelo
1711143905	100758	14111546	Ballot paper
1712879045	59633994	86101418	Training, Technical: Crew Resource Management, Emergency Procedures, Dangerous Goods
1714871323	105382	46151610	Tarjeta de identificación Consumibles
1718460475	179094	51112029	Abemaciclib
1721610319	109398	86101719	Training - Finance 
1721948408	59633994	86101404	Entrenamiento - Iluminación del aeródromo
1723230031	133084	24112603	Water distribution kit
1723835502	178421	24102403	Industrial shredder
1725511875	102511	30181518	Distribution Water Stand with Taps
1727557860	886142200	85472700	Meninges arachnoid space protective membranes-open approach
1727689957	200360	51202417	Golimumab
1732597548	180673	51241660	Allantoin/clioquinol/coal tar
1733359315	107357	78200000	Aviation-Related Services And Consultancy
1734710664	101617	25191553	Cart, Baggage - Accessories
1745978467	1765550748	81162100	Cloud-based platform as a service
1749935425	101274	24101663	Container handler/Side loader
1756791982	117442	43221749	Equipo celular
1757423749	107193	53131664	Baby body wash
1760688736	104203	41114430	Sistema de rango visual de pista
1763421482	101783	26111614	Petrol generator
1764233142	1544613523	57060201	Jerry cans
1765550748	145204	81162000	Cloud-based software as a service
1769071149	1667187086	57030100	Health emergency kits
1769919672	59633994	86101410	Curso de entrenamiento - Vuelo (helicóptero)
1772651108	103459	39111622	Runway and Taxiway Lighting System 
1773973086	651932416	80141411	Legacy marketing
1774234481	115981	42271517	Colorimetric End Tidal CO2 detector
1784286459	117442	43221742	Transmisor VHF / VDL, AM
1791605575	923677887	78204016	Systems Integrators (Aviation)
1792350492	136585	53103005	Unisex tshirts
1794997173	116424	42295484	Biliary stone dislodgers
1795948255	200360	51202416	Daratumumab
1803132786	117442	43221738	Transmisor de localización de emergencia (ELT)
1803320749	182862	51342715	Peginterferon alfa-2a
1805942548	101283	24101751	Transportador de equipaje
1806757895	1561717853	57080101	Emergency telecommunications equipment
1806767550	178664	50501724	Nutrimix (WFP food convention) 
1806971239	103932	41111771	Decibel Meter 
1807044519	107193	53131667	Baby bath tub
1811464095	142927	22101909	Máquina de purín
1820303875	1769071149	57030106	Epidemy health kit
1821174962	180713	51343821	Lopinavir/ritonavir
1831424886	100931	21101810	Spare parts and accessories for dispersing and spraying appliances for agriculture
1833599584	180713	51343814	Lopinavir/ritonavir
1833985267	101680	25181614	Swap body/Platform lifting system module
1834074687	105406	46171643	Detector de vapor explosivo
1836169994	114935	42142628	Syringe Luer slip
1837616367	107537	25173127	Baliza no direccional (NDB) y equipo asociado
1839045396	923677887	78204007	Wgs84 Survey And Pans/Ops Procedure Services
1840692411	1888362165	57050301	Therapeutic feeding kit
1840963638	103459	39111628	Luz de inundación
1842718356	208621422	57060102	Winter clothing kit for adults
1846728907	178664	50501709	Micronutrition Powder (WFP food convention)
1847142564	105406	46171650	Equipos de inspección de vuelo (aerotransportados y terrestres)
1850202521	105268	45111400	Classroom And Language Laboratory Equipment & Interpretation Systems
1850426635	180133	51172484	Iduronidase
1851807656	104899	43212118	Impresora de banda
1852004571	180713	51343812	Glecaprevir/Pibrentasvir
1852253060	181525876	42132302	Non-insecticide treated bed net
1853485811	180243	51162040	Beclometasone dipropionate/Formoterol fumarate/Glycopyrronium bromide
1855628599	158498	50221307	Cassava Flour
1856308787	168573007	57040101	Adolescent kit
1856981339	178664	50501722	Wheat Soya Blend (WFP food convention) 
1857380753	1544613523	57060208	Family kit
1859807819	59633994	86101408	Entrenamiento - Sistemas Meteorológicos
1861329914	106833	51201580	Ixekizumab
1867312015	179094	51112088	Acalabrutinib
1867857841	181067	51285005	Amoxicillin trihydrate/Potassium clavulanate
1868303018	107537	25173131	Buscador de dirección Doppler
1869438879	178664	50501727	Supplementary Nursing/Feeding Kit (WFP food convention)
1870730754	159165	50425610	Potato Flakes/Granules (WFP food convention)
1873845046	137081	51201831	Lipegfilgrastim
1874576484	181022	51192318	Potassium chloride/Sodium chloride/Dextrose/Sodium citrate
1876543618	101525	25131400	Aeronaves de seguridad y rescate
1878815184	158606	50421854	Horse Beans (WFP food convention)
1880045498	101526	25131513	Avión, inspección de vuelo (totalmente equipado)
1884074516	158606	50421853	Habes Beans (WFP food convention)
1885552784	180539	51434958	Amlodipine besilate/Irbesartan
1888362165	573560438	57050300	Food emergency kits
1894043459	117280	43191635	Auriculares con micrófono
1894249023	101726	25172804	Motor hidraulico
1897195136	107193	53131652	Personal Hygiene kit for Newborn Infants
1901621482	117442	43221744	Receptores de VHF y equipo asociado
1901948466	136933	51131834	Phytomenadione or phylloquinone
1911160686	115834	42231813	Supplementary Plumpy (WFP standard)
1911908784	573560438	57050100	Emergency nutritional kits
1917481391	136634	46151717	Indelible Ink
1917863765	1678275036	82111405	Servicios Editoriales - Árabe
1923271765	1027563191	57666300	Office emergency kits
1923854838	101617	25191547	Simuladores de control de tráfico aéreo (ATC)
1930927832	106491	51111878	Goserelin acetate
1940762842	1544613523	57060205	Sleeping mats
1941066146	179094	51112030	Ribociclib
1945394750	101666	25175200	Accesorios especializados para vehículos de seguridad y rescate
1950510577	180243	51162043	Ipratropium bromide/fenoterol hydrobromide
1957063854	106409	51281521	Pretomanid
1958685161	103459	39111621	Heliport Lighting Systems 
1959724485	117442	43221740	Equipo de Comunicaciones por Satélite
1962374710	183071	51362604	Pregabalin
1963467367	180713	51343828	Darunavir/Ritonavir
1963823479	115498	42192435	Isolation and Treatment Stretcher
1964873353	101526	25131512	Avión, Jet Widebody
1965361273	651932416	80141404	Digital media buying services
1965547558	136933	51131829	Anti-factor VIII coagulant complex
1972131121	159120	50425410	Split Yellow Peas (WFP food convention)
1978175982	113663	40174712	Threading Pipe Tool Kit
1989372992	179094	51112027	Regorafenib
1990952081	1544613523	57060206	Winterization kit for tent
1993859254	180713	51343827	Daclatasvir/Sofosbuvir
1995360035	180288	51102878	Isoniazid+Pyridoxine (Vitamin B6)+Sulfamethoxazole+Trimethoprim
2001070369	102533	95141715	Voting booth
2002913316	106169	50161816	Halawa / Halva
2003296252	105390	46161538	Sistema Follow Me Sign
2005060012	923677887	78204011	Airport Inspection And Certification 
2009446169	923677887	78204005	Safety Management Systems (Sms) Related Services (Aviation)
2019010135	106482	51111783	Brentuximab vedotin
2019925358	180619	51102910	Dihydroartemisinin/Piperaquine
2020515432	884883204	25202901	Estación de trabajo de controlador
2020743040	178664	50501726	Wheat Soya Milk (WFP food convention) 
2023369206	101342	24111825	Silos portátiles
2025057933	1027563191	57777100	Logistics emergency kits
2025587136	136933	51131830	Aprotinin/Fibrinogen+Calcium chloride/Thrombin
2028795753	59633994	86101413	Entrenamiento - Inspección de vuelo
2030663256	59633994	86101414	Entrenamiento - Procedimientos de diseño y construcción para instrumentos de vuelo
2032177919	59633994	86101419	Training - Ground Support Equipment Operation (On-Site)
2032732661	180868	51352436	Ethinylestradiol/cyproterone acetate 
2040765764	180713	51343808	Emtricitabine + Tenofovir Alafenamide + Dolutegravir
2041441383	923677887	78204014	Environmental Impact Studies - Airports
2044087770	109148	84121608	Payment gateway services
2045450555	1765550748	81162200	Cloud-based infrastructure as a service
2055544432	107537	25173133	Baliza de marcador de muy alta frecuencia (VHF) y equipo asociado
2055873582	104334	42271730	Oxgyen plant, pressure swing absorption (PSA)
2056136358	180083	51273950	Felypressin/prilocaine
2066163470	180713	51343822	Atazanavir/ritonavir
2068171605	181095	51461606	Soy flour/Polyvidone
2071855095	139187	43233513	Cloud-based data access and sharing software
2071865088	111014	43221533	Intercambio de Sucursal Automático Privado (PABX)
2078174573	1876543618	25131402	Aviones de rescate y lucha contra incendios, 3000 galones (12,000 litros)
2079283256	116767	41104933	PCR System
2079716194	105406	46171642	Sistema de detección de explosivos, Ctx
2081024387	179094	51112023	Ruxolitinib
2081177152	100188	10191708	Fumigation backpack
2086759739	109077	83111606	Radio Manual
2088425686	117442	43221747	Transceptor VHF, FM
2098480616	107537	25173135	Sistema de Posicionamiento Global Diferencial (DGPS) - Estación Terrena
2104400379	674757081	57020102	Humanitarian logistic delivery and warehousing
2109998674	106895	56101547	Folding table
2114099810	103632	41150000	Clinical laboratory and toxicology testing systems, components, and supplies
2117915608	651932416	80141408	Donor care services
2126264209	107537	25173112	Sistema satelital de navegación global digital (DGNSS) Sistema de aumentación de área local (LAAS)
2133036990	59633994	86101415	Entrenamiento - Mantenimiento de aeronaves
2137002045	447940749	57030303	Water distribution kit
2138314803	1769071149	57030109	Trauma and emergency surgery kit
2138640862	101526	25131511	Aeronave, Twin Engine
2140382544	107537	25173121	Sistema de medición de distancia (DME)
2147080441	181196	51192458	Calcium carbonate/calcium gluconate  lactate
